path,clip_id,split,x,y,w,h,s_px,f_px,distance_m,band
data/frames/A/000000.jpg,A,train,0.969598,0.447140,0.009632,0.008696,9.39,1483.64,315.95,far_200_400
data/frames/A/000000.jpg,A,train,0.555350,0.414520,0.008030,0.009049,9.77,1483.64,303.62,far_200_400
data/frames/A/000000.jpg,A,train,0.927458,0.451148,0.012292,0.012085,13.05,1483.64,227.35,far_200_400
data/frames/A/000000.jpg,A,train,0.597357,0.422402,0.009474,0.010117,10.93,1483.64,271.57,far_200_400
data/frames/A/000000.jpg,A,train,0.182689,0.453013,0.008395,0.008563,9.25,1483.64,320.85,far_200_400
data/frames/A/000000.jpg,A,train,0.359912,0.417664,0.008470,0.007718,8.34,1483.64,355.98,far_200_400
data/frames/A/000000.jpg,A,train,0.838187,0.418164,0.007236,0.009723,10.50,1483.64,282.58,far_200_400
data/frames/A/000000.jpg,A,train,0.619141,0.715278,0.013281,0.019444,21.00,1483.64,141.30,near_0_200
data/frames/A/000000.jpg,A,train,0.657813,0.720139,0.012500,0.015278,16.50,1483.64,179.83,near_0_200
data/frames/A/000015.jpg,A,train,0.952566,0.451277,0.012221,0.012149,13.12,1483.64,226.15,far_200_400
data/frames/A/000015.jpg,A,train,0.558376,0.442332,0.008341,0.009392,10.14,1483.64,292.53,far_200_400
data/frames/A/000015.jpg,A,train,0.208274,0.451719,0.009046,0.007764,8.39,1483.64,353.87,far_200_400
data/frames/A/000015.jpg,A,train,0.997128,0.447542,0.005384,0.010242,10.34,1483.64,287.05,far_200_400
data/frames/A/000015.jpg,A,train,0.810502,0.417561,0.007064,0.008472,9.15,1483.64,324.30,far_200_400
data/frames/A/000015.jpg,A,train,0.948931,0.429292,0.010275,0.011823,12.77,1483.64,232.38,far_200_400
data/frames/A/000015.jpg,A,train,0.332755,0.418251,0.008708,0.008411,9.08,1483.64,326.65,far_200_400
data/frames/A/000015.jpg,A,train,0.627836,0.444524,0.010556,0.008101,8.75,1483.64,339.15,far_200_400
data/frames/A/000015.jpg,A,train,0.906507,0.421337,0.008938,0.008357,9.03,1483.64,328.76,far_200_400
data/frames/A/000015.jpg,A,train,0.565212,0.423458,0.008905,0.011538,12.46,1483.64,238.12,far_200_400
data/frames/A/000015.jpg,A,train,0.971315,0.605883,0.006663,0.013040,12.79,1483.64,231.95,far_200_400
data/frames/A/000015.jpg,A,train,0.606641,0.709028,0.013281,0.020833,22.50,1483.64,131.88,near_0_200
data/frames/A/000015.jpg,A,train,0.644531,0.718056,0.015625,0.016667,18.00,1483.64,164.85,near_0_200
data/frames/A/000015.jpg,A,train,0.487500,0.060417,0.007812,0.020833,15.00,1483.64,197.83,near_0_200
data/frames/A/000030.jpg,A,train,0.977730,0.451285,0.011950,0.012307,13.29,1483.64,223.25,far_200_400
data/frames/A/000030.jpg,A,train,0.371776,0.417602,0.007622,0.007815,8.44,1483.64,351.56,far_200_400
data/frames/A/000030.jpg,A,train,0.233889,0.450537,0.008104,0.007916,8.55,1483.64,347.08,far_200_400
data/frames/A/000030.jpg,A,train,0.630361,0.717016,0.011585,0.013248,14.31,1483.64,207.39,far_200_400
data/frames/A/000030.jpg,A,train,0.783228,0.416355,0.007581,0.008278,8.94,1483.64,331.90,far_200_400
data/frames/A/000030.jpg,A,train,0.174445,0.447137,0.009035,0.008750,9.45,1483.64,314.00,far_200_400
data/frames/A/000030.jpg,A,train,0.655654,0.443587,0.010327,0.009392,10.14,1483.64,292.53,far_200_400
data/frames/A/000030.jpg,A,train,0.879296,0.420437,0.008192,0.009417,10.17,1483.64,291.76,far_200_400
data/frames/A/000030.jpg,A,train,0.964063,0.419444,0.029687,0.016667,18.00,1483.64,164.85,near_0_200
data/frames/A/000030.jpg,A,train,0.510156,0.975000,0.007812,0.030556,15.00,1483.64,197.83,near_0_200
data/frames/A/000030.jpg,A,train,0.594531,0.698611,0.012500,0.016667,18.00,1483.64,164.85,near_0_200
data/frames/A/000045.jpg,A,train,0.852377,0.418206,0.008300,0.009135,9.87,1483.64,300.76,far_200_400
data/frames/A/000045.jpg,A,train,0.277325,0.419802,0.008318,0.009261,10.00,1483.64,296.67,far_200_400
data/frames/A/000045.jpg,A,train,0.612675,0.441511,0.008469,0.009965,10.76,1483.64,275.71,far_200_400
data/frames/A/000045.jpg,A,train,0.891493,0.427848,0.009408,0.011737,12.68,1483.64,234.09,far_200_400
data/frames/A/000045.jpg,A,train,0.343998,0.417871,0.008006,0.008125,8.78,1483.64,338.15,far_200_400
data/frames/A/000045.jpg,A,train,0.259235,0.449975,0.008104,0.008300,8.96,1483.64,331.02,far_200_400
data/frames/A/000045.jpg,A,train,0.944660,0.419587,0.033396,0.019201,20.74,1483.64,143.09,near_0_200
data/frames/A/000045.jpg,A,train,0.755308,0.415576,0.008518,0.010060,10.86,1483.64,273.11,far_200_400
data/frames/A/000045.jpg,A,train,0.683171,0.443897,0.010342,0.009456,10.21,1483.64,290.55,far_200_400
data/frames/A/000045.jpg,A,train,0.616966,0.712142,0.011699,0.013062,14.11,1483.64,210.34,far_200_400
data/frames/A/000045.jpg,A,train,0.508984,0.921528,0.008594,0.029167,16.50,1483.64,179.83,near_0_200
data/frames/A/000045.jpg,A,train,0.582031,0.687500,0.015625,0.019444,21.00,1483.64,141.30,near_0_200
data/frames/A/000045.jpg,A,train,0.539062,0.442361,0.012500,0.012500,13.50,1483.64,219.80,far_200_400
data/frames/A/000045.jpg,A,train,0.241406,0.728472,0.009375,0.012500,13.50,1483.64,219.80,far_200_400
data/frames/A/000060.jpg,A,train,0.825615,0.417225,0.009376,0.009152,9.88,1483.64,300.21,far_200_400
data/frames/A/000060.jpg,A,train,0.603826,0.704204,0.010842,0.014104,15.23,1483.64,194.80,near_0_200
data/frames/A/000060.jpg,A,train,0.315196,0.418881,0.007815,0.008251,8.91,1483.64,332.99,far_200_400
data/frames/A/000060.jpg,A,train,0.639999,0.442354,0.009278,0.009282,10.02,1483.64,296.00,far_200_400
data/frames/A/000060.jpg,A,train,0.249499,0.420443,0.009179,0.009207,9.94,1483.64,298.41,far_200_400
data/frames/A/000060.jpg,A,train,0.727819,0.415990,0.007889,0.007777,8.40,1483.64,353.28,far_200_400
data/frames/A/000060.jpg,A,train,0.570762,0.677816,0.009415,0.017446,18.08,1483.64,164.15,near_0_200
data/frames/A/000060.jpg,A,train,0.710480,0.445042,0.010365,0.009804,10.59,1483.64,280.24,far_200_400
data/frames/A/000060.jpg,A,train,0.566321,0.444271,0.011327,0.008548,9.23,1483.64,321.42,far_200_400
data/frames/A/000060.jpg,A,train,0.924857,0.418703,0.031840,0.018521,20.00,1483.64,148.34,near_0_200
data/frames/A/000060.jpg,A,train,0.285313,0.449181,0.007758,0.008946,9.66,1483.64,307.12,far_200_400
data/frames/A/000060.jpg,A,train,0.505859,0.869444,0.013281,0.027778,25.50,1483.64,116.37,near_0_200
data/frames/A/000060.jpg,A,train,0.498828,0.952083,0.008594,0.026389,16.50,1483.64,179.83,near_0_200
data/frames/A/000060.jpg,A,train,0.862500,0.424306,0.007812,0.012500,13.50,1483.64,219.80,far_200_400
data/frames/A/000075.jpg,A,train,0.798738,0.417176,0.008239,0.007713,8.33,1483.64,356.21,far_200_400
data/frames/A/000075.jpg,A,train,0.700464,0.414407,0.008179,0.009706,10.48,1483.64,283.07,far_200_400
data/frames/A/000075.jpg,A,train,0.595645,0.444418,0.011298,0.008800,9.50,1483.64,312.21,far_200_400
data/frames/A/000075.jpg,A,train,0.905608,0.419158,0.032686,0.020218,21.84,1483.64,135.89,near_0_200
data/frames/A/000075.jpg,A,train,0.833362,0.424206,0.009306,0.008838,9.55,1483.64,310.87,far_200_400
data/frames/A/000075.jpg,A,train,0.970203,0.604946,0.006658,0.013266,12.78,1483.64,232.12,far_200_400
data/frames/A/000075.jpg,A,train,0.221031,0.422751,0.009458,0.008530,9.21,1483.64,322.10,far_200_400
data/frames/A/000075.jpg,A,train,0.286681,0.419945,0.008300,0.009681,10.46,1483.64,283.80,far_200_400
data/frames/A/000075.jpg,A,train,0.738672,0.443750,0.010156,0.015278,16.50,1483.64,179.83,near_0_200
data/frames/A/000075.jpg,A,train,0.503906,0.820139,0.009375,0.026389,18.00,1483.64,164.85,near_0_200
data/frames/A/000075.jpg,A,train,0.468359,0.279167,0.005469,0.011111,10.50,1483.64,282.58,far_200_400
data/frames/A/000075.jpg,A,train,0.450391,0.334722,0.007031,0.013889,13.50,1483.64,219.81,far_200_400
data/frames/A/000075.jpg,A,train,0.471875,0.112500,0.006250,0.011111,12.00,1483.64,247.28,far_200_400
data/frames/A/000090.jpg,A,train,0.673233,0.414901,0.008060,0.008686,9.38,1483.64,316.31,far_200_400
data/frames/A/000090.jpg,A,train,0.388119,0.417538,0.007055,0.007816,8.44,1483.64,351.52,far_200_400
data/frames/A/000090.jpg,A,train,0.407786,0.423985,0.009229,0.010115,10.92,1483.64,271.62,far_200_400
data/frames/A/000090.jpg,A,train,0.257559,0.420850,0.008844,0.008342,9.01,1483.64,329.35,far_200_400
data/frames/A/000090.jpg,A,train,0.771613,0.415964,0.008193,0.008066,8.71,1483.64,340.62,far_200_400
data/frames/A/000090.jpg,A,train,0.804415,0.423600,0.009741,0.008186,8.84,1483.64,335.63,far_200_400
data/frames/A/000090.jpg,A,train,0.336521,0.447389,0.008746,0.008879,9.59,1483.64,309.44,far_200_400
data/frames/A/000090.jpg,A,train,0.764733,0.445135,0.009840,0.009182,9.92,1483.64,299.22,far_200_400
data/frames/A/000090.jpg,A,train,0.282278,0.430098,0.009615,0.011873,12.82,1483.64,231.41,far_200_400
data/frames/A/000090.jpg,A,train,0.017879,0.462519,0.020038,0.009197,9.93,1483.64,298.74,far_200_400
data/frames/A/000090.jpg,A,train,0.980571,0.428759,0.009829,0.007768,8.39,1483.64,353.69,far_200_400
data/frames/A/000090.jpg,A,train,0.192457,0.424024,0.009007,0.007795,8.42,1483.64,352.47,far_200_400
data/frames/A/000090.jpg,A,train,0.503125,0.773611,0.014063,0.030556,27.00,1483.64,109.90,near_0_200
data/frames/A/000090.jpg,A,train,0.886719,0.416667,0.028125,0.019444,21.00,1483.64,141.30,near_0_200
data/frames/A/000090.jpg,A,train,0.484375,0.011111,0.007812,0.013889,15.00,1483.64,197.83,near_0_200
data/frames/A/000105.jpg,A,train,0.792211,0.445449,0.011113,0.010683,11.54,1483.64,257.18,far_200_400
data/frames/A/000105.jpg,A,train,0.645462,0.414317,0.008157,0.008756,9.46,1483.64,313.78,far_200_400
data/frames/A/000105.jpg,A,train,0.330116,0.440705,0.007943,0.008533,9.22,1483.64,321.98,far_200_400
data/frames/A/000105.jpg,A,train,0.040735,0.462091,0.020867,0.011001,11.88,1483.64,249.75,far_200_400
data/frames/A/000105.jpg,A,train,0.745261,0.415680,0.008979,0.009242,9.98,1483.64,297.28,far_200_400
data/frames/A/000105.jpg,A,train,0.948720,0.429657,0.009934,0.011804,12.75,1483.64,232.76,far_200_400
data/frames/A/000105.jpg,A,train,0.360510,0.418668,0.006475,0.008175,8.83,1483.64,336.08,far_200_400
data/frames/A/000105.jpg,A,train,0.376483,0.424908,0.010523,0.011209,12.11,1483.64,245.11,far_200_400
data/frames/A/000105.jpg,A,train,0.250251,0.429807,0.009135,0.010964,11.84,1483.64,250.59,far_200_400
data/frames/A/000105.jpg,A,train,0.163858,0.425119,0.008402,0.008622,9.31,1483.64,318.66,far_200_400
data/frames/A/000105.jpg,A,train,0.968073,0.423775,0.009329,0.008326,8.99,1483.64,329.99,far_200_400
data/frames/A/000105.jpg,A,train,0.721696,0.444671,0.008661,0.008685,9.38,1483.64,316.35,far_200_400
data/frames/A/000105.jpg,A,train,0.228557,0.422793,0.007855,0.007618,8.23,1483.64,360.66,far_200_400
data/frames/A/000105.jpg,A,train,0.867578,0.415972,0.028906,0.020833,22.50,1483.64,131.88,near_0_200
data/frames/A/000105.jpg,A,train,0.501563,0.731944,0.009375,0.027778,18.00,1483.64,164.85,near_0_200
data/frames/A/000105.jpg,A,train,0.546875,0.630556,0.014063,0.022222,24.00,1483.64,123.64,near_0_200
data/frames/A/000105.jpg,A,train,0.467969,0.337500,0.007812,0.016667,15.00,1483.64,197.83,near_0_200
data/frames/A/000105.jpg,A,train,0.361719,0.445833,0.009375,0.011111,12.00,1483.64,247.28,far_200_400
data/frames/A/000120.jpg,A,train,0.718335,0.415114,0.008568,0.010241,11.06,1483.64,268.28,far_200_400
data/frames/A/000120.jpg,A,train,0.916742,0.426125,0.008615,0.009597,10.36,1483.64,286.29,far_200_400
data/frames/A/000120.jpg,A,train,0.819704,0.445640,0.010878,0.010843,11.71,1483.64,253.39,far_200_400
data/frames/A/000120.jpg,A,train,0.361147,0.439949,0.008180,0.008487,9.17,1483.64,323.73,far_200_400
data/frames/A/000120.jpg,A,train,0.344747,0.425203,0.008666,0.009600,10.37,1483.64,286.20,far_200_400
data/frames/A/000120.jpg,A,train,0.941273,0.423673,0.010348,0.010457,11.29,1483.64,262.74,far_200_400
data/frames/A/000120.jpg,A,train,0.135112,0.427393,0.008042,0.009005,9.73,1483.64,305.11,far_200_400
data/frames/A/000120.jpg,A,train,0.745572,0.421813,0.007968,0.009265,10.01,1483.64,296.54,far_200_400
data/frames/A/000120.jpg,A,train,0.331866,0.419653,0.007358,0.009342,10.09,1483.64,294.10,far_200_400
data/frames/A/000120.jpg,A,train,0.386895,0.446823,0.008343,0.008503,9.18,1483.64,323.12,far_200_400
data/frames/A/000120.jpg,A,train,0.969514,0.604869,0.006985,0.013127,13.41,1483.64,221.25,far_200_400
data/frames/A/000120.jpg,A,train,0.850000,0.413889,0.028125,0.016667,18.00,1483.64,164.85,near_0_200
data/frames/A/000120.jpg,A,train,0.499609,0.693056,0.010156,0.027778,19.50,1483.64,152.17,near_0_200
data/frames/A/000120.jpg,A,train,0.467969,0.370833,0.006250,0.016667,12.00,1483.64,247.27,far_200_400
data/frames/A/000120.jpg,A,train,0.538672,0.613889,0.010156,0.016667,18.00,1483.64,164.85,near_0_200
data/frames/A/000135.jpg,A,train,0.846978,0.446342,0.011147,0.010860,11.73,1483.64,252.99,far_200_400
data/frames/A/000135.jpg,A,train,0.691495,0.414178,0.007657,0.008402,9.07,1483.64,327.00,far_200_400
data/frames/A/000135.jpg,A,train,0.552485,0.641600,0.008151,0.014940,15.65,1483.64,189.60,near_0_200
data/frames/A/000135.jpg,A,train,0.884865,0.427570,0.009512,0.013714,14.81,1483.64,200.34,far_200_400
data/frames/A/000135.jpg,A,train,0.391334,0.439360,0.007870,0.008749,9.45,1483.64,314.03,far_200_400
data/frames/A/000135.jpg,A,train,0.590807,0.414358,0.007413,0.008323,8.99,1483.64,330.11,far_200_400
data/frames/A/000135.jpg,A,train,0.412735,0.446518,0.009284,0.009671,10.44,1483.64,284.09,far_200_400
data/frames/A/000135.jpg,A,train,0.969390,0.604702,0.007059,0.013219,13.55,1483.64,218.93,far_200_400
data/frames/A/000135.jpg,A,train,0.170963,0.424935,0.007906,0.009298,10.04,1483.64,295.49,far_200_400
data/frames/A/000135.jpg,A,train,0.710776,0.444018,0.010883,0.009882,10.67,1483.64,278.03,far_200_400
data/frames/A/000135.jpg,A,train,0.830078,0.411806,0.030469,0.018056,19.50,1483.64,152.16,near_0_200
data/frames/A/000135.jpg,A,train,0.498047,0.654167,0.011719,0.025000,22.50,1483.64,131.88,near_0_200
data/frames/A/000135.jpg,A,train,0.535156,0.598611,0.010937,0.022222,21.00,1483.64,141.31,near_0_200
data/frames/A/000135.jpg,A,train,0.468359,0.404167,0.010156,0.019444,19.50,1483.64,152.17,near_0_200
data/frames/A/000135.jpg,A,train,0.471094,0.199306,0.007812,0.015278,15.00,1483.64,197.83,near_0_200
data/frames/A/000135.jpg,A,train,0.303125,0.420139,0.007812,0.015278,15.00,1483.64,197.83,near_0_200
data/frames/A/000135.jpg,A,train,0.046875,0.483333,0.034375,0.022222,24.00,1483.64,123.64,near_0_200
data/frames/A/000150.jpg,A,train,0.874360,0.446938,0.010082,0.009454,10.21,1483.64,290.62,far_200_400
data/frames/A/000150.jpg,A,train,0.563490,0.414817,0.007467,0.008991,9.71,1483.64,305.58,far_200_400
data/frames/A/000150.jpg,A,train,0.664827,0.413659,0.008530,0.009723,10.50,1483.64,282.58,far_200_400
data/frames/A/000150.jpg,A,train,0.077087,0.431013,0.009538,0.008880,9.59,1483.64,309.40,far_200_400
data/frames/A/000150.jpg,A,train,0.108011,0.458188,0.018835,0.010597,11.44,1483.64,259.27,far_200_400
data/frames/A/000150.jpg,A,train,0.809442,0.414855,0.032827,0.018292,19.76,1483.64,150.20,near_0_200
data/frames/A/000150.jpg,A,train,0.852849,0.425084,0.009548,0.009585,10.35,1483.64,286.64,far_200_400
data/frames/A/000150.jpg,A,train,0.063672,0.484722,0.032031,0.016667,18.00,1483.64,164.85,near_0_200
data/frames/A/000150.jpg,A,train,0.740234,0.443750,0.014844,0.018056,19.50,1483.64,152.16,near_0_200
data/frames/A/000150.jpg,A,train,0.471094,0.225694,0.007812,0.018056,15.00,1483.64,197.83,near_0_200
data/frames/A/000150.jpg,A,train,0.497656,0.618056,0.012500,0.022222,24.00,1483.64,123.64,near_0_200
data/frames/A/000150.jpg,A,train,0.530078,0.580556,0.007031,0.022222,13.50,1483.64,219.81,far_200_400
data/frames/A/000150.jpg,A,train,0.467578,0.438889,0.008594,0.019444,16.50,1483.64,179.83,near_0_200
data/frames/A/000165.jpg,A,train,0.638299,0.413460,0.008536,0.009803,10.59,1483.64,280.27,far_200_400
data/frames/A/000165.jpg,A,train,0.902032,0.446892,0.009944,0.009632,10.40,1483.64,285.24,far_200_400
data/frames/A/000165.jpg,A,train,0.820983,0.424018,0.009121,0.009071,9.80,1483.64,302.89,far_200_400
data/frames/A/000165.jpg,A,train,0.535640,0.413305,0.007448,0.012110,13.08,1483.64,226.88,far_200_400
data/frames/A/000165.jpg,A,train,0.247721,0.426442,0.010827,0.013269,14.33,1483.64,207.06,far_200_400
data/frames/A/000165.jpg,A,train,0.829647,0.446004,0.009224,0.009629,10.40,1483.64,285.33,far_200_400
data/frames/A/000165.jpg,A,train,0.447762,0.558640,0.006783,0.014923,13.02,1483.64,227.84,far_200_400
data/frames/A/000165.jpg,A,train,0.129908,0.456973,0.018495,0.011669,12.60,1483.64,235.45,far_200_400
data/frames/A/000165.jpg,A,train,0.767283,0.444882,0.010888,0.009216,9.95,1483.64,298.12,far_200_400
data/frames/A/000165.jpg,A,train,0.498437,0.582639,0.009375,0.023611,18.00,1483.64,164.85,near_0_200
data/frames/A/000165.jpg,A,train,0.527344,0.563194,0.010937,0.020833,21.00,1483.64,141.31,near_0_200
data/frames/A/000165.jpg,A,train,0.791406,0.412500,0.026562,0.013889,15.00,1483.64,197.82,near_0_200
data/frames/A/000165.jpg,A,train,0.467187,0.477778,0.006250,0.022222,12.00,1483.64,247.27,far_200_400
data/frames/A/000165.jpg,A,train,0.471484,0.250000,0.005469,0.011111,10.50,1483.64,282.58,far_200_400
data/frames/A/000165.jpg,A,train,0.085547,0.487500,0.032031,0.019444,21.00,1483.64,141.30,near_0_200
data/frames/A/000180.jpg,A,train,0.929017,0.448527,0.010724,0.009157,9.89,1483.64,300.04,far_200_400
data/frames/A/000180.jpg,A,train,0.796008,0.445937,0.010947,0.011071,11.96,1483.64,248.17,far_200_400
data/frames/A/000180.jpg,A,train,0.084829,0.431866,0.012638,0.012545,13.55,1483.64,219.01,far_200_400
data/frames/A/000180.jpg,A,train,0.216089,0.427355,0.009709,0.011614,12.54,1483.64,236.57,far_200_400
data/frames/A/000180.jpg,A,train,0.611433,0.413322,0.008618,0.009455,10.21,1483.64,290.58,far_200_400
data/frames/A/000180.jpg,A,train,0.447001,0.579305,0.006807,0.013886,13.07,1483.64,227.04,far_200_400
data/frames/A/000180.jpg,A,train,0.856045,0.446588,0.008841,0.008782,9.48,1483.64,312.85,far_200_400
data/frames/A/000180.jpg,A,train,0.102437,0.485829,0.035014,0.019348,20.90,1483.64,142.00,near_0_200
data/frames/A/000180.jpg,A,train,0.771875,0.411806,0.029687,0.018056,19.50,1483.64,152.16,near_0_200
data/frames/A/000180.jpg,A,train,0.494531,0.550000,0.012500,0.025000,24.00,1483.64,123.64,near_0_200
data/frames/A/000180.jpg,A,train,0.533203,0.590972,0.013281,0.023611,25.50,1483.64,116.37,near_0_200
data/frames/A/000180.jpg,A,train,0.467578,0.522917,0.008594,0.020833,16.50,1483.64,179.83,near_0_200
data/frames/A/000195.jpg,A,train,0.956012,0.449263,0.010922,0.009927,10.72,1483.64,276.77,far_200_400
data/frames/A/000195.jpg,A,train,0.823798,0.445944,0.010470,0.011063,11.95,1483.64,248.35,far_200_400
data/frames/A/000195.jpg,A,train,0.185599,0.428403,0.014082,0.013845,14.95,1483.64,198.45,near_0_200
data/frames/A/000195.jpg,A,train,0.584208,0.413696,0.008024,0.008769,9.47,1483.64,313.32,far_200_400
data/frames/A/000195.jpg,A,train,0.882637,0.447198,0.009640,0.008491,9.17,1483.64,323.58,far_200_400
data/frames/A/000195.jpg,A,train,0.052804,0.435459,0.009033,0.014297,15.44,1483.64,192.17,near_0_200
data/frames/A/000195.jpg,A,train,0.593721,0.422526,0.009527,0.009771,10.55,1483.64,281.19,far_200_400
data/frames/A/000195.jpg,A,train,0.805139,0.422647,0.009332,0.008612,9.30,1483.64,319.03,far_200_400
data/frames/A/000195.jpg,A,train,0.095324,0.453272,0.010597,0.009097,9.82,1483.64,302.02,far_200_400
data/frames/A/000195.jpg,A,train,0.073615,0.461079,0.010952,0.009011,9.73,1483.64,304.90,far_200_400
data/frames/A/000195.jpg,A,train,0.120163,0.485552,0.035460,0.018739,20.24,1483.64,146.62,near_0_200
data/frames/A/000195.jpg,A,train,0.753516,0.410417,0.028906,0.023611,25.50,1483.64,116.36,near_0_200
data/frames/A/000195.jpg,A,train,0.466406,0.565278,0.009375,0.022222,18.00,1483.64,164.85,near_0_200
data/frames/A/000195.jpg,A,train,0.494141,0.519444,0.013281,0.025000,25.50,1483.64,116.37,near_0_200
data/frames/A/000195.jpg,A,train,0.472266,0.306250,0.010156,0.018056,19.50,1483.64,152.17,near_0_200
data/frames/A/000210.jpg,A,train,0.983870,0.450177,0.010149,0.010162,10.97,1483.64,270.37,far_200_400
data/frames/A/000210.jpg,A,train,0.125969,0.452024,0.011335,0.009266,10.01,1483.64,296.51,far_200_400
data/frames/A/000210.jpg,A,train,0.539704,0.440872,0.010233,0.011485,12.40,1483.64,239.22,far_200_400
data/frames/A/000210.jpg,A,train,0.851967,0.446553,0.010435,0.010461,11.30,1483.64,262.64,far_200_400
data/frames/A/000210.jpg,A,train,0.909265,0.447201,0.008939,0.008717,9.41,1483.64,315.19,far_200_400
data/frames/A/000210.jpg,A,train,0.197967,0.453595,0.020181,0.011675,12.61,1483.64,235.33,far_200_400
data/frames/A/000210.jpg,A,train,0.159487,0.428096,0.007293,0.008766,9.47,1483.64,313.42,far_200_400
data/frames/A/000210.jpg,A,train,0.558239,0.415459,0.010276,0.011778,12.72,1483.64,233.27,far_200_400
data/frames/A/000210.jpg,A,train,0.777485,0.421120,0.009034,0.010070,10.88,1483.64,272.84,far_200_400
data/frames/A/000210.jpg,A,train,0.733984,0.411806,0.033594,0.023611,25.50,1483.64,116.36,near_0_200
data/frames/A/000210.jpg,A,train,0.493750,0.490972,0.010937,0.018056,19.50,1483.64,152.16,near_0_200
data/frames/A/000210.jpg,A,train,0.467187,0.613194,0.007812,0.026389,15.00,1483.64,197.83,near_0_200
data/frames/A/000210.jpg,A,train,0.139453,0.480556,0.033594,0.019444,21.00,1483.64,141.30,near_0_200
data/frames/A/000210.jpg,A,train,0.097656,0.463194,0.012500,0.009722,10.50,1483.64,282.60,far_200_400
data/frames/A/000210.jpg,A,train,0.441406,0.477778,0.009375,0.019444,18.00,1483.64,164.85,near_0_200
data/frames/A/000225.jpg,A,train,0.880230,0.446903,0.010020,0.010109,10.92,1483.64,271.79,far_200_400
data/frames/A/000225.jpg,A,train,0.936150,0.448158,0.009155,0.009143,9.87,1483.64,300.50,far_200_400
data/frames/A/000225.jpg,A,train,0.116838,0.436554,0.010002,0.010923,11.80,1483.64,251.53,far_200_400
data/frames/A/000225.jpg,A,train,0.155707,0.451026,0.009789,0.008141,8.79,1483.64,337.49,far_200_400
data/frames/A/000225.jpg,A,train,0.749718,0.420914,0.008868,0.009707,10.48,1483.64,283.04,far_200_400
data/frames/A/000225.jpg,A,train,0.220593,0.452837,0.019751,0.010809,11.67,1483.64,254.18,far_200_400
data/frames/A/000225.jpg,A,train,0.570760,0.438260,0.007890,0.009810,10.59,1483.64,280.07,far_200_400
data/frames/A/000225.jpg,A,train,0.120459,0.459168,0.009409,0.008033,8.68,1483.64,342.02,far_200_400
data/frames/A/000225.jpg,A,train,0.156250,0.477778,0.029687,0.016667,18.00,1483.64,164.85,near_0_200
data/frames/A/000225.jpg,A,train,0.494141,0.465278,0.005469,0.016667,10.50,1483.64,282.58,far_200_400
data/frames/A/000225.jpg,A,train,0.467187,0.666667,0.007812,0.027778,15.00,1483.64,197.83,near_0_200
data/frames/A/000225.jpg,A,train,0.215234,0.600694,0.007031,0.015278,13.50,1483.64,219.81,far_200_400
data/frames/A/000225.jpg,A,train,0.282422,0.509028,0.008594,0.012500,13.50,1483.64,219.80,far_200_400
data/frames/A/000225.jpg,A,train,0.714844,0.410417,0.028125,0.020833,22.50,1483.64,131.88,near_0_200
data/frames/A/000225.jpg,A,train,0.440234,0.495833,0.010156,0.019444,19.50,1483.64,152.17,near_0_200
data/frames/A/000240.jpg,A,train,0.963041,0.447732,0.009295,0.009104,9.83,1483.64,301.79,far_200_400
data/frames/A/000240.jpg,A,train,0.242315,0.452309,0.019275,0.010812,11.68,1483.64,254.11,far_200_400
data/frames/A/000240.jpg,A,train,0.601568,0.437673,0.009329,0.009789,10.57,1483.64,280.67,far_200_400
data/frames/A/000240.jpg,A,train,0.907859,0.447136,0.010566,0.009689,10.46,1483.64,283.57,far_200_400
data/frames/A/000240.jpg,A,train,0.083751,0.438966,0.009498,0.010727,11.59,1483.64,256.13,far_200_400
data/frames/A/000240.jpg,A,train,0.185511,0.449358,0.010639,0.010223,11.04,1483.64,268.75,far_200_400
data/frames/A/000240.jpg,A,train,0.399181,0.417743,0.007100,0.008381,9.05,1483.64,327.82,far_200_400
data/frames/A/000240.jpg,A,train,0.466797,0.719444,0.008594,0.022222,16.50,1483.64,179.83,near_0_200
data/frames/A/000240.jpg,A,train,0.505469,0.940278,0.009375,0.022222,18.00,1483.64,164.85,near_0_200
data/frames/A/000240.jpg,A,train,0.491797,0.434722,0.008594,0.019444,16.50,1483.64,179.83,near_0_200
data/frames/A/000240.jpg,A,train,0.471484,0.404167,0.010156,0.016667,18.00,1483.64,164.85,near_0_200
data/frames/A/000240.jpg,A,train,0.694141,0.408333,0.030469,0.016667,18.00,1483.64,164.85,near_0_200
data/frames/A/000240.jpg,A,train,0.518359,0.470139,0.008594,0.018056,16.50,1483.64,179.83,near_0_200
data/frames/A/000240.jpg,A,train,0.175781,0.478472,0.031250,0.009722,10.50,1483.64,282.60,far_200_400
data/frames/A/000255.jpg,A,train,0.935516,0.448679,0.010423,0.009972,10.77,1483.64,275.52,far_200_400
data/frames/A/000255.jpg,A,train,0.989724,0.448935,0.008103,0.008864,9.57,1483.64,309.96,far_200_400
data/frames/A/000255.jpg,A,train,0.371350,0.418883,0.007190,0.009244,9.98,1483.64,297.22,far_200_400
data/frames/A/000255.jpg,A,train,0.214910,0.448041,0.010373,0.008863,9.57,1483.64,309.99,far_200_400
data/frames/A/000255.jpg,A,train,0.631513,0.437275,0.007810,0.009071,9.80,1483.64,302.89,far_200_400
data/frames/A/000255.jpg,A,train,0.049985,0.439859,0.009401,0.008024,8.67,1483.64,342.41,far_200_400
data/frames/A/000255.jpg,A,train,0.983429,0.428208,0.009597,0.012303,13.29,1483.64,223.32,far_200_400
data/frames/A/000255.jpg,A,train,0.628428,0.420204,0.007781,0.009083,9.81,1483.64,302.49,far_200_400
data/frames/A/000255.jpg,A,train,0.263088,0.451982,0.016413,0.009660,10.43,1483.64,284.42,far_200_400
data/frames/A/000255.jpg,A,train,0.466797,0.775694,0.008594,0.020833,16.50,1483.64,179.83,near_0_200
data/frames/A/000255.jpg,A,train,0.491016,0.409722,0.008594,0.025000,16.50,1483.64,179.83,near_0_200
data/frames/A/000255.jpg,A,train,0.675781,0.409028,0.025000,0.020833,22.50,1483.64,131.88,near_0_200
data/frames/A/000255.jpg,A,train,0.471875,0.440972,0.007812,0.012500,13.50,1483.64,219.80,far_200_400
data/frames/A/000255.jpg,A,train,0.503906,0.872917,0.010937,0.020833,21.00,1483.64,141.31,near_0_200
data/frames/A/000255.jpg,A,train,0.190625,0.477778,0.034375,0.019444,21.00,1483.64,141.30,near_0_200
data/frames/A/000270.jpg,A,train,0.244227,0.446714,0.009340,0.008954,9.67,1483.64,306.84,far_200_400
data/frames/A/000270.jpg,A,train,0.955046,0.426075,0.008824,0.009531,10.29,1483.64,288.27,far_200_400
data/frames/A/000270.jpg,A,train,0.596438,0.420643,0.008349,0.009419,10.17,1483.64,291.70,far_200_400
data/frames/A/000270.jpg,A,train,0.963500,0.448930,0.010696,0.009282,10.02,1483.64,296.00,far_200_400
data/frames/A/000270.jpg,A,train,0.284421,0.451648,0.014739,0.010200,11.02,1483.64,269.36,far_200_400
data/frames/A/000270.jpg,A,train,0.344012,0.420162,0.007647,0.009126,9.86,1483.64,301.06,far_200_400
data/frames/A/000270.jpg,A,train,0.661876,0.436823,0.007699,0.009459,10.22,1483.64,290.46,far_200_400
data/frames/A/000270.jpg,A,train,0.467187,0.840278,0.006250,0.022222,12.00,1483.64,247.27,far_200_400
data/frames/A/000270.jpg,A,train,0.502734,0.816667,0.008594,0.022222,16.50,1483.64,179.83,near_0_200
data/frames/A/000270.jpg,A,train,0.490234,0.386111,0.008594,0.016667,16.50,1483.64,179.83,near_0_200
data/frames/A/000270.jpg,A,train,0.472656,0.479167,0.007812,0.016667,15.00,1483.64,197.83,near_0_200
data/frames/A/000270.jpg,A,train,0.513672,0.437500,0.007031,0.016667,13.50,1483.64,219.81,far_200_400
data/frames/A/000270.jpg,A,train,0.655469,0.409722,0.028125,0.016667,18.00,1483.64,164.85,near_0_200
data/frames/A/000270.jpg,A,train,0.208594,0.478472,0.034375,0.018056,19.50,1483.64,152.16,near_0_200
data/frames/A/000270.jpg,A,train,0.226562,0.570139,0.009375,0.018056,18.00,1483.64,164.85,near_0_200
data/frames/A/000285.jpg,A,train,0.309338,0.450876,0.019878,0.011482,12.40,1483.64,239.29,far_200_400
data/frames/A/000285.jpg,A,train,0.990829,0.450264,0.009508,0.009866,10.66,1483.64,278.48,far_200_400
data/frames/A/000285.jpg,A,train,0.927800,0.426173,0.008958,0.011928,12.88,1483.64,230.34,far_200_400
data/frames/A/000285.jpg,A,train,0.273682,0.446349,0.010497,0.009252,9.99,1483.64,296.96,far_200_400
data/frames/A/000285.jpg,A,train,0.066170,0.464072,0.009686,0.008507,9.19,1483.64,322.97,far_200_400
data/frames/A/000285.jpg,A,train,0.316495,0.420259,0.006327,0.008384,9.05,1483.64,327.70,far_200_400
data/frames/A/000285.jpg,A,train,0.271804,0.515500,0.008988,0.011004,11.88,1483.64,249.68,far_200_400
data/frames/A/000285.jpg,A,train,0.012168,0.436453,0.007645,0.009415,10.17,1483.64,291.82,far_200_400
data/frames/A/000285.jpg,A,train,0.638281,0.409722,0.029687,0.022222,24.00,1483.64,123.64,near_0_200
data/frames/A/000285.jpg,A,train,0.501953,0.759028,0.011719,0.018056,19.50,1483.64,152.16,near_0_200
data/frames/A/000285.jpg,A,train,0.466797,0.912500,0.007031,0.022222,13.50,1483.64,219.81,far_200_400
data/frames/A/000285.jpg,A,train,0.472266,0.520139,0.008594,0.020833,16.50,1483.64,179.83,near_0_200
data/frames/A/000285.jpg,A,train,0.488672,0.362500,0.010156,0.016667,18.00,1483.64,164.85,near_0_200
data/frames/A/000285.jpg,A,train,0.512109,0.414583,0.010156,0.020833,19.50,1483.64,152.17,near_0_200
data/frames/A/000285.jpg,A,train,0.472656,0.604861,0.007812,0.023611,15.00,1483.64,197.83,near_0_200
data/frames/A/000285.jpg,A,train,0.435937,0.559722,0.007812,0.019444,15.00,1483.64,197.83,near_0_200
data/frames/A/000300.jpg,A,train,0.397791,0.417950,0.007910,0.007994,8.63,1483.64,343.69,far_200_400
data/frames/A/000300.jpg,A,train,0.375597,0.426302,0.009887,0.009665,10.44,1483.64,284.27,far_200_400
data/frames/A/000300.jpg,A,train,0.433606,0.578103,0.005742,0.014715,11.02,1483.64,269.15,far_200_400
data/frames/A/000300.jpg,A,train,0.721733,0.437362,0.007253,0.008392,9.06,1483.64,327.39,far_200_400
data/frames/A/000300.jpg,A,train,0.330111,0.450321,0.018102,0.010324,11.15,1483.64,266.13,far_200_400
data/frames/A/000300.jpg,A,train,0.899904,0.424218,0.009187,0.009951,10.75,1483.64,276.10,far_200_400
data/frames/A/000300.jpg,A,train,0.616781,0.414504,0.033022,0.021068,22.75,1483.64,130.41,near_0_200
data/frames/A/000300.jpg,A,train,0.471875,0.568750,0.010937,0.023611,21.00,1483.64,141.31,near_0_200
data/frames/A/000300.jpg,A,train,0.498437,0.709722,0.009375,0.025000,18.00,1483.64,164.85,near_0_200
data/frames/A/000300.jpg,A,train,0.466406,0.981944,0.009375,0.025000,18.00,1483.64,164.85,near_0_200
data/frames/A/000300.jpg,A,train,0.289453,0.422222,0.010156,0.011111,12.00,1483.64,247.28,far_200_400
data/frames/A/000315.jpg,A,train,0.370903,0.418863,0.008387,0.010607,11.46,1483.64,259.02,far_200_400
data/frames/A/000315.jpg,A,train,0.342695,0.426795,0.008818,0.009210,9.95,1483.64,298.31,far_200_400
data/frames/A/000315.jpg,A,train,0.353340,0.448754,0.019090,0.010722,11.58,1483.64,256.25,far_200_400
data/frames/A/000315.jpg,A,train,0.121912,0.459852,0.008842,0.008860,9.57,1483.64,310.10,far_200_400
data/frames/A/000315.jpg,A,train,0.872185,0.423573,0.008390,0.009451,10.21,1483.64,290.71,far_200_400
data/frames/A/000315.jpg,A,train,0.751830,0.437894,0.007725,0.007930,8.56,1483.64,346.47,far_200_400
data/frames/A/000315.jpg,A,train,0.599219,0.406250,0.026562,0.023611,25.50,1483.64,116.36,near_0_200
data/frames/A/000315.jpg,A,train,0.496875,0.656944,0.007812,0.022222,15.00,1483.64,197.83,near_0_200
data/frames/A/000315.jpg,A,train,0.472266,0.612500,0.010156,0.025000,19.50,1483.64,152.17,near_0_200
data/frames/A/000315.jpg,A,train,0.473828,0.709722,0.008594,0.022222,16.50,1483.64,179.83,near_0_200
data/frames/A/000315.jpg,A,train,0.485547,0.320833,0.008594,0.025000,16.50,1483.64,179.83,near_0_200
data/frames/A/000315.jpg,A,train,0.255859,0.477778,0.030469,0.019444,21.00,1483.64,141.30,near_0_200
data/frames/A/000330.jpg,A,train,0.311022,0.427205,0.008865,0.008859,9.57,1483.64,310.13,far_200_400
data/frames/A/000330.jpg,A,train,0.781788,0.438445,0.008059,0.007931,8.57,1483.64,346.42,far_200_400
data/frames/A/000330.jpg,A,train,0.344488,0.419727,0.008972,0.009655,10.43,1483.64,284.57,far_200_400
data/frames/A/000330.jpg,A,train,0.844517,0.422153,0.008340,0.009780,10.56,1483.64,280.93,far_200_400
data/frames/A/000330.jpg,A,train,0.232666,0.424891,0.008455,0.008482,9.16,1483.64,323.92,far_200_400
data/frames/A/000330.jpg,A,train,0.280016,0.452120,0.010962,0.008135,8.79,1483.64,337.74,far_200_400
data/frames/A/000330.jpg,A,train,0.578906,0.406944,0.026562,0.019444,21.00,1483.64,141.30,near_0_200
data/frames/A/000330.jpg,A,train,0.485938,0.297917,0.012500,0.018056,19.50,1483.64,152.16,near_0_200
data/frames/A/000330.jpg,A,train,0.496875,0.616667,0.010937,0.025000,21.00,1483.64,141.31,near_0_200
data/frames/A/000330.jpg,A,train,0.471484,0.666667,0.011719,0.027778,22.50,1483.64,131.88,near_0_200
data/frames/A/000330.jpg,A,train,0.475000,0.772222,0.009375,0.022222,18.00,1483.64,164.85,near_0_200
data/frames/A/000330.jpg,A,train,0.270703,0.475000,0.032031,0.016667,18.00,1483.64,164.85,near_0_200
data/frames/A/000345.jpg,A,train,0.204911,0.425306,0.007920,0.009094,9.82,1483.64,302.12,far_200_400
data/frames/A/000345.jpg,A,train,0.278717,0.430076,0.008796,0.010583,11.43,1483.64,259.61,far_200_400
data/frames/A/000345.jpg,A,train,0.282604,0.480689,0.036446,0.020405,22.04,1483.64,134.65,near_0_200
data/frames/A/000345.jpg,A,train,0.317758,0.420109,0.008118,0.009165,9.90,1483.64,299.78,far_200_400
data/frames/A/000345.jpg,A,train,0.812167,0.439601,0.007086,0.007741,8.36,1483.64,354.93,far_200_400
data/frames/A/000345.jpg,A,train,0.817198,0.422555,0.008439,0.009844,10.63,1483.64,279.10,far_200_400
data/frames/A/000345.jpg,A,train,0.560547,0.407639,0.028906,0.015278,16.50,1483.64,179.83,near_0_200
data/frames/A/000345.jpg,A,train,0.472656,0.715972,0.010937,0.023611,21.00,1483.64,141.31,near_0_200
data/frames/A/000345.jpg,A,train,0.475000,0.834722,0.006250,0.025000,12.00,1483.64,247.27,far_200_400
data/frames/A/000345.jpg,A,train,0.466406,0.839583,0.006250,0.020833,12.00,1483.64,247.27,far_200_400
data/frames/A/000345.jpg,A,train,0.493750,0.572917,0.007812,0.012500,13.50,1483.64,219.80,far_200_400
data/frames/A/000345.jpg,A,train,0.485156,0.276389,0.009375,0.022222,18.00,1483.64,164.85,near_0_200
data/frames/A/000360.jpg,A,train,0.402984,0.424015,0.009094,0.009523,10.28,1483.64,288.51,far_200_400
data/frames/A/000360.jpg,A,train,0.416962,0.444528,0.012424,0.016834,18.18,1483.64,163.21,near_0_200
data/frames/A/000360.jpg,A,train,0.789122,0.423773,0.010770,0.013376,14.45,1483.64,205.40,far_200_400
data/frames/A/000360.jpg,A,train,0.177019,0.427640,0.007870,0.007594,8.20,1483.64,361.80,far_200_400
data/frames/A/000360.jpg,A,train,0.476953,0.905556,0.008594,0.022222,16.50,1483.64,179.83,near_0_200
data/frames/A/000360.jpg,A,train,0.473828,0.779861,0.008594,0.023611,16.50,1483.64,179.83,near_0_200
data/frames/A/000360.jpg,A,train,0.540234,0.406250,0.027344,0.020833,22.50,1483.64,131.88,near_0_200
data/frames/A/000360.jpg,A,train,0.471484,0.672222,0.005469,0.025000,10.50,1483.64,282.58,far_200_400
data/frames/A/000360.jpg,A,train,0.787109,0.443056,0.010156,0.008333,9.00,1483.64,329.71,far_200_400
data/frames/A/000360.jpg,A,train,0.507422,0.379167,0.008594,0.013889,15.00,1483.64,197.82,near_0_200
data/frames/A/000360.jpg,A,train,0.484375,0.259028,0.009375,0.018056,18.00,1483.64,164.85,near_0_200
data/frames/A/000375.jpg,A,train,0.370289,0.426350,0.008956,0.012115,13.08,1483.64,226.78,far_200_400
data/frames/A/000375.jpg,A,train,0.872059,0.439973,0.006822,0.007445,8.04,1483.64,369.04,far_200_400
data/frames/A/000375.jpg,A,train,0.466406,0.975694,0.007812,0.026389,15.00,1483.64,197.83,near_0_200
data/frames/A/000375.jpg,A,train,0.477344,0.986111,0.004687,0.019444,9.00,1483.64,329.73,far_200_400
data/frames/A/000375.jpg,A,train,0.475000,0.841667,0.010937,0.025000,21.00,1483.64,141.31,near_0_200
data/frames/A/000375.jpg,A,train,0.761328,0.418056,0.011719,0.013889,15.00,1483.64,197.82,near_0_200
data/frames/A/000390.jpg,A,train,0.902606,0.440495,0.007425,0.007731,8.35,1483.64,355.38,far_200_400
data/frames/A/000390.jpg,A,train,0.734008,0.420792,0.007689,0.009803,10.59,1483.64,280.27,far_200_400
data/frames/A/000390.jpg,A,train,0.120485,0.430697,0.008196,0.009322,10.07,1483.64,294.73,far_200_400
data/frames/A/000390.jpg,A,train,0.337950,0.426208,0.008121,0.010217,11.03,1483.64,268.91,far_200_400
data/frames/A/000390.jpg,A,train,0.236022,0.425062,0.008575,0.009215,9.95,1483.64,298.15,far_200_400
data/frames/A/000390.jpg,A,train,0.370080,0.450323,0.009734,0.007977,8.62,1483.64,344.42,far_200_400
data/frames/A/000390.jpg,A,train,0.473828,0.915972,0.010156,0.023611,19.50,1483.64,152.17,near_0_200
data/frames/A/000390.jpg,A,train,0.473047,0.789583,0.008594,0.018056,16.50,1483.64,179.83,near_0_200
data/frames/A/000390.jpg,A,train,0.403125,0.678472,0.007812,0.015278,15.00,1483.64,197.83,near_0_200
data/frames/A/000405.jpg,A,train,0.932754,0.440820,0.007873,0.008523,9.20,1483.64,322.36,far_200_400
data/frames/A/000405.jpg,A,train,0.706973,0.420111,0.008323,0.009237,9.98,1483.64,297.44,far_200_400
data/frames/A/000405.jpg,A,train,0.208684,0.426128,0.008117,0.008835,9.54,1483.64,310.98,far_200_400
data/frames/A/000405.jpg,A,train,0.402785,0.423292,0.008425,0.009187,9.92,1483.64,299.06,far_200_400
data/frames/A/000405.jpg,A,train,0.393007,0.449120,0.009536,0.008105,8.75,1483.64,338.99,far_200_400
data/frames/A/000405.jpg,A,train,0.147037,0.437861,0.008967,0.010455,11.29,1483.64,262.79,far_200_400
data/frames/A/000405.jpg,A,train,0.305000,0.427356,0.008607,0.009548,10.31,1483.64,287.75,far_200_400
data/frames/A/000405.jpg,A,train,0.860422,0.446658,0.007567,0.008744,9.44,1483.64,314.21,far_200_400
data/frames/A/000405.jpg,A,train,0.476172,0.988889,0.008594,0.016667,16.50,1483.64,179.83,near_0_200
data/frames/A/000405.jpg,A,train,0.474609,0.854167,0.010156,0.025000,19.50,1483.64,152.17,near_0_200
data/frames/A/000405.jpg,A,train,0.481641,0.206250,0.007031,0.018056,13.50,1483.64,219.81,far_200_400
data/frames/A/000420.jpg,A,train,0.114054,0.437889,0.008772,0.009570,10.34,1483.64,287.09,far_200_400
data/frames/A/000420.jpg,A,train,0.530560,0.438060,0.009961,0.009113,9.84,1483.64,301.49,far_200_400
data/frames/A/000420.jpg,A,train,0.885080,0.447158,0.007758,0.008377,9.05,1483.64,327.98,far_200_400
data/frames/A/000420.jpg,A,train,0.063351,0.435705,0.009400,0.009527,10.29,1483.64,288.39,far_200_400
data/frames/A/000420.jpg,A,train,0.181243,0.428168,0.008945,0.009008,9.73,1483.64,305.00,far_200_400
data/frames/A/000420.jpg,A,train,0.311291,0.451560,0.008168,0.007766,8.39,1483.64,353.78,far_200_400
data/frames/A/000420.jpg,A,train,0.475781,0.924306,0.006250,0.023611,12.00,1483.64,247.27,far_200_400
data/frames/A/000420.jpg,A,train,0.482031,0.188889,0.006250,0.019444,12.00,1483.64,247.27,far_200_400
data/frames/A/000420.jpg,A,train,0.372656,0.421528,0.010937,0.012500,13.50,1483.64,219.80,far_200_400
data/frames/A/000435.jpg,A,train,0.559331,0.437438,0.009853,0.010027,10.83,1483.64,274.01,far_200_400
data/frames/A/000435.jpg,A,train,0.651676,0.420508,0.008725,0.009676,10.45,1483.64,283.95,far_200_400
data/frames/A/000435.jpg,A,train,0.034135,0.436317,0.008093,0.008669,9.36,1483.64,316.93,far_200_400
data/frames/A/000435.jpg,A,train,0.238988,0.430845,0.008998,0.009091,9.82,1483.64,302.22,far_200_400
data/frames/A/000435.jpg,A,train,0.153358,0.429497,0.008942,0.009564,10.33,1483.64,287.27,far_200_400
data/frames/A/000435.jpg,A,train,0.910109,0.447767,0.008087,0.009060,9.78,1483.64,303.25,far_200_400
data/frames/A/000435.jpg,A,train,0.480859,0.173611,0.008594,0.016667,16.50,1483.64,179.83,near_0_200
data/frames/A/000435.jpg,A,train,0.442188,0.590972,0.006250,0.018056,12.00,1483.64,247.27,far_200_400
data/frames/A/000435.jpg,A,train,0.371875,0.721528,0.009375,0.012500,13.50,1483.64,219.80,far_200_400
data/frames/A/000450.jpg,A,train,0.588181,0.437226,0.010176,0.008832,9.54,1483.64,311.08,far_200_400
data/frames/A/000450.jpg,A,train,0.934815,0.447720,0.008753,0.008651,9.34,1483.64,317.59,far_200_400
data/frames/A/000450.jpg,A,train,0.363944,0.449727,0.008649,0.008287,8.95,1483.64,331.54,far_200_400
data/frames/A/000450.jpg,A,train,0.551169,0.444421,0.019051,0.010925,11.80,1483.64,251.49,far_200_400
data/frames/A/000450.jpg,A,train,0.623505,0.420631,0.009086,0.009237,9.98,1483.64,297.44,far_200_400
data/frames/A/000450.jpg,A,train,0.005789,0.439058,0.008498,0.009289,10.03,1483.64,295.78,far_200_400
data/frames/A/000450.jpg,A,train,0.125960,0.431180,0.009177,0.010078,10.88,1483.64,272.62,far_200_400
data/frames/A/000450.jpg,A,train,0.421875,0.414583,0.020313,0.012500,13.50,1483.64,219.80,far_200_400
data/frames/A/000450.jpg,A,train,0.480469,0.156250,0.009375,0.015278,16.50,1483.64,179.83,near_0_200
data/frames/A/000450.jpg,A,train,0.506641,0.990972,0.010156,0.012500,13.50,1483.64,219.80,far_200_400
data/frames/B/000000.jpg,B,train,0.481302,0.723252,0.010323,0.018623,39.64,2967.28,149.71,near_0_200
data/frames/B/000000.jpg,B,train,0.483203,0.640972,0.010156,0.018056,39.00,2967.28,152.17,near_0_200
data/frames/B/000000.jpg,B,train,0.171094,0.604861,0.015625,0.015278,33.00,2967.28,179.83,near_0_200
data/frames/B/000000.jpg,B,train,0.051953,0.611111,0.017969,0.016667,36.00,2967.28,164.85,near_0_200
data/frames/B/000012.jpg,B,train,0.041016,0.615278,0.021094,0.011111,24.00,2967.28,247.28,far_200_400
data/frames/B/000012.jpg,B,train,0.162109,0.609722,0.014844,0.011111,24.00,2967.28,247.28,far_200_400
data/frames/B/000012.jpg,B,train,0.480469,0.716667,0.009375,0.019444,36.00,2967.28,164.85,near_0_200
data/frames/B/000012.jpg,B,train,0.481250,0.637500,0.010937,0.025000,42.00,2967.28,141.31,near_0_200
data/frames/B/000024.jpg,B,train,0.032475,0.623338,0.021557,0.011279,24.36,2967.28,243.59,far_200_400
data/frames/B/000024.jpg,B,train,0.155302,0.615763,0.018543,0.012464,26.92,2967.28,220.43,far_200_400
data/frames/B/000024.jpg,B,train,0.480469,0.709722,0.010937,0.022222,42.00,2967.28,141.31,near_0_200
data/frames/B/000024.jpg,B,train,0.481641,0.631250,0.008594,0.018056,33.00,2967.28,179.83,near_0_200
data/frames/B/000036.jpg,B,train,0.020834,0.629401,0.024801,0.013140,28.38,2967.28,209.09,far_200_400
data/frames/B/000036.jpg,B,train,0.480469,0.636111,0.014063,0.022222,48.00,2967.28,123.64,near_0_200
data/frames/B/000036.jpg,B,train,0.480469,0.709028,0.012500,0.026389,48.00,2967.28,123.64,near_0_200
data/frames/B/000048.jpg,B,train,0.139468,0.627533,0.018231,0.013156,28.42,2967.28,208.84,far_200_400
data/frames/B/000048.jpg,B,train,0.480859,0.629167,0.010156,0.025000,39.00,2967.28,152.17,near_0_200
data/frames/B/000048.jpg,B,train,0.480078,0.706250,0.014844,0.023611,51.00,2967.28,116.36,near_0_200
data/frames/B/000060.jpg,B,train,0.481641,0.629861,0.010156,0.023611,39.00,2967.28,152.17,near_0_200
data/frames/B/000060.jpg,B,train,0.481641,0.702083,0.011719,0.023611,45.00,2967.28,131.88,near_0_200
data/frames/B/000060.jpg,B,train,0.130469,0.633333,0.020313,0.016667,36.00,2967.28,164.85,near_0_200
data/frames/B/000060.jpg,B,train,0.007031,0.638194,0.007812,0.020833,30.00,2967.28,197.83,near_0_200
data/frames/B/000072.jpg,B,train,0.122550,0.641440,0.018722,0.013335,28.80,2967.28,206.04,far_200_400
data/frames/B/000072.jpg,B,train,0.480859,0.625000,0.011719,0.016667,36.00,2967.28,164.85,near_0_200
data/frames/B/000072.jpg,B,train,0.480078,0.700694,0.013281,0.023611,51.00,2967.28,116.37,near_0_200
data/frames/B/000084.jpg,B,train,0.480469,0.627083,0.010937,0.020833,42.00,2967.28,141.31,near_0_200
data/frames/B/000084.jpg,B,train,0.479297,0.690278,0.014844,0.025000,54.00,2967.28,109.90,near_0_200
data/frames/B/000096.jpg,B,train,0.478906,0.623611,0.012500,0.025000,48.00,2967.28,123.64,near_0_200
data/frames/B/000096.jpg,B,train,0.478906,0.690278,0.014063,0.027778,54.00,2967.28,109.90,near_0_200
data/frames/B/000108.jpg,B,train,0.092671,0.665343,0.020041,0.013968,30.17,2967.28,196.70,near_0_200
data/frames/B/000108.jpg,B,train,0.477344,0.687500,0.010937,0.027778,42.00,2967.28,141.31,near_0_200
data/frames/B/000108.jpg,B,train,0.481641,0.625694,0.014844,0.031944,57.00,2967.28,104.11,near_0_200
data/frames/B/000120.jpg,B,train,0.477788,0.683984,0.009468,0.016571,35.79,2967.28,165.80,near_0_200
data/frames/B/000120.jpg,B,train,0.081446,0.673549,0.020066,0.015116,32.65,2967.28,181.76,near_0_200
data/frames/B/000120.jpg,B,train,0.479297,0.620833,0.008594,0.016667,33.00,2967.28,179.83,near_0_200
data/frames/B/000132.jpg,B,train,0.476562,0.617361,0.014063,0.023611,51.00,2967.28,116.36,near_0_200
data/frames/B/000132.jpg,B,train,0.479297,0.680556,0.013281,0.019444,42.00,2967.28,141.30,near_0_200
data/frames/B/000144.jpg,B,train,0.478279,0.677689,0.009669,0.017263,37.13,2967.28,159.84,near_0_200
data/frames/B/000144.jpg,B,train,0.478125,0.621528,0.010937,0.023611,42.00,2967.28,141.31,near_0_200
data/frames/B/000156.jpg,B,train,0.478125,0.620833,0.012500,0.022222,48.00,2967.28,123.64,near_0_200
data/frames/B/000156.jpg,B,train,0.476953,0.670139,0.017969,0.034722,69.00,2967.28,86.01,near_0_200
data/frames/B/000168.jpg,B,train,0.478125,0.618750,0.009375,0.015278,33.00,2967.28,179.83,near_0_200
data/frames/B/000168.jpg,B,train,0.476953,0.674306,0.011719,0.026389,45.00,2967.28,131.88,near_0_200
data/frames/B/000180.jpg,B,train,0.477283,0.670436,0.010006,0.016920,36.55,2967.28,162.38,near_0_200
data/frames/B/000180.jpg,B,train,0.476953,0.621528,0.007031,0.015278,27.00,2967.28,219.81,far_200_400
data/frames/B/000192.jpg,B,train,0.475391,0.666667,0.013281,0.022222,48.00,2967.28,123.64,near_0_200
data/frames/B/000192.jpg,B,train,0.476953,0.620139,0.008594,0.018056,33.00,2967.28,179.83,near_0_200
data/frames/B/000204.jpg,B,train,0.476562,0.621528,0.007812,0.023611,30.00,2967.28,197.83,near_0_200
data/frames/B/000204.jpg,B,train,0.475781,0.663889,0.012500,0.022222,48.00,2967.28,123.64,near_0_200
data/frames/B/000216.jpg,B,train,0.475391,0.622222,0.013281,0.025000,51.00,2967.28,116.37,near_0_200
data/frames/B/000216.jpg,B,train,0.475781,0.668750,0.010937,0.023611,42.00,2967.28,141.31,near_0_200
data/frames/B/000228.jpg,B,train,0.476562,0.621528,0.014063,0.015278,33.00,2967.28,179.83,near_0_200
data/frames/B/000228.jpg,B,train,0.474219,0.665972,0.012500,0.023611,48.00,2967.28,123.64,near_0_200
data/frames/B/000240.jpg,B,train,0.476953,0.619444,0.011719,0.022222,45.00,2967.28,131.88,near_0_200
data/frames/B/000240.jpg,B,train,0.476172,0.663889,0.013281,0.019444,42.00,2967.28,141.30,near_0_200
data/frames/B/000240.jpg,B,train,0.231250,0.737500,0.010937,0.013889,30.00,2967.28,197.82,near_0_200
data/frames/B/000240.jpg,B,train,0.241797,0.706944,0.011719,0.016667,36.00,2967.28,164.85,near_0_200
data/frames/B/000252.jpg,B,train,0.476562,0.626389,0.015625,0.016667,36.00,2967.28,164.85,near_0_200
data/frames/B/000252.jpg,B,train,0.473438,0.665278,0.012500,0.027778,48.00,2967.28,123.64,near_0_200
data/frames/B/000264.jpg,B,train,0.475781,0.665278,0.009375,0.019444,36.00,2967.28,164.85,near_0_200
data/frames/B/000264.jpg,B,train,0.477344,0.622222,0.010937,0.019444,42.00,2967.28,141.31,near_0_200
data/frames/B/000276.jpg,B,train,0.475502,0.667285,0.009480,0.015230,32.90,2967.28,180.40,near_0_200
data/frames/B/000276.jpg,B,train,0.461670,0.527433,0.006573,0.010433,22.54,2967.28,263.34,far_200_400
data/frames/B/000276.jpg,B,train,0.476562,0.621528,0.012500,0.018056,39.00,2967.28,152.16,near_0_200
data/frames/B/000288.jpg,B,train,0.461116,0.531148,0.007342,0.009705,20.96,2967.28,283.10,far_200_400
data/frames/B/000288.jpg,B,train,0.476172,0.622222,0.008594,0.016667,33.00,2967.28,179.83,near_0_200
data/frames/B/000288.jpg,B,train,0.476172,0.665972,0.011719,0.018056,39.00,2967.28,152.16,near_0_200
data/frames/B/000300.jpg,B,train,0.460455,0.536489,0.006659,0.009159,19.78,2967.28,299.98,far_200_400
data/frames/B/000300.jpg,B,train,0.476562,0.623611,0.010937,0.016667,36.00,2967.28,164.85,near_0_200
data/frames/B/000300.jpg,B,train,0.475781,0.667361,0.010937,0.020833,42.00,2967.28,141.31,near_0_200
data/frames/B/000312.jpg,B,train,0.460586,0.542369,0.007168,0.011159,24.10,2967.28,246.21,far_200_400
data/frames/B/000312.jpg,B,train,0.477734,0.628472,0.010156,0.015278,33.00,2967.28,179.83,near_0_200
data/frames/B/000312.jpg,B,train,0.476172,0.666667,0.011719,0.019444,42.00,2967.28,141.30,near_0_200
data/frames/B/000312.jpg,B,train,0.169531,0.831944,0.015625,0.025000,54.00,2967.28,109.90,near_0_200
data/frames/B/000312.jpg,B,train,0.191406,0.827778,0.018750,0.036111,72.00,2967.28,82.42,near_0_200
data/frames/B/000324.jpg,B,train,0.459838,0.550642,0.007387,0.008990,19.42,2967.28,305.61,far_200_400
data/frames/B/000324.jpg,B,train,0.477056,0.627085,0.007395,0.012486,26.97,2967.28,220.04,far_200_400
data/frames/B/000324.jpg,B,train,0.178516,0.847222,0.016406,0.025000,54.00,2967.28,109.90,near_0_200
data/frames/B/000324.jpg,B,train,0.155469,0.854167,0.018750,0.025000,54.00,2967.28,109.90,near_0_200
data/frames/B/000324.jpg,B,train,0.477344,0.664583,0.012500,0.018056,39.00,2967.28,152.16,near_0_200
data/frames/B/000336.jpg,B,train,0.459946,0.557142,0.006718,0.010450,22.57,2967.28,262.92,far_200_400
data/frames/B/000336.jpg,B,train,0.475000,0.624306,0.012500,0.023611,48.00,2967.28,123.64,near_0_200
data/frames/B/000336.jpg,B,train,0.477734,0.666667,0.016406,0.025000,54.00,2967.28,109.90,near_0_200
data/frames/B/000336.jpg,B,train,0.141797,0.872917,0.016406,0.026389,57.00,2967.28,104.11,near_0_200
data/frames/B/000336.jpg,B,train,0.164844,0.871528,0.018750,0.037500,72.00,2967.28,82.42,near_0_200
data/frames/B/000348.jpg,B,train,0.458871,0.565471,0.007386,0.009569,20.67,2967.28,287.12,far_200_400
data/frames/B/000348.jpg,B,train,0.127045,0.905589,0.025235,0.031959,69.03,2967.28,85.97,near_0_200
data/frames/B/000348.jpg,B,train,0.152344,0.894444,0.017188,0.036111,66.00,2967.28,89.91,near_0_200
data/frames/B/000348.jpg,B,train,0.475000,0.631944,0.009375,0.022222,36.00,2967.28,164.85,near_0_200
data/frames/B/000348.jpg,B,train,0.477344,0.667361,0.014063,0.029167,54.00,2967.28,109.90,near_0_200
data/frames/B/000360.jpg,B,train,0.458248,0.573912,0.007632,0.010647,23.00,2967.28,258.05,far_200_400
data/frames/B/000360.jpg,B,train,0.114934,0.932323,0.020490,0.033623,72.63,2967.28,81.71,near_0_200
data/frames/B/000360.jpg,B,train,0.475146,0.628929,0.007789,0.011905,25.71,2967.28,230.78,far_200_400
data/frames/B/000360.jpg,B,train,0.477979,0.669146,0.009188,0.015331,33.11,2967.28,179.21,near_0_200
data/frames/B/000360.jpg,B,train,0.136719,0.922222,0.018750,0.033333,72.00,2967.28,82.43,near_0_200
data/frames/B/000372.jpg,B,train,0.458071,0.583607,0.007953,0.011134,24.05,2967.28,246.76,far_200_400
data/frames/B/000372.jpg,B,train,0.474905,0.628269,0.008142,0.013032,28.15,2967.28,210.83,far_200_400
data/frames/B/000372.jpg,B,train,0.478993,0.668633,0.009972,0.015602,33.70,2967.28,176.10,near_0_200
data/frames/B/000372.jpg,B,train,0.095703,0.959722,0.017969,0.033333,69.00,2967.28,86.01,near_0_200
data/frames/B/000384.jpg,B,train,0.458718,0.594471,0.007147,0.010792,23.31,2967.28,254.58,far_200_400
data/frames/B/000384.jpg,B,train,0.474858,0.628922,0.008365,0.012933,27.94,2967.28,212.44,far_200_400
data/frames/B/000384.jpg,B,train,0.481250,0.668056,0.012500,0.016667,36.00,2967.28,164.85,near_0_200
data/frames/B/000396.jpg,B,train,0.459173,0.606006,0.007629,0.011976,25.87,2967.28,229.42,far_200_400
data/frames/B/000396.jpg,B,train,0.482437,0.669526,0.010129,0.015308,33.07,2967.28,179.48,near_0_200
data/frames/B/000396.jpg,B,train,0.475220,0.629572,0.008553,0.013053,28.19,2967.28,210.49,far_200_400
data/frames/B/000408.jpg,B,train,0.460593,0.618571,0.007569,0.012157,26.26,2967.28,226.00,far_200_400
data/frames/B/000408.jpg,B,train,0.485105,0.669911,0.010215,0.015591,33.68,2967.28,176.22,near_0_200
data/frames/B/000408.jpg,B,train,0.475413,0.630366,0.008256,0.013581,29.33,2967.28,202.30,far_200_400
data/frames/B/000420.jpg,B,train,0.461784,0.633073,0.008319,0.012943,27.96,2967.28,212.28,far_200_400
data/frames/B/000420.jpg,B,train,0.476391,0.631615,0.008378,0.012265,26.49,2967.28,224.01,far_200_400
data/frames/B/000420.jpg,B,train,0.463465,0.563437,0.006627,0.009939,21.47,2967.28,276.43,far_200_400
data/frames/B/000420.jpg,B,train,0.487452,0.669729,0.010148,0.016785,36.26,2967.28,163.69,near_0_200
data/frames/B/000432.jpg,B,train,0.463795,0.648930,0.008445,0.013201,28.51,2967.28,208.13,far_200_400
data/frames/B/000432.jpg,B,train,0.477712,0.633461,0.007987,0.013094,28.28,2967.28,209.83,far_200_400
data/frames/B/000432.jpg,B,train,0.464766,0.573519,0.007930,0.011577,25.01,2967.28,237.32,far_200_400
data/frames/B/000432.jpg,B,train,0.489483,0.669433,0.009466,0.015490,33.46,2967.28,177.37,near_0_200
data/frames/B/000444.jpg,B,train,0.466249,0.585941,0.007206,0.009629,20.80,2967.28,285.33,far_200_400
data/frames/B/000444.jpg,B,train,0.465060,0.666527,0.008036,0.015055,30.86,2967.28,192.32,near_0_200
data/frames/B/000444.jpg,B,train,0.491114,0.668895,0.009340,0.015640,33.78,2967.28,175.67,near_0_200
data/frames/B/000444.jpg,B,train,0.479121,0.634281,0.007701,0.012408,26.80,2967.28,221.43,far_200_400
data/frames/B/000456.jpg,B,train,0.466037,0.686192,0.009287,0.016642,35.66,2967.28,166.41,near_0_200
data/frames/B/000456.jpg,B,train,0.479973,0.636084,0.007649,0.012834,27.72,2967.28,214.08,far_200_400
data/frames/B/000456.jpg,B,train,0.492642,0.667722,0.010235,0.017012,36.75,2967.28,161.50,near_0_200
data/frames/B/000456.jpg,B,train,0.467174,0.599202,0.007206,0.010456,22.58,2967.28,262.77,far_200_400
data/frames/B/000468.jpg,B,train,0.466111,0.708065,0.010211,0.017640,38.10,2967.28,155.75,near_0_200
data/frames/B/000468.jpg,B,train,0.493285,0.666825,0.009854,0.017878,37.84,2967.28,156.84,near_0_200
data/frames/B/000468.jpg,B,train,0.467810,0.614258,0.007599,0.012860,27.78,2967.28,213.65,far_200_400
data/frames/B/000468.jpg,B,train,0.480525,0.637493,0.008791,0.013077,28.25,2967.28,210.10,far_200_400
data/frames/B/000480.jpg,B,train,0.465548,0.732336,0.010145,0.019097,38.96,2967.28,152.34,near_0_200
data/frames/B/000480.jpg,B,train,0.493439,0.665825,0.010378,0.014814,32.00,2967.28,185.46,near_0_200
data/frames/B/000480.jpg,B,train,0.467807,0.629506,0.007525,0.013832,28.90,2967.28,205.38,far_200_400
data/frames/B/000480.jpg,B,train,0.480078,0.636806,0.010156,0.020833,39.00,2967.28,152.17,near_0_200
data/frames/B/000492.jpg,B,train,0.465142,0.758572,0.011714,0.020367,43.99,2967.28,134.90,near_0_200
data/frames/B/000492.jpg,B,train,0.467406,0.648653,0.008078,0.013460,29.07,2967.28,204.12,far_200_400
data/frames/B/000492.jpg,B,train,0.493783,0.663891,0.010612,0.016631,35.92,2967.28,165.20,near_0_200
data/frames/B/000492.jpg,B,train,0.480237,0.640417,0.007621,0.013596,29.26,2967.28,202.79,far_200_400
data/frames/B/000504.jpg,B,train,0.466714,0.669770,0.008500,0.015105,32.63,2967.28,181.89,near_0_200
data/frames/B/000504.jpg,B,train,0.463572,0.789429,0.011792,0.022270,45.28,2967.28,131.06,near_0_200
data/frames/B/000504.jpg,B,train,0.479751,0.642548,0.008663,0.011864,25.63,2967.28,231.58,far_200_400
data/frames/B/000504.jpg,B,train,0.493049,0.663007,0.009590,0.016369,35.36,2967.28,167.85,near_0_200
data/frames/B/000504.jpg,B,train,0.305484,0.792914,0.025026,0.024117,52.09,2967.28,113.92,near_0_200
data/frames/B/000504.jpg,B,train,0.198828,0.820139,0.027344,0.031944,69.00,2967.28,86.01,near_0_200
data/frames/B/000516.jpg,B,train,0.465534,0.694408,0.009680,0.016981,36.68,2967.28,161.80,near_0_200
data/frames/B/000516.jpg,B,train,0.461337,0.826191,0.013407,0.026251,51.48,2967.28,115.27,near_0_200
data/frames/B/000516.jpg,B,train,0.479399,0.643267,0.008217,0.017344,31.55,2967.28,188.08,near_0_200
data/frames/B/000516.jpg,B,train,0.297694,0.808099,0.024998,0.023672,51.13,2967.28,116.06,near_0_200
data/frames/B/000516.jpg,B,train,0.492188,0.660417,0.010937,0.023611,42.00,2967.28,141.31,near_0_200
data/frames/B/000516.jpg,B,train,0.187109,0.840972,0.024219,0.037500,81.00,2967.28,73.27,near_0_200
data/frames/B/000528.jpg,B,train,0.458200,0.869448,0.015793,0.028632,60.65,2967.28,97.86,near_0_200
data/frames/B/000528.jpg,B,train,0.463507,0.722948,0.010378,0.018335,39.60,2967.28,149.85,near_0_200
data/frames/B/000528.jpg,B,train,0.491314,0.661054,0.009113,0.016249,34.99,2967.28,169.59,near_0_200
data/frames/B/000528.jpg,B,train,0.477732,0.647352,0.008323,0.014522,31.37,2967.28,189.19,near_0_200
data/frames/B/000528.jpg,B,train,0.288281,0.824306,0.025000,0.023611,51.00,2967.28,116.36,near_0_200
data/frames/B/000528.jpg,B,train,0.169922,0.859028,0.030469,0.031944,69.00,2967.28,86.01,near_0_200
data/frames/B/000540.jpg,B,train,0.454614,0.920324,0.016301,0.032209,62.60,2967.28,94.81,near_0_200
data/frames/B/000540.jpg,B,train,0.460868,0.756904,0.011280,0.020925,43.32,2967.28,137.01,near_0_200
data/frames/B/000540.jpg,B,train,0.188417,0.862373,0.027472,0.017731,38.30,2967.28,154.95,near_0_200
data/frames/B/000540.jpg,B,train,0.354964,0.923470,0.013277,0.020240,43.72,2967.28,135.74,near_0_200
data/frames/B/000540.jpg,B,train,0.778027,0.709915,0.021496,0.019887,42.96,2967.28,138.15,near_0_200
data/frames/B/000540.jpg,B,train,0.278614,0.842591,0.026059,0.026299,56.81,2967.28,104.47,near_0_200
data/frames/B/000540.jpg,B,train,0.490351,0.659731,0.009172,0.015769,34.06,2967.28,174.23,near_0_200
data/frames/B/000540.jpg,B,train,0.474219,0.647917,0.009375,0.018056,36.00,2967.28,164.85,near_0_200
data/frames/B/000540.jpg,B,train,0.153906,0.874306,0.028125,0.040278,87.00,2967.28,68.21,near_0_200
data/frames/B/000552.jpg,B,train,0.457239,0.797567,0.013046,0.024102,50.10,2967.28,118.46,near_0_200
data/frames/B/000552.jpg,B,train,0.449562,0.981383,0.017501,0.036123,67.20,2967.28,88.31,near_0_200
data/frames/B/000552.jpg,B,train,0.267893,0.862029,0.025833,0.027232,58.82,2967.28,100.89,near_0_200
data/frames/B/000552.jpg,B,train,0.472140,0.652107,0.009855,0.014172,30.61,2967.28,193.87,near_0_200
data/frames/B/000552.jpg,B,train,0.137608,0.902254,0.027505,0.046531,100.51,2967.28,59.05,near_0_200
data/frames/B/000552.jpg,B,train,0.175403,0.885637,0.027564,0.024166,52.20,2967.28,113.69,near_0_200
data/frames/B/000552.jpg,B,train,0.346719,0.954032,0.014756,0.026208,56.61,2967.28,104.83,near_0_200
data/frames/B/000552.jpg,B,train,0.488877,0.658928,0.008946,0.015111,32.64,2967.28,181.82,near_0_200
data/frames/B/000564.jpg,B,train,0.452960,0.845399,0.013884,0.026402,53.31,2967.28,111.31,near_0_200
data/frames/B/000564.jpg,B,train,0.465879,0.655377,0.012712,0.015074,32.56,2967.28,182.27,near_0_200
data/frames/B/000564.jpg,B,train,0.256314,0.882941,0.026142,0.029277,63.24,2967.28,93.84,near_0_200
data/frames/B/000564.jpg,B,train,0.159301,0.908755,0.027633,0.025991,56.14,2967.28,105.71,near_0_200
data/frames/B/000564.jpg,B,train,0.772353,0.711255,0.011601,0.017701,38.23,2967.28,155.22,near_0_200
data/frames/B/000564.jpg,B,train,0.487791,0.658375,0.009142,0.015579,33.65,2967.28,176.36,near_0_200
data/frames/B/000564.jpg,B,train,0.233095,0.919261,0.052290,0.031069,67.11,2967.28,88.43,near_0_200
data/frames/B/000564.jpg,B,train,0.143473,0.914503,0.033861,0.024495,52.91,2967.28,112.16,near_0_200
data/frames/B/000564.jpg,B,train,0.336748,0.984410,0.016628,0.025961,56.08,2967.28,105.83,near_0_200
data/frames/B/000564.jpg,B,train,0.133984,0.803472,0.014844,0.029167,57.00,2967.28,104.11,near_0_200
data/frames/B/000576.jpg,B,train,0.446772,0.904170,0.015615,0.029807,59.96,2967.28,98.97,near_0_200
data/frames/B/000576.jpg,B,train,0.456171,0.658988,0.015806,0.014252,30.78,2967.28,192.78,near_0_200
data/frames/B/000576.jpg,B,train,0.141993,0.933283,0.029974,0.027994,60.47,2967.28,98.15,near_0_200
data/frames/B/000576.jpg,B,train,0.486138,0.656994,0.009126,0.015612,33.72,2967.28,175.98,near_0_200
data/frames/B/000576.jpg,B,train,0.243017,0.906861,0.026028,0.030203,65.24,2967.28,90.97,near_0_200
data/frames/B/000576.jpg,B,train,0.217638,0.945870,0.053143,0.033335,72.00,2967.28,82.42,near_0_200
data/frames/B/000576.jpg,B,train,0.115932,0.823720,0.028263,0.030931,66.81,2967.28,88.83,near_0_200
data/frames/B/000576.jpg,B,train,0.123438,0.942361,0.037500,0.026389,57.00,2967.28,104.11,near_0_200
data/frames/B/000576.jpg,B,train,0.094531,0.953472,0.046875,0.054167,117.00,2967.28,50.72,near_0_200
data/frames/B/000588.jpg,B,train,0.439333,0.978292,0.019690,0.038648,75.61,2967.28,78.49,near_0_200
data/frames/B/000588.jpg,B,train,0.228087,0.931979,0.026616,0.031618,68.29,2967.28,86.90,near_0_200
data/frames/B/000588.jpg,B,train,0.122568,0.960393,0.031902,0.029678,64.10,2967.28,92.58,near_0_200
data/frames/B/000588.jpg,B,train,0.484466,0.655223,0.008986,0.015633,33.77,2967.28,175.75,near_0_200
data/frames/B/000588.jpg,B,train,0.201837,0.976000,0.058998,0.036459,78.75,2967.28,75.36,near_0_200
data/frames/B/000588.jpg,B,train,0.443520,0.661707,0.018854,0.013754,29.71,2967.28,199.76,near_0_200
data/frames/B/000588.jpg,B,train,0.109375,0.965972,0.039062,0.026389,57.00,2967.28,104.11,near_0_200
data/frames/B/000588.jpg,B,train,0.073828,0.977778,0.053906,0.041667,90.00,2967.28,65.94,near_0_200
data/frames/B/000588.jpg,B,train,0.100000,0.840972,0.025000,0.031944,69.00,2967.28,86.01,near_0_200
data/frames/C/000000.jpg,C,train,0.709356,0.099594,0.041575,0.073583,158.94,2967.28,37.34,near_0_200
data/frames/C/000000.jpg,C,train,0.655142,0.100528,0.041770,0.077080,160.40,2967.28,37.00,near_0_200
data/frames/C/000000.jpg,C,train,0.461337,0.214170,0.036545,0.099592,140.33,2967.28,42.29,near_0_200
data/frames/C/000000.jpg,C,train,0.539828,0.019292,0.023831,0.038585,83.34,2967.28,71.21,near_0_200
data/frames/C/000000.jpg,C,train,0.648553,0.443482,0.065277,0.162140,250.66,2967.28,23.68,near_0_200
data/frames/C/000000.jpg,C,train,0.528125,0.208333,0.109375,0.411111,420.00,2967.28,14.13,near_0_200
data/frames/C/000000.jpg,C,train,0.568750,0.720139,0.082812,0.226389,318.00,2967.28,18.66,near_0_200
data/frames/C/000012.jpg,C,train,0.664113,0.030485,0.035420,0.059874,129.33,2967.28,45.89,near_0_200
data/frames/C/000012.jpg,C,train,0.627010,0.073559,0.037726,0.068315,144.87,2967.28,40.97,near_0_200
data/frames/C/000012.jpg,C,train,0.479994,0.374627,0.040006,0.109961,153.62,2967.28,38.63,near_0_200
data/frames/C/000012.jpg,C,train,0.963965,0.884095,0.072025,0.230637,276.58,2967.28,21.46,near_0_200
data/frames/C/000012.jpg,C,train,0.675925,0.594662,0.070607,0.175565,271.13,2967.28,21.89,near_0_200
data/frames/C/000012.jpg,C,train,0.547880,0.108107,0.032141,0.074391,123.42,2967.28,48.08,near_0_200
data/frames/C/000012.jpg,C,train,0.428784,0.065959,0.027415,0.075886,105.27,2967.28,56.37,near_0_200
data/frames/C/000012.jpg,C,train,0.609375,0.918750,0.079687,0.151389,306.00,2967.28,19.39,near_0_200
data/frames/C/000012.jpg,C,train,0.547266,0.306250,0.122656,0.484722,471.00,2967.28,12.60,near_0_200
data/frames/C/000024.jpg,C,train,0.602781,0.057816,0.033713,0.059152,127.77,2967.28,46.45,near_0_200
data/frames/C/000024.jpg,C,train,0.632632,0.005845,0.020812,0.011690,25.25,2967.28,235.03,far_200_400
data/frames/C/000024.jpg,C,train,0.500588,0.549243,0.045531,0.123016,174.84,2967.28,33.94,near_0_200
data/frames/C/000024.jpg,C,train,0.440807,0.200008,0.030829,0.083524,118.38,2967.28,50.13,near_0_200
data/frames/C/000024.jpg,C,train,0.560620,0.218202,0.034871,0.079551,133.90,2967.28,44.32,near_0_200
data/frames/C/000024.jpg,C,train,0.705469,0.752778,0.082812,0.200000,318.00,2967.28,18.66,near_0_200
data/frames/C/000024.jpg,C,train,0.554297,0.435417,0.110156,0.523611,423.00,2967.28,14.03,near_0_200
data/frames/C/000024.jpg,C,train,0.926172,0.809028,0.144531,0.368056,555.00,2967.28,10.69,near_0_200
data/frames/C/000036.jpg,C,train,0.582047,0.048598,0.029978,0.053070,114.63,2967.28,51.77,near_0_200
data/frames/C/000036.jpg,C,train,0.526963,0.741237,0.050807,0.139698,195.10,2967.28,30.42,near_0_200
data/frames/C/000036.jpg,C,train,0.413703,0.009004,0.017985,0.018008,38.90,2967.28,152.57,near_0_200
data/frames/C/000036.jpg,C,train,0.459275,0.033966,0.034869,0.067932,133.90,2967.28,44.32,near_0_200
data/frames/C/000036.jpg,C,train,0.455413,0.345249,0.033822,0.094012,129.88,2967.28,45.69,near_0_200
data/frames/C/000036.jpg,C,train,0.498541,0.027617,0.032225,0.055235,119.31,2967.28,49.74,near_0_200
data/frames/C/000036.jpg,C,train,0.575749,0.332206,0.036393,0.086665,139.75,2967.28,42.47,near_0_200
data/frames/C/000036.jpg,C,train,0.740625,0.904167,0.085938,0.172222,330.00,2967.28,17.98,near_0_200
data/frames/C/000036.jpg,C,train,0.897266,0.751389,0.196094,0.486111,753.00,2967.28,7.88,near_0_200
data/frames/C/000036.jpg,C,train,0.582812,0.556944,0.143750,0.550000,552.00,2967.28,10.75,near_0_200
data/frames/C/000048.jpg,C,train,0.472910,0.506160,0.038179,0.107498,146.61,2967.28,40.48,near_0_200
data/frames/C/000048.jpg,C,train,0.556485,0.938180,0.054949,0.123223,211.00,2967.28,28.13,near_0_200
data/frames/C/000048.jpg,C,train,0.564362,0.047752,0.026754,0.047209,101.97,2967.28,58.20,near_0_200
data/frames/C/000048.jpg,C,train,0.462729,0.093763,0.035475,0.119636,136.22,2967.28,43.56,near_0_200
data/frames/C/000048.jpg,C,train,0.591664,0.451410,0.039160,0.093783,150.37,2967.28,39.47,near_0_200
data/frames/C/000048.jpg,C,train,0.640375,0.898619,0.079607,0.202763,305.69,2967.28,19.41,near_0_200
data/frames/C/000048.jpg,C,train,0.417115,0.086035,0.020738,0.062702,79.63,2967.28,74.52,near_0_200
data/frames/C/000048.jpg,C,train,0.503906,0.072917,0.037500,0.137500,144.00,2967.28,41.21,near_0_200
data/frames/C/000048.jpg,C,train,0.857812,0.642361,0.220312,0.462500,846.00,2967.28,7.01,near_0_200
data/frames/C/000060.jpg,C,train,0.496237,0.689197,0.043834,0.124698,168.32,2967.28,35.26,near_0_200
data/frames/C/000060.jpg,C,train,0.550348,0.054951,0.024172,0.041479,89.59,2967.28,66.24,near_0_200
data/frames/C/000060.jpg,C,train,0.611465,0.578932,0.043715,0.102418,167.87,2967.28,35.35,near_0_200
data/frames/C/000060.jpg,C,train,0.421573,0.189855,0.022159,0.066901,85.09,2967.28,69.74,near_0_200
data/frames/C/000060.jpg,C,train,0.411824,0.060746,0.021946,0.056430,84.27,2967.28,70.42,near_0_200
data/frames/C/000060.jpg,C,train,0.614062,0.752778,0.164062,0.472222,630.00,2967.28,9.42,near_0_200
data/frames/C/000060.jpg,C,train,0.462500,0.114583,0.043750,0.220833,168.00,2967.28,35.32,near_0_200
data/frames/C/000060.jpg,C,train,0.512500,0.120139,0.043750,0.223611,168.00,2967.28,35.32,near_0_200
data/frames/C/000060.jpg,C,train,0.722656,0.419444,0.068750,0.169444,264.00,2967.28,22.48,near_0_200
data/frames/C/000072.jpg,C,train,0.856127,0.962347,0.059889,0.075306,162.66,2967.28,36.48,near_0_200
data/frames/C/000072.jpg,C,train,0.526063,0.898189,0.050870,0.145130,195.34,2967.28,30.38,near_0_200
data/frames/C/000072.jpg,C,train,0.411166,0.014196,0.017083,0.028392,61.33,2967.28,96.77,near_0_200
data/frames/C/000072.jpg,C,train,0.634502,0.715616,0.047328,0.112419,181.74,2967.28,32.65,near_0_200
data/frames/C/000072.jpg,C,train,0.443929,0.008823,0.017434,0.017646,38.12,2967.28,155.70,near_0_200
data/frames/C/000072.jpg,C,train,0.540048,0.067098,0.021474,0.036648,79.16,2967.28,74.97,near_0_200
data/frames/C/000072.jpg,C,train,0.415175,0.153073,0.022389,0.060364,85.97,2967.28,69.03,near_0_200
data/frames/C/000072.jpg,C,train,0.476547,0.273408,0.038842,0.131882,149.15,2967.28,39.79,near_0_200
data/frames/C/000072.jpg,C,train,0.472470,0.004131,0.014038,0.008263,17.85,2967.28,332.50,far_200_400
data/frames/C/000072.jpg,C,train,0.517115,0.251621,0.039567,0.126939,151.94,2967.28,39.06,near_0_200
data/frames/C/000072.jpg,C,train,0.427713,0.299111,0.024542,0.073635,94.24,2967.28,62.97,near_0_200
data/frames/C/000072.jpg,C,train,0.728906,0.471528,0.159375,0.351389,612.00,2967.28,9.70,near_0_200
data/frames/C/000084.jpg,C,train,0.776535,0.811930,0.056919,0.108346,218.57,2967.28,27.15,near_0_200
data/frames/C/000084.jpg,C,train,0.904306,0.955595,0.063338,0.088679,191.55,2967.28,30.98,near_0_200
data/frames/C/000084.jpg,C,train,0.411909,0.088682,0.017863,0.045312,68.59,2967.28,86.52,near_0_200
data/frames/C/000084.jpg,C,train,0.661450,0.864652,0.051042,0.125844,196.00,2967.28,30.28,near_0_200
data/frames/C/000084.jpg,C,train,0.474496,0.058925,0.015396,0.035853,59.12,2967.28,100.38,near_0_200
data/frames/C/000084.jpg,C,train,0.531958,0.084032,0.019098,0.033065,71.42,2967.28,83.09,near_0_200
data/frames/C/000084.jpg,C,train,0.555780,0.007065,0.014119,0.014129,30.52,2967.28,194.46,near_0_200
data/frames/C/000084.jpg,C,train,0.418280,0.247733,0.023133,0.062396,88.83,2967.28,66.81,near_0_200
data/frames/C/000084.jpg,C,train,0.435928,0.417310,0.027997,0.080289,107.51,2967.28,55.20,near_0_200
data/frames/C/000084.jpg,C,train,0.527504,0.010517,0.020532,0.021034,45.43,2967.28,130.62,near_0_200
data/frames/C/000084.jpg,C,train,0.444320,0.054894,0.021309,0.066047,81.83,2967.28,72.53,near_0_200
data/frames/C/000084.jpg,C,train,0.471869,0.004030,0.014633,0.008061,17.41,2967.28,340.84,far_200_400
data/frames/C/000084.jpg,C,train,0.697668,0.420685,0.148691,0.304963,570.97,2967.28,10.39,near_0_200
data/frames/C/000084.jpg,C,train,0.513641,0.271986,0.065168,0.271734,250.25,2967.28,23.71,near_0_200
data/frames/C/000084.jpg,C,train,0.473438,0.279861,0.060937,0.290278,234.00,2967.28,25.36,near_0_200
data/frames/C/000096.jpg,C,train,0.838464,0.857293,0.060451,0.113180,232.13,2967.28,25.57,near_0_200
data/frames/C/000096.jpg,C,train,0.413026,0.172924,0.018944,0.047675,72.74,2967.28,81.58,near_0_200
data/frames/C/000096.jpg,C,train,0.476662,0.128612,0.016006,0.035671,61.46,2967.28,96.55,near_0_200
data/frames/C/000096.jpg,C,train,0.526392,0.106367,0.017039,0.029433,63.58,2967.28,93.35,near_0_200
data/frames/C/000096.jpg,C,train,0.423448,0.348936,0.025526,0.070216,98.02,2967.28,60.54,near_0_200
data/frames/C/000096.jpg,C,train,0.526442,0.026697,0.022685,0.052280,87.11,2967.28,68.13,near_0_200
data/frames/C/000096.jpg,C,train,0.446551,0.547997,0.031946,0.089433,122.67,2967.28,48.38,near_0_200
data/frames/C/000096.jpg,C,train,0.683791,0.978723,0.040143,0.042555,91.92,2967.28,64.56,near_0_200
data/frames/C/000096.jpg,C,train,0.472829,0.053995,0.017051,0.039302,65.48,2967.28,90.64,near_0_200
data/frames/C/000096.jpg,C,train,0.552311,0.026337,0.013725,0.023744,51.29,2967.28,115.71,near_0_200
data/frames/C/000096.jpg,C,train,0.415672,0.051767,0.017301,0.039296,66.44,2967.28,89.33,near_0_200
data/frames/C/000096.jpg,C,train,0.661380,0.385956,0.123156,0.256337,472.92,2967.28,12.55,near_0_200
data/frames/C/000096.jpg,C,train,0.445911,0.137460,0.019850,0.042379,76.22,2967.28,77.86,near_0_200
data/frames/C/000096.jpg,C,train,0.706641,0.680556,0.044531,0.086111,171.00,2967.28,34.71,near_0_200
data/frames/C/000096.jpg,C,train,0.481641,0.386806,0.067969,0.304167,261.00,2967.28,22.74,near_0_200
data/frames/C/000096.jpg,C,train,0.519141,0.356944,0.066406,0.291667,255.00,2967.28,23.27,near_0_200
data/frames/C/000108.jpg,C,train,0.779097,0.763681,0.054508,0.095557,206.40,2967.28,28.75,near_0_200
data/frames/C/000108.jpg,C,train,0.461204,0.691189,0.036761,0.101060,141.16,2967.28,42.04,near_0_200
data/frames/C/000108.jpg,C,train,0.523072,0.133563,0.014708,0.027994,56.48,2967.28,105.08,near_0_200
data/frames/C/000108.jpg,C,train,0.433342,0.008256,0.012677,0.016513,35.67,2967.28,166.38,near_0_200
data/frames/C/000108.jpg,C,train,0.414536,0.260564,0.019790,0.050893,75.99,2967.28,78.09,near_0_200
data/frames/C/000108.jpg,C,train,0.479063,0.200112,0.017911,0.038354,68.78,2967.28,86.29,near_0_200
data/frames/C/000108.jpg,C,train,0.474664,0.045718,0.014033,0.028166,53.89,2967.28,110.13,near_0_200
data/frames/C/000108.jpg,C,train,0.429695,0.456882,0.028143,0.076256,108.07,2967.28,54.91,near_0_200
data/frames/C/000108.jpg,C,train,0.549749,0.055480,0.012430,0.021422,46.27,2967.28,128.25,near_0_200
data/frames/C/000108.jpg,C,train,0.481589,0.003580,0.010465,0.007160,15.47,2967.28,383.73,far_200_400
data/frames/C/000108.jpg,C,train,0.473809,0.120987,0.017957,0.040998,68.95,2967.28,86.06,near_0_200
data/frames/C/000108.jpg,C,train,0.446925,0.211382,0.020149,0.040884,77.37,2967.28,76.70,near_0_200
data/frames/C/000108.jpg,C,train,0.417014,0.107447,0.022708,0.077456,87.20,2967.28,68.06,near_0_200
data/frames/C/000108.jpg,C,train,0.491381,0.492560,0.074542,0.343707,286.24,2967.28,20.73,near_0_200
data/frames/C/000108.jpg,C,train,0.445617,0.044351,0.018593,0.032616,70.45,2967.28,84.24,near_0_200
data/frames/C/000108.jpg,C,train,0.414901,0.126024,0.017677,0.041223,67.88,2967.28,87.43,near_0_200
data/frames/C/000108.jpg,C,train,0.632812,0.359722,0.103125,0.211111,396.00,2967.28,14.99,near_0_200
data/frames/C/000108.jpg,C,train,0.529297,0.452083,0.078906,0.318056,303.00,2967.28,19.59,near_0_200
data/frames/C/000108.jpg,C,train,0.657031,0.597222,0.039062,0.072222,150.00,2967.28,39.56,near_0_200
data/frames/C/000108.jpg,C,train,0.524609,0.043750,0.019531,0.087500,75.00,2967.28,79.13,near_0_200
data/frames/C/000120.jpg,C,train,0.728834,0.694825,0.047044,0.081140,175.26,2967.28,33.86,near_0_200
data/frames/C/000120.jpg,C,train,0.616942,0.530505,0.034173,0.059479,128.47,2967.28,46.19,near_0_200
data/frames/C/000120.jpg,C,train,0.751016,0.890551,0.055719,0.104454,213.96,2967.28,27.74,near_0_200
data/frames/C/000120.jpg,C,train,0.482019,0.272179,0.018069,0.039772,69.38,2967.28,85.53,near_0_200
data/frames/C/000120.jpg,C,train,0.480245,0.851284,0.042414,0.116362,162.87,2967.28,36.44,near_0_200
data/frames/C/000120.jpg,C,train,0.416955,0.351957,0.020703,0.055278,79.50,2967.28,74.65,near_0_200
data/frames/C/000120.jpg,C,train,0.437506,0.573060,0.030921,0.083212,118.74,2967.28,49.98,near_0_200
data/frames/C/000120.jpg,C,train,0.473845,0.108076,0.013933,0.028921,53.50,2967.28,110.92,near_0_200
data/frames/C/000120.jpg,C,train,0.521304,0.165479,0.013808,0.025797,53.02,2967.28,111.92,near_0_200
data/frames/C/000120.jpg,C,train,0.475213,0.188251,0.018073,0.042055,69.40,2967.28,85.51,near_0_200
data/frames/C/000120.jpg,C,train,0.609440,0.350463,0.084831,0.195473,325.75,2967.28,18.22,near_0_200
data/frames/C/000120.jpg,C,train,0.430370,0.072160,0.011648,0.022483,44.73,2967.28,132.68,near_0_200
data/frames/C/000120.jpg,C,train,0.489533,0.027545,0.012737,0.024660,48.91,2967.28,121.34,near_0_200
data/frames/C/000120.jpg,C,train,0.549246,0.086902,0.011969,0.020017,43.24,2967.28,137.26,near_0_200
data/frames/C/000120.jpg,C,train,0.574687,0.022718,0.009865,0.015226,32.89,2967.28,180.45,near_0_200
data/frames/C/000120.jpg,C,train,0.480739,0.056992,0.011598,0.020061,43.33,2967.28,136.96,near_0_200
data/frames/C/000120.jpg,C,train,0.503723,0.007554,0.011426,0.014731,31.82,2967.28,186.51,near_0_200
data/frames/C/000120.jpg,C,train,0.448875,0.285916,0.021026,0.044549,80.74,2967.28,73.50,near_0_200
data/frames/C/000120.jpg,C,train,0.445289,0.105131,0.018334,0.033813,70.40,2967.28,84.29,near_0_200
data/frames/C/000120.jpg,C,train,0.533630,0.026522,0.010383,0.018101,39.10,2967.28,151.79,near_0_200
data/frames/C/000120.jpg,C,train,0.524403,0.079939,0.019493,0.088383,74.85,2967.28,79.28,near_0_200
data/frames/C/000120.jpg,C,train,0.416315,0.182548,0.023283,0.083100,89.41,2967.28,66.38,near_0_200
data/frames/C/000120.jpg,C,train,0.414423,0.202344,0.018294,0.044300,70.25,2967.28,84.48,near_0_200
data/frames/C/000120.jpg,C,train,0.544236,0.004185,0.010523,0.008371,18.08,2967.28,328.21,far_200_400
data/frames/C/000120.jpg,C,train,0.470244,0.033826,0.008962,0.015431,33.33,2967.28,178.05,near_0_200
data/frames/C/000120.jpg,C,train,0.451942,0.061505,0.029666,0.075495,113.92,2967.28,52.10,near_0_200
data/frames/C/000120.jpg,C,train,0.416822,0.162678,0.021129,0.043667,81.14,2967.28,73.14,near_0_200
data/frames/C/000120.jpg,C,train,0.501172,0.597917,0.077344,0.365278,297.00,2967.28,19.98,near_0_200
data/frames/C/000120.jpg,C,train,0.538281,0.541667,0.092188,0.338889,354.00,2967.28,16.76,near_0_200
data/frames/C/000132.jpg,C,train,0.687758,0.646177,0.041065,0.069197,149.47,2967.28,39.71,near_0_200
data/frames/C/000132.jpg,C,train,0.447888,0.701333,0.034323,0.093522,131.80,2967.28,45.03,near_0_200
data/frames/C/000132.jpg,C,train,0.690245,0.779221,0.046763,0.083510,179.57,2967.28,33.05,near_0_200
data/frames/C/000132.jpg,C,train,0.419600,0.447708,0.022123,0.060548,84.95,2967.28,69.86,near_0_200
data/frames/C/000132.jpg,C,train,0.485144,0.345956,0.019456,0.042126,74.71,2967.28,79.43,near_0_200
data/frames/C/000132.jpg,C,train,0.588209,0.493568,0.029440,0.050313,108.68,2967.28,54.61,near_0_200
data/frames/C/000132.jpg,C,train,0.426801,0.140521,0.012802,0.023970,49.16,2967.28,120.72,near_0_200
data/frames/C/000132.jpg,C,train,0.480138,0.116188,0.011213,0.021832,43.06,2967.28,137.83,near_0_200
data/frames/C/000132.jpg,C,train,0.577934,0.029150,0.011091,0.016143,34.87,2967.28,170.20,near_0_200
data/frames/C/000132.jpg,C,train,0.473604,0.170159,0.014380,0.029532,55.22,2967.28,107.47,near_0_200
data/frames/C/000132.jpg,C,train,0.502154,0.064577,0.011064,0.015790,34.11,2967.28,174.00,near_0_200
data/frames/C/000132.jpg,C,train,0.488126,0.086605,0.013023,0.024036,50.01,2967.28,118.67,near_0_200
data/frames/C/000132.jpg,C,train,0.460014,0.056866,0.011079,0.019171,41.41,2967.28,143.31,near_0_200
data/frames/C/000132.jpg,C,train,0.547614,0.047881,0.011053,0.015512,33.51,2967.28,177.12,near_0_200
data/frames/C/000132.jpg,C,train,0.592958,0.348504,0.069255,0.170568,265.94,2967.28,22.32,near_0_200
data/frames/C/000132.jpg,C,train,0.536095,0.071772,0.009751,0.016320,35.25,2967.28,168.35,near_0_200
data/frames/C/000132.jpg,C,train,0.579538,0.063851,0.009464,0.013773,29.75,2967.28,199.48,near_0_200
data/frames/C/000132.jpg,C,train,0.527974,0.021245,0.012373,0.019781,42.73,2967.28,138.89,near_0_200
data/frames/C/000132.jpg,C,train,0.520473,0.200537,0.013013,0.025925,49.97,2967.28,118.76,near_0_200
data/frames/C/000132.jpg,C,train,0.550169,0.121139,0.011864,0.019662,42.47,2967.28,139.74,near_0_200
data/frames/C/000132.jpg,C,train,0.514140,0.037649,0.010639,0.017783,38.41,2967.28,154.50,near_0_200
data/frames/C/000132.jpg,C,train,0.496844,0.035527,0.011643,0.018748,40.50,2967.28,146.55,near_0_200
data/frames/C/000132.jpg,C,train,0.476590,0.256137,0.018525,0.042892,71.14,2967.28,83.43,near_0_200
data/frames/C/000132.jpg,C,train,0.451638,0.363258,0.021569,0.046870,82.82,2967.28,71.65,near_0_200
data/frames/C/000132.jpg,C,train,0.488685,0.020088,0.012120,0.014499,31.32,2967.28,189.49,near_0_200
data/frames/C/000132.jpg,C,train,0.469681,0.071299,0.016238,0.041014,62.35,2967.28,95.18,near_0_200
data/frames/C/000132.jpg,C,train,0.444512,0.169752,0.018646,0.029855,64.49,2967.28,92.03,near_0_200
data/frames/C/000132.jpg,C,train,0.594700,0.006151,0.010445,0.011600,25.06,2967.28,236.85,far_200_400
data/frames/C/000132.jpg,C,train,0.524570,0.120594,0.018717,0.083736,71.87,2967.28,82.57,near_0_200
data/frames/C/000132.jpg,C,train,0.417022,0.260717,0.027238,0.089601,104.59,2967.28,56.74,near_0_200
data/frames/C/000132.jpg,C,train,0.551562,0.648611,0.096875,0.352778,372.00,2967.28,15.95,near_0_200
data/frames/C/000132.jpg,C,train,0.516016,0.714583,0.099219,0.415278,381.00,2967.28,15.58,near_0_200
data/frames/C/000144.jpg,C,train,0.461021,0.843410,0.038612,0.105372,148.27,2967.28,40.03,near_0_200
data/frames/C/000144.jpg,C,train,0.654967,0.612945,0.035879,0.064414,137.78,2967.28,43.07,near_0_200
data/frames/C/000144.jpg,C,train,0.473272,0.233172,0.013965,0.029507,53.63,2967.28,110.67,near_0_200
data/frames/C/000144.jpg,C,train,0.567707,0.476316,0.024466,0.043905,93.95,2967.28,63.17,near_0_200
data/frames/C/000144.jpg,C,train,0.423545,0.550231,0.023431,0.066027,89.98,2967.28,65.96,near_0_200
data/frames/C/000144.jpg,C,train,0.583154,0.075922,0.011039,0.017245,37.25,2967.28,159.32,near_0_200
data/frames/C/000144.jpg,C,train,0.423924,0.209966,0.012574,0.023890,48.28,2967.28,122.91,near_0_200
data/frames/C/000144.jpg,C,train,0.644364,0.704171,0.039461,0.069835,150.84,2967.28,39.34,near_0_200
data/frames/C/000144.jpg,C,train,0.539524,0.118617,0.008574,0.014483,31.28,2967.28,189.70,near_0_200
data/frames/C/000144.jpg,C,train,0.488913,0.422018,0.018907,0.044627,72.60,2967.28,81.74,near_0_200
data/frames/C/000144.jpg,C,train,0.551597,0.158440,0.010266,0.016780,36.24,2967.28,163.74,near_0_200
data/frames/C/000144.jpg,C,train,0.500588,0.122955,0.010818,0.016809,36.31,2967.28,163.45,near_0_200
data/frames/C/000144.jpg,C,train,0.479240,0.175109,0.011718,0.020347,43.95,2967.28,135.03,near_0_200
data/frames/C/000144.jpg,C,train,0.579223,0.357364,0.058610,0.150395,225.06,2967.28,26.37,near_0_200
data/frames/C/000144.jpg,C,train,0.455369,0.443769,0.021981,0.049573,84.41,2967.28,70.31,near_0_200
data/frames/C/000144.jpg,C,train,0.550221,0.096822,0.011063,0.014746,31.85,2967.28,186.32,near_0_200
data/frames/C/000144.jpg,C,train,0.512777,0.095844,0.010971,0.017796,38.44,2967.28,154.39,near_0_200
data/frames/C/000144.jpg,C,train,0.520643,0.239362,0.012660,0.023531,48.61,2967.28,122.07,near_0_200
data/frames/C/000144.jpg,C,train,0.494976,0.093221,0.011121,0.018397,39.74,2967.28,149.34,near_0_200
data/frames/C/000144.jpg,C,train,0.587360,0.048669,0.010995,0.013616,29.41,2967.28,201.78,far_200_400
data/frames/C/000144.jpg,C,train,0.565098,0.071773,0.013480,0.024476,51.76,2967.28,114.65,near_0_200
data/frames/C/000144.jpg,C,train,0.487259,0.145305,0.013355,0.022896,49.46,2967.28,120.00,near_0_200
data/frames/C/000144.jpg,C,train,0.467440,0.133234,0.018565,0.048912,71.29,2967.28,83.25,near_0_200
data/frames/C/000144.jpg,C,train,0.526815,0.076713,0.012245,0.020003,43.21,2967.28,137.35,near_0_200
data/frames/C/000144.jpg,C,train,0.525926,0.163504,0.019482,0.079364,74.81,2967.28,79.33,near_0_200
data/frames/C/000144.jpg,C,train,0.584154,0.105152,0.007828,0.012876,27.81,2967.28,213.38,far_200_400
data/frames/C/000144.jpg,C,train,0.478398,0.325166,0.019763,0.044987,75.89,2967.28,78.20,near_0_200
data/frames/C/000144.jpg,C,train,0.455063,0.121457,0.013232,0.021701,46.87,2967.28,126.61,near_0_200
data/frames/C/000144.jpg,C,train,0.415666,0.340036,0.023355,0.095112,89.68,2967.28,66.17,near_0_200
data/frames/C/000144.jpg,C,train,0.482282,0.079911,0.012069,0.012358,26.69,2967.28,222.32,far_200_400
data/frames/C/000144.jpg,C,train,0.443311,0.232397,0.020372,0.031041,67.05,2967.28,88.51,near_0_200
data/frames/C/000144.jpg,C,train,0.524609,0.797917,0.103906,0.384722,399.00,2967.28,14.87,near_0_200
data/frames/C/000144.jpg,C,train,0.578516,0.754167,0.085156,0.386111,327.00,2967.28,18.15,near_0_200
data/frames/C/000156.jpg,C,train,0.782290,0.958596,0.056618,0.082808,178.87,2967.28,33.18,near_0_200
data/frames/C/000156.jpg,C,train,0.628367,0.596809,0.032054,0.053214,114.94,2967.28,51.63,near_0_200
data/frames/C/000156.jpg,C,train,0.553092,0.144627,0.010505,0.016178,34.94,2967.28,169.83,near_0_200
data/frames/C/000156.jpg,C,train,0.428186,0.659520,0.025538,0.072740,98.07,2967.28,60.52,near_0_200
data/frames/C/000156.jpg,C,train,0.552241,0.472194,0.022295,0.037589,81.19,2967.28,73.09,near_0_200
data/frames/C/000156.jpg,C,train,0.493443,0.499591,0.021029,0.047002,80.75,2967.28,73.49,near_0_200
data/frames/C/000156.jpg,C,train,0.590885,0.100569,0.011029,0.013207,28.53,2967.28,208.03,far_200_400
data/frames/C/000156.jpg,C,train,0.609540,0.656456,0.034567,0.058547,126.46,2967.28,46.93,near_0_200
data/frames/C/000156.jpg,C,train,0.421015,0.280055,0.013725,0.026274,52.70,2967.28,112.60,near_0_200
data/frames/C/000156.jpg,C,train,0.473123,0.296569,0.014413,0.030272,55.35,2967.28,107.23,near_0_200
data/frames/C/000156.jpg,C,train,0.568736,0.372199,0.048239,0.136490,185.24,2967.28,32.04,near_0_200
data/frames/C/000156.jpg,C,train,0.499288,0.180226,0.011134,0.016118,34.81,2967.28,170.46,near_0_200
data/frames/C/000156.jpg,C,train,0.554622,0.196730,0.010579,0.015533,33.55,2967.28,176.88,near_0_200
data/frames/C/000156.jpg,C,train,0.478252,0.234654,0.011473,0.020871,44.06,2967.28,134.70,near_0_200
data/frames/C/000156.jpg,C,train,0.587472,0.123593,0.010517,0.015355,33.17,2967.28,178.93,near_0_200
data/frames/C/000156.jpg,C,train,0.520917,0.278356,0.012040,0.021942,46.23,2967.28,128.36,near_0_200
data/frames/C/000156.jpg,C,train,0.449429,0.186621,0.015064,0.023159,50.02,2967.28,118.64,near_0_200
data/frames/C/000156.jpg,C,train,0.511074,0.152609,0.010181,0.017895,38.65,2967.28,153.53,near_0_200
data/frames/C/000156.jpg,C,train,0.542116,0.165910,0.009569,0.015818,34.17,2967.28,173.69,near_0_200
data/frames/C/000156.jpg,C,train,0.480787,0.395913,0.020357,0.048019,78.17,2967.28,75.92,near_0_200
data/frames/C/000156.jpg,C,train,0.555023,0.073484,0.033703,0.038028,82.14,2967.28,72.25,near_0_200
data/frames/C/000156.jpg,C,train,0.493214,0.149501,0.011305,0.019249,41.58,2967.28,142.73,near_0_200
data/frames/C/000156.jpg,C,train,0.527486,0.206579,0.019634,0.075796,75.39,2967.28,78.71,near_0_200
data/frames/C/000156.jpg,C,train,0.568643,0.121585,0.013287,0.023688,51.02,2967.28,116.31,near_0_200
data/frames/C/000156.jpg,C,train,0.485981,0.202618,0.013409,0.023699,51.19,2967.28,115.93,near_0_200
data/frames/C/000156.jpg,C,train,0.524750,0.133248,0.012513,0.018771,40.55,2967.28,146.37,near_0_200
data/frames/C/000156.jpg,C,train,0.465699,0.192105,0.016319,0.047302,62.66,2967.28,94.70,near_0_200
data/frames/C/000156.jpg,C,train,0.416445,0.422247,0.025221,0.102363,96.85,2967.28,61.28,near_0_200
data/frames/C/000156.jpg,C,train,0.540629,0.115711,0.015299,0.020824,44.98,2967.28,131.94,near_0_200
data/frames/C/000156.jpg,C,train,0.564532,0.089327,0.015090,0.027552,57.95,2967.28,102.42,near_0_200
data/frames/C/000156.jpg,C,train,0.455469,0.498611,0.026562,0.108333,102.00,2967.28,58.18,near_0_200
data/frames/C/000156.jpg,C,train,0.445703,0.259028,0.022656,0.109722,87.00,2967.28,68.21,near_0_200
data/frames/C/000168.jpg,C,train,0.734066,0.901205,0.048009,0.084709,182.97,2967.28,32.43,near_0_200
data/frames/C/000168.jpg,C,train,0.607298,0.589466,0.027393,0.045849,99.03,2967.28,59.92,near_0_200
data/frames/C/000168.jpg,C,train,0.434414,0.777710,0.028996,0.081593,111.34,2967.28,53.30,near_0_200
data/frames/C/000168.jpg,C,train,0.584100,0.626669,0.028977,0.050883,109.91,2967.28,54.00,near_0_200
data/frames/C/000168.jpg,C,train,0.498384,0.580304,0.022994,0.050055,88.30,2967.28,67.21,near_0_200
data/frames/C/000168.jpg,C,train,0.541781,0.479159,0.019773,0.034997,75.59,2967.28,78.51,near_0_200
data/frames/C/000168.jpg,C,train,0.555996,0.191565,0.010404,0.015324,33.10,2967.28,179.29,near_0_200
data/frames/C/000168.jpg,C,train,0.418012,0.350243,0.014074,0.028100,54.04,2967.28,109.81,near_0_200
data/frames/C/000168.jpg,C,train,0.473000,0.359364,0.014805,0.031140,56.85,2967.28,104.39,near_0_200
data/frames/C/000168.jpg,C,train,0.557677,0.234513,0.009075,0.014719,31.79,2967.28,186.66,near_0_200
data/frames/C/000168.jpg,C,train,0.521303,0.316433,0.011571,0.021959,44.43,2967.28,133.56,near_0_200
data/frames/C/000168.jpg,C,train,0.561677,0.390985,0.041373,0.121869,158.87,2967.28,37.35,near_0_200
data/frames/C/000168.jpg,C,train,0.483457,0.467409,0.021342,0.050271,81.95,2967.28,72.41,near_0_200
data/frames/C/000168.jpg,C,train,0.491422,0.203994,0.011106,0.020222,42.65,2967.28,139.16,near_0_200
data/frames/C/000168.jpg,C,train,0.522253,0.189113,0.011747,0.018394,39.73,2967.28,149.37,near_0_200
data/frames/C/000168.jpg,C,train,0.544390,0.210620,0.009938,0.016183,34.96,2967.28,169.78,near_0_200
data/frames/C/000168.jpg,C,train,0.497652,0.235283,0.010882,0.016359,35.34,2967.28,167.95,near_0_200
data/frames/C/000168.jpg,C,train,0.508835,0.207304,0.010448,0.019409,40.12,2967.28,147.92,near_0_200
data/frames/C/000168.jpg,C,train,0.592150,0.170379,0.009700,0.013932,30.09,2967.28,197.21,near_0_200
data/frames/C/000168.jpg,C,train,0.476921,0.293000,0.011358,0.021575,43.61,2967.28,136.07,near_0_200
data/frames/C/000168.jpg,C,train,0.594994,0.148784,0.010210,0.012028,25.98,2967.28,228.42,far_200_400
data/frames/C/000168.jpg,C,train,0.484442,0.259291,0.013496,0.024278,51.82,2967.28,114.51,near_0_200
data/frames/C/000168.jpg,C,train,0.550199,0.127943,0.033146,0.039954,86.30,2967.28,68.77,near_0_200
data/frames/C/000168.jpg,C,train,0.562751,0.142969,0.014907,0.028300,57.24,2967.28,103.67,near_0_200
data/frames/C/000168.jpg,C,train,0.464502,0.249073,0.017891,0.050465,68.70,2967.28,86.38,near_0_200
data/frames/C/000168.jpg,C,train,0.571307,0.169727,0.013354,0.022870,49.40,2967.28,120.13,near_0_200
data/frames/C/000168.jpg,C,train,0.443637,0.251293,0.014839,0.025017,54.04,2967.28,109.82,near_0_200
data/frames/C/000168.jpg,C,train,0.528772,0.249247,0.020049,0.074050,76.99,2967.28,77.08,near_0_200
data/frames/C/000168.jpg,C,train,0.417810,0.507050,0.026591,0.113575,102.11,2967.28,58.12,near_0_200
data/frames/C/000168.jpg,C,train,0.444665,0.343682,0.022592,0.066290,86.75,2967.28,68.41,near_0_200
data/frames/C/000168.jpg,C,train,0.541798,0.167277,0.009807,0.016363,35.34,2967.28,167.91,near_0_200
data/frames/C/000168.jpg,C,train,0.535432,0.173208,0.009709,0.014243,30.76,2967.28,192.90,near_0_200
data/frames/C/000168.jpg,C,train,0.467546,0.205301,0.010221,0.013676,29.54,2967.28,200.90,far_200_400
data/frames/C/000168.jpg,C,train,0.459375,0.586111,0.035937,0.105556,138.00,2967.28,43.00,near_0_200
data/frames/C/000180.jpg,C,train,0.695004,0.854708,0.041997,0.074310,160.51,2967.28,36.97,near_0_200
data/frames/C/000180.jpg,C,train,0.443353,0.907254,0.033172,0.091470,127.38,2967.28,46.59,near_0_200
data/frames/C/000180.jpg,C,train,0.505013,0.664523,0.023936,0.053255,91.91,2967.28,64.57,near_0_200
data/frames/C/000180.jpg,C,train,0.591249,0.590194,0.024120,0.041483,89.60,2967.28,66.23,near_0_200
data/frames/C/000180.jpg,C,train,0.564811,0.614102,0.024902,0.042447,91.69,2967.28,64.73,near_0_200
data/frames/C/000180.jpg,C,train,0.415757,0.422844,0.014042,0.030939,53.92,2967.28,110.06,near_0_200
data/frames/C/000180.jpg,C,train,0.473667,0.423590,0.014793,0.032911,56.81,2967.28,104.47,near_0_200
data/frames/C/000180.jpg,C,train,0.496245,0.290496,0.010852,0.017445,37.68,2967.28,157.49,near_0_200
data/frames/C/000180.jpg,C,train,0.559007,0.238323,0.010757,0.015314,33.08,2967.28,179.41,near_0_200
data/frames/C/000180.jpg,C,train,0.475957,0.350888,0.011678,0.023145,44.84,2967.28,132.34,near_0_200
data/frames/C/000180.jpg,C,train,0.534611,0.494166,0.017623,0.030825,66.58,2967.28,89.13,near_0_200
data/frames/C/000180.jpg,C,train,0.489786,0.258313,0.011443,0.019290,41.67,2967.28,142.43,near_0_200
data/frames/C/000180.jpg,C,train,0.522234,0.355485,0.011259,0.020826,43.23,2967.28,137.26,near_0_200
data/frames/C/000180.jpg,C,train,0.520546,0.243952,0.011845,0.018804,40.62,2967.28,146.11,near_0_200
data/frames/C/000180.jpg,C,train,0.547410,0.256593,0.010278,0.014913,32.21,2967.28,184.23,near_0_200
data/frames/C/000180.jpg,C,train,0.557132,0.414070,0.034615,0.109732,132.92,2967.28,44.65,near_0_200
data/frames/C/000180.jpg,C,train,0.482962,0.315453,0.012710,0.024410,48.81,2967.28,121.59,near_0_200
data/frames/C/000180.jpg,C,train,0.507256,0.262681,0.010472,0.018569,40.11,2967.28,147.96,near_0_200
data/frames/C/000180.jpg,C,train,0.561886,0.195371,0.015286,0.028460,58.70,2967.28,101.10,near_0_200
data/frames/C/000180.jpg,C,train,0.561724,0.274582,0.009554,0.012309,26.59,2967.28,223.21,far_200_400
data/frames/C/000180.jpg,C,train,0.438078,0.316944,0.015013,0.027112,57.65,2967.28,102.94,near_0_200
data/frames/C/000180.jpg,C,train,0.545184,0.182951,0.032876,0.039566,85.46,2967.28,69.44,near_0_200
data/frames/C/000180.jpg,C,train,0.486579,0.539685,0.022855,0.052448,87.76,2967.28,67.62,near_0_200
data/frames/C/000180.jpg,C,train,0.531337,0.292746,0.021682,0.071209,83.26,2967.28,71.28,near_0_200
data/frames/C/000180.jpg,C,train,0.444365,0.407407,0.023080,0.068329,88.63,2967.28,66.96,near_0_200
data/frames/C/000180.jpg,C,train,0.533449,0.227855,0.008639,0.011775,25.43,2967.28,233.33,far_200_400
data/frames/C/000180.jpg,C,train,0.574806,0.218656,0.013296,0.021329,46.07,2967.28,128.81,near_0_200
data/frames/C/000180.jpg,C,train,0.595863,0.216395,0.007934,0.014229,30.47,2967.28,194.79,near_0_200
data/frames/C/000180.jpg,C,train,0.465234,0.672917,0.041406,0.123611,159.00,2967.28,37.32,near_0_200
data/frames/C/000180.jpg,C,train,0.458984,0.270139,0.010156,0.018056,39.00,2967.28,152.17,near_0_200
data/frames/C/000180.jpg,C,train,0.469922,0.287500,0.030469,0.080556,117.00,2967.28,50.72,near_0_200
data/frames/C/000180.jpg,C,train,0.419141,0.597222,0.030469,0.130556,117.00,2967.28,50.72,near_0_200
data/frames/C/000192.jpg,C,train,0.663343,0.823309,0.037006,0.065013,140.43,2967.28,42.26,near_0_200
data/frames/C/000192.jpg,C,train,0.578836,0.598340,0.021572,0.036957,79.83,2967.28,74.34,near_0_200
data/frames/C/000192.jpg,C,train,0.511305,0.753739,0.025566,0.058257,98.17,2967.28,60.45,near_0_200
data/frames/C/000192.jpg,C,train,0.474663,0.411237,0.012108,0.022961,46.49,2967.28,127.64,near_0_200
data/frames/C/000192.jpg,C,train,0.474021,0.489345,0.015453,0.034805,59.34,2967.28,100.01,near_0_200
data/frames/C/000192.jpg,C,train,0.550738,0.615307,0.021514,0.037047,80.02,2967.28,74.16,near_0_200
data/frames/C/000192.jpg,C,train,0.413403,0.498448,0.014914,0.031857,57.27,2967.28,103.62,near_0_200
data/frames/C/000192.jpg,C,train,0.553255,0.440378,0.029821,0.100925,114.51,2967.28,51.82,near_0_200
data/frames/C/000192.jpg,C,train,0.522648,0.395736,0.011431,0.021337,43.90,2967.28,135.20,near_0_200
data/frames/C/000192.jpg,C,train,0.561513,0.285741,0.009971,0.014112,30.48,2967.28,194.69,near_0_200
data/frames/C/000192.jpg,C,train,0.504712,0.318417,0.010127,0.016630,35.92,2967.28,165.21,near_0_200
data/frames/C/000192.jpg,C,train,0.529187,0.515362,0.015159,0.029647,58.21,2967.28,101.95,near_0_200
data/frames/C/000192.jpg,C,train,0.565532,0.314867,0.009164,0.011659,25.18,2967.28,235.65,far_200_400
data/frames/C/000192.jpg,C,train,0.559539,0.248446,0.015366,0.028429,59.01,2967.28,100.58,near_0_200
data/frames/C/000192.jpg,C,train,0.550103,0.302949,0.010594,0.014197,30.67,2967.28,193.53,near_0_200
data/frames/C/000192.jpg,C,train,0.487435,0.313533,0.011332,0.018897,40.82,2967.28,145.39,near_0_200
data/frames/C/000192.jpg,C,train,0.494076,0.346884,0.011251,0.017612,38.04,2967.28,156.00,near_0_200
data/frames/C/000192.jpg,C,train,0.577886,0.266823,0.012041,0.020933,45.22,2967.28,131.25,near_0_200
data/frames/C/000192.jpg,C,train,0.432259,0.384031,0.015231,0.028018,58.49,2967.28,101.47,near_0_200
data/frames/C/000192.jpg,C,train,0.517559,0.297753,0.011850,0.018217,39.35,2967.28,150.82,near_0_200
data/frames/C/000192.jpg,C,train,0.480903,0.373337,0.012993,0.025328,49.89,2967.28,118.95,near_0_200
data/frames/C/000192.jpg,C,train,0.539088,0.237618,0.032935,0.040401,87.27,2967.28,68.01,near_0_200
data/frames/C/000192.jpg,C,train,0.533111,0.337965,0.022444,0.066314,86.18,2967.28,68.86,near_0_200
data/frames/C/000192.jpg,C,train,0.490488,0.615724,0.025002,0.056451,96.01,2967.28,61.81,near_0_200
data/frames/C/000192.jpg,C,train,0.539329,0.271043,0.010228,0.014001,30.24,2967.28,196.23,near_0_200
data/frames/C/000192.jpg,C,train,0.529914,0.242958,0.015637,0.028767,60.05,2967.28,98.83,near_0_200
data/frames/C/000192.jpg,C,train,0.454859,0.331116,0.012890,0.024773,49.50,2967.28,119.90,near_0_200
data/frames/C/000192.jpg,C,train,0.461087,0.356906,0.016271,0.034154,62.48,2967.28,94.98,near_0_200
data/frames/C/000192.jpg,C,train,0.442418,0.489091,0.021089,0.038836,80.98,2967.28,73.28,near_0_200
data/frames/C/000192.jpg,C,train,0.531328,0.279946,0.008755,0.015093,32.60,2967.28,182.04,near_0_200
data/frames/C/000192.jpg,C,train,0.457587,0.377662,0.017459,0.024528,52.98,2967.28,112.01,near_0_200
data/frames/C/000192.jpg,C,train,0.471875,0.776389,0.039062,0.133333,150.00,2967.28,39.56,near_0_200
data/frames/C/000192.jpg,C,train,0.421094,0.693056,0.032813,0.133333,126.00,2967.28,47.10,near_0_200
data/frames/C/000204.jpg,C,train,0.637344,0.805273,0.032174,0.055418,119.70,2967.28,49.58,near_0_200
data/frames/C/000204.jpg,C,train,0.520044,0.847192,0.028756,0.065024,110.42,2967.28,53.74,near_0_200
data/frames/C/000204.jpg,C,train,0.474977,0.556463,0.016022,0.036760,61.52,2967.28,96.46,near_0_200
data/frames/C/000204.jpg,C,train,0.552461,0.348545,0.009616,0.015029,32.46,2967.28,182.81,near_0_200
data/frames/C/000204.jpg,C,train,0.564823,0.333463,0.010811,0.013852,29.92,2967.28,198.35,near_0_200
data/frames/C/000204.jpg,C,train,0.479273,0.430766,0.013544,0.025710,52.01,2967.28,114.11,near_0_200
data/frames/C/000204.jpg,C,train,0.485165,0.368312,0.011090,0.018928,40.88,2967.28,145.15,near_0_200
data/frames/C/000204.jpg,C,train,0.525453,0.541234,0.015280,0.027609,58.68,2967.28,101.14,near_0_200
data/frames/C/000204.jpg,C,train,0.411934,0.577815,0.016095,0.035297,61.80,2967.28,96.02,near_0_200
data/frames/C/000204.jpg,C,train,0.729692,0.982702,0.068996,0.034126,73.71,2967.28,80.51,near_0_200
data/frames/C/000204.jpg,C,train,0.569490,0.612971,0.019615,0.033771,72.95,2967.28,81.36,near_0_200
data/frames/C/000204.jpg,C,train,0.541396,0.627180,0.019418,0.035379,74.57,2967.28,79.59,near_0_200
data/frames/C/000204.jpg,C,train,0.550612,0.470789,0.026332,0.092394,101.11,2967.28,58.69,near_0_200
data/frames/C/000204.jpg,C,train,0.523643,0.437314,0.011345,0.020770,43.56,2967.28,136.22,near_0_200
data/frames/C/000204.jpg,C,train,0.514962,0.353531,0.012602,0.018388,39.72,2967.28,149.42,near_0_200
data/frames/C/000204.jpg,C,train,0.426882,0.451870,0.016604,0.029637,63.76,2967.28,93.08,near_0_200
data/frames/C/000204.jpg,C,train,0.558157,0.301657,0.015107,0.028356,58.01,2967.28,102.30,near_0_200
data/frames/C/000204.jpg,C,train,0.492961,0.402712,0.011630,0.018202,39.32,2967.28,150.94,near_0_200
data/frames/C/000204.jpg,C,train,0.503072,0.371921,0.010426,0.017749,38.34,2967.28,154.80,near_0_200
data/frames/C/000204.jpg,C,train,0.447644,0.395618,0.012082,0.023467,46.39,2967.28,127.91,near_0_200
data/frames/C/000204.jpg,C,train,0.473829,0.471090,0.011793,0.024919,45.29,2967.28,131.05,near_0_200
data/frames/C/000204.jpg,C,train,0.529064,0.335180,0.008841,0.011419,24.67,2967.28,240.61,far_200_400
data/frames/C/000204.jpg,C,train,0.569925,0.356427,0.009113,0.012739,27.52,2967.28,215.67,far_200_400
data/frames/C/000204.jpg,C,train,0.533785,0.291845,0.033292,0.040817,88.16,2967.28,67.31,near_0_200
data/frames/C/000204.jpg,C,train,0.494893,0.694801,0.026134,0.061093,100.35,2967.28,59.14,near_0_200
data/frames/C/000204.jpg,C,train,0.772822,0.969861,0.066096,0.059706,128.96,2967.28,46.02,near_0_200
data/frames/C/000204.jpg,C,train,0.581031,0.315093,0.012490,0.019333,41.76,2967.28,142.11,near_0_200
data/frames/C/000204.jpg,C,train,0.534915,0.383116,0.023324,0.063175,89.56,2967.28,66.26,near_0_200
data/frames/C/000204.jpg,C,train,0.427119,0.836893,0.030443,0.088321,116.90,2967.28,50.77,near_0_200
data/frames/C/000204.jpg,C,train,0.444834,0.514245,0.026863,0.126341,103.15,2967.28,57.53,near_0_200
data/frames/C/000204.jpg,C,train,0.538673,0.324585,0.009656,0.011636,25.13,2967.28,236.12,far_200_400
data/frames/C/000204.jpg,C,train,0.456199,0.433409,0.017498,0.030624,66.15,2967.28,89.72,near_0_200
data/frames/C/000204.jpg,C,train,0.479687,0.880556,0.045312,0.147222,174.00,2967.28,34.11,near_0_200
data/frames/C/000216.jpg,C,train,0.616256,0.797625,0.029109,0.049553,107.03,2967.28,55.45,near_0_200
data/frames/C/000216.jpg,C,train,0.561813,0.632664,0.018045,0.030045,64.90,2967.28,91.45,near_0_200
data/frames/C/000216.jpg,C,train,0.476047,0.625373,0.017454,0.038922,67.02,2967.28,88.54,near_0_200
data/frames/C/000216.jpg,C,train,0.410902,0.660267,0.017032,0.037714,65.40,2967.28,90.74,near_0_200
data/frames/C/000216.jpg,C,train,0.472798,0.531868,0.012597,0.024444,48.37,2967.28,122.68,near_0_200
data/frames/C/000216.jpg,C,train,0.533875,0.645794,0.016934,0.032817,65.03,2967.28,91.26,near_0_200
data/frames/C/000216.jpg,C,train,0.523098,0.571964,0.013657,0.026913,52.44,2967.28,113.16,near_0_200
data/frames/C/000216.jpg,C,train,0.567507,0.380322,0.010299,0.014392,31.09,2967.28,190.90,near_0_200
data/frames/C/000216.jpg,C,train,0.490357,0.459097,0.011643,0.018386,39.71,2967.28,149.43,near_0_200
data/frames/C/000216.jpg,C,train,0.477374,0.488941,0.013587,0.026715,52.17,2967.28,113.75,near_0_200
data/frames/C/000216.jpg,C,train,0.482773,0.422731,0.011559,0.019755,42.67,2967.28,139.08,near_0_200
data/frames/C/000216.jpg,C,train,0.555076,0.395704,0.009830,0.013553,29.27,2967.28,202.72,far_200_400
data/frames/C/000216.jpg,C,train,0.422238,0.521774,0.016211,0.031534,62.25,2967.28,95.33,near_0_200
data/frames/C/000216.jpg,C,train,0.524136,0.479894,0.011391,0.019513,42.15,2967.28,140.80,near_0_200
data/frames/C/000216.jpg,C,train,0.512609,0.407007,0.012173,0.019351,41.80,2967.28,141.98,near_0_200
data/frames/C/000216.jpg,C,train,0.500747,0.427032,0.009764,0.016971,36.66,2967.28,161.89,near_0_200
data/frames/C/000216.jpg,C,train,0.529283,0.946723,0.030857,0.069806,118.49,2967.28,50.08,near_0_200
data/frames/C/000216.jpg,C,train,0.434647,0.953032,0.036409,0.093355,139.81,2967.28,42.45,near_0_200
data/frames/C/000216.jpg,C,train,0.548743,0.503175,0.023488,0.087142,90.19,2967.28,65.80,near_0_200
data/frames/C/000216.jpg,C,train,0.441690,0.459640,0.013271,0.027407,50.96,2967.28,116.45,near_0_200
data/frames/C/000216.jpg,C,train,0.527869,0.345814,0.032196,0.040073,86.56,2967.28,68.56,near_0_200
data/frames/C/000216.jpg,C,train,0.500450,0.777388,0.028216,0.064735,108.35,2967.28,54.77,near_0_200
data/frames/C/000216.jpg,C,train,0.526280,0.388824,0.009199,0.013582,29.34,2967.28,202.29,far_200_400
data/frames/C/000216.jpg,C,train,0.536257,0.427809,0.022865,0.060916,87.80,2967.28,67.59,near_0_200
data/frames/C/000216.jpg,C,train,0.443266,0.610574,0.024149,0.077926,92.73,2967.28,64.00,near_0_200
data/frames/C/000216.jpg,C,train,0.574303,0.399218,0.009036,0.011883,25.67,2967.28,231.21,far_200_400
data/frames/C/000216.jpg,C,train,0.538445,0.357545,0.009782,0.015558,33.61,2967.28,176.60,near_0_200
data/frames/C/000216.jpg,C,train,0.688503,0.965138,0.058225,0.069725,150.61,2967.28,39.40,near_0_200
data/frames/C/000216.jpg,C,train,0.455140,0.480935,0.019587,0.055332,75.21,2967.28,78.90,near_0_200
data/frames/C/000216.jpg,C,train,0.556007,0.353422,0.015047,0.028915,57.78,2967.28,102.71,near_0_200
data/frames/C/000216.jpg,C,train,0.584020,0.362791,0.012639,0.020341,43.94,2967.28,135.07,near_0_200
data/frames/C/000216.jpg,C,train,0.504620,0.976432,0.015483,0.046706,59.45,2967.28,99.82,near_0_200
data/frames/C/000216.jpg,C,train,0.721855,0.927141,0.055864,0.068321,147.57,2967.28,40.21,near_0_200
data/frames/C/000216.jpg,C,train,0.537299,0.376845,0.009449,0.013754,29.71,2967.28,199.76,near_0_200
data/frames/C/000228.jpg,C,train,0.598957,0.797412,0.025408,0.044350,95.80,2967.28,61.95,near_0_200
data/frames/C/000228.jpg,C,train,0.477638,0.696951,0.017768,0.041458,68.23,2967.28,86.98,near_0_200
data/frames/C/000228.jpg,C,train,0.480032,0.477883,0.011753,0.019179,41.43,2967.28,143.25,near_0_200
data/frames/C/000228.jpg,C,train,0.410852,0.746834,0.018477,0.042478,70.95,2967.28,83.64,near_0_200
data/frames/C/000228.jpg,C,train,0.475337,0.547453,0.014237,0.028570,54.67,2967.28,108.55,near_0_200
data/frames/C/000228.jpg,C,train,0.558181,0.442375,0.009610,0.013315,28.76,2967.28,206.34,far_200_400
data/frames/C/000228.jpg,C,train,0.556911,0.656116,0.016290,0.028451,61.45,2967.28,96.57,near_0_200
data/frames/C/000228.jpg,C,train,0.488617,0.515445,0.011287,0.018674,40.34,2967.28,147.13,near_0_200
data/frames/C/000228.jpg,C,train,0.529021,0.668721,0.015736,0.031095,60.43,2967.28,98.21,near_0_200
data/frames/C/000228.jpg,C,train,0.525189,0.522771,0.010673,0.019934,40.98,2967.28,144.80,near_0_200
data/frames/C/000228.jpg,C,train,0.417824,0.592001,0.017469,0.036129,67.08,2967.28,88.47,near_0_200
data/frames/C/000228.jpg,C,train,0.521555,0.603399,0.013111,0.024692,50.35,2967.28,117.87,near_0_200
data/frames/C/000228.jpg,C,train,0.548758,0.536991,0.018850,0.081199,72.38,2967.28,81.99,near_0_200
data/frames/C/000228.jpg,C,train,0.435716,0.525968,0.013853,0.026679,53.20,2967.28,111.56,near_0_200
data/frames/C/000228.jpg,C,train,0.471858,0.593044,0.013158,0.026106,50.53,2967.28,117.45,near_0_200
data/frames/C/000228.jpg,C,train,0.523796,0.442162,0.009541,0.013647,29.48,2967.28,201.32,far_200_400
data/frames/C/000228.jpg,C,train,0.554130,0.404861,0.014974,0.030947,57.50,2967.28,103.21,near_0_200
data/frames/C/000228.jpg,C,train,0.570989,0.426927,0.010155,0.013068,28.23,2967.28,210.24,far_200_400
data/frames/C/000228.jpg,C,train,0.538339,0.472931,0.023732,0.059007,91.13,2967.28,65.12,near_0_200
data/frames/C/000228.jpg,C,train,0.498858,0.481371,0.010556,0.017905,38.67,2967.28,153.45,near_0_200
data/frames/C/000228.jpg,C,train,0.510699,0.460979,0.012740,0.021647,46.76,2967.28,126.92,near_0_200
data/frames/C/000228.jpg,C,train,0.534602,0.411221,0.010171,0.015391,33.24,2967.28,178.51,near_0_200
data/frames/C/000228.jpg,C,train,0.586955,0.410282,0.012232,0.019387,41.88,2967.28,141.72,near_0_200
data/frames/C/000228.jpg,C,train,0.682446,0.892270,0.049163,0.062804,135.66,2967.28,43.75,near_0_200
data/frames/C/000228.jpg,C,train,0.507269,0.866440,0.030906,0.071627,118.68,2967.28,50.01,near_0_200
data/frames/C/000228.jpg,C,train,0.579258,0.441796,0.008126,0.010852,23.44,2967.28,253.18,far_200_400
data/frames/C/000228.jpg,C,train,0.522607,0.400576,0.033610,0.042585,91.98,2967.28,64.52,near_0_200
data/frames/C/000228.jpg,C,train,0.656018,0.951969,0.051097,0.094362,196.21,2967.28,30.25,near_0_200
data/frames/C/000228.jpg,C,train,0.460014,0.511308,0.028845,0.067356,110.76,2967.28,53.58,near_0_200
data/frames/C/000228.jpg,C,train,0.452496,0.553532,0.017985,0.032221,69.06,2967.28,85.93,near_0_200
data/frames/C/000228.jpg,C,train,0.569023,0.398577,0.017726,0.033740,68.07,2967.28,87.19,near_0_200
data/frames/C/000228.jpg,C,train,0.600779,0.370888,0.027193,0.029321,63.33,2967.28,93.70,near_0_200
data/frames/C/000228.jpg,C,train,0.444531,0.647917,0.015625,0.143056,60.00,2967.28,98.91,near_0_200
data/frames/C/000240.jpg,C,train,0.585489,0.804915,0.022487,0.038396,82.94,2967.28,71.56,near_0_200
data/frames/C/000240.jpg,C,train,0.471263,0.655805,0.013786,0.026587,52.94,2967.28,112.10,near_0_200
data/frames/C/000240.jpg,C,train,0.552881,0.683577,0.014834,0.026377,56.96,2967.28,104.18,near_0_200
data/frames/C/000240.jpg,C,train,0.525830,0.696431,0.014540,0.028716,55.83,2967.28,106.29,near_0_200
data/frames/C/000240.jpg,C,train,0.473982,0.608643,0.013582,0.029462,52.15,2967.28,113.79,near_0_200
data/frames/C/000240.jpg,C,train,0.487193,0.573508,0.011926,0.019885,42.95,2967.28,138.17,near_0_200
data/frames/C/000240.jpg,C,train,0.480060,0.771337,0.019340,0.044559,74.27,2967.28,79.91,near_0_200
data/frames/C/000240.jpg,C,train,0.476757,0.534327,0.012010,0.018656,40.30,2967.28,147.27,near_0_200
data/frames/C/000240.jpg,C,train,0.412042,0.839991,0.019909,0.048185,76.45,2967.28,77.63,near_0_200
data/frames/C/000240.jpg,C,train,0.526363,0.566325,0.010158,0.018554,39.01,2967.28,152.14,near_0_200
data/frames/C/000240.jpg,C,train,0.496741,0.536548,0.010044,0.017749,38.34,2967.28,154.80,near_0_200
data/frames/C/000240.jpg,C,train,0.508037,0.516170,0.012471,0.020580,44.45,2967.28,133.50,near_0_200
data/frames/C/000240.jpg,C,train,0.430472,0.591767,0.015123,0.032846,58.07,2967.28,102.19,near_0_200
data/frames/C/000240.jpg,C,train,0.560683,0.489034,0.010104,0.013302,28.73,2967.28,206.55,far_200_400
data/frames/C/000240.jpg,C,train,0.574300,0.475282,0.010317,0.011661,25.19,2967.28,235.61,far_200_400
data/frames/C/000240.jpg,C,train,0.521621,0.496424,0.009196,0.013201,28.51,2967.28,208.13,far_200_400
data/frames/C/000240.jpg,C,train,0.520923,0.638514,0.011956,0.022791,45.91,2967.28,129.26,near_0_200
data/frames/C/000240.jpg,C,train,0.548951,0.573433,0.017640,0.078156,67.74,2967.28,87.61,near_0_200
data/frames/C/000240.jpg,C,train,0.515969,0.961061,0.034511,0.075700,132.52,2967.28,44.78,near_0_200
data/frames/C/000240.jpg,C,train,0.540337,0.518540,0.023911,0.056223,91.82,2967.28,64.63,near_0_200
data/frames/C/000240.jpg,C,train,0.414356,0.666247,0.018165,0.039731,69.75,2967.28,85.08,near_0_200
data/frames/C/000240.jpg,C,train,0.552127,0.457240,0.016636,0.029745,63.88,2967.28,92.90,near_0_200
data/frames/C/000240.jpg,C,train,0.583857,0.486472,0.008501,0.009910,21.41,2967.28,277.24,far_200_400
data/frames/C/000240.jpg,C,train,0.517609,0.455357,0.033823,0.042890,92.64,2967.28,64.06,near_0_200
data/frames/C/000240.jpg,C,train,0.531110,0.466177,0.010008,0.015204,32.84,2967.28,180.71,near_0_200
data/frames/C/000240.jpg,C,train,0.590664,0.457893,0.012412,0.020043,43.29,2967.28,137.08,near_0_200
data/frames/C/000240.jpg,C,train,0.534635,0.482152,0.008939,0.011874,25.65,2967.28,231.39,far_200_400
data/frames/C/000240.jpg,C,train,0.653906,0.946528,0.087500,0.093056,201.00,2967.28,29.52,near_0_200
data/frames/C/000240.jpg,C,train,0.692187,0.920139,0.120313,0.148611,321.00,2967.28,18.49,near_0_200
data/frames/C/000240.jpg,C,train,0.454297,0.579861,0.019531,0.095833,75.00,2967.28,79.13,near_0_200
data/frames/C/000240.jpg,C,train,0.446484,0.716667,0.027344,0.166667,105.00,2967.28,56.52,near_0_200
data/frames/C/000252.jpg,C,train,0.574642,0.817943,0.020756,0.035014,75.63,2967.28,78.47,near_0_200
data/frames/C/000252.jpg,C,train,0.483282,0.850701,0.020921,0.048107,80.34,2967.28,73.87,near_0_200
data/frames/C/000252.jpg,C,train,0.563882,0.536186,0.008757,0.013785,29.78,2967.28,199.31,near_0_200
data/frames/C/000252.jpg,C,train,0.470493,0.719802,0.014101,0.029065,54.15,2967.28,109.60,near_0_200
data/frames/C/000252.jpg,C,train,0.484867,0.631973,0.011418,0.020473,43.85,2967.28,135.35,near_0_200
data/frames/C/000252.jpg,C,train,0.473507,0.591032,0.011527,0.019918,43.02,2967.28,137.94,near_0_200
data/frames/C/000252.jpg,C,train,0.527080,0.519936,0.011010,0.014555,31.44,2967.28,188.77,near_0_200
data/frames/C/000252.jpg,C,train,0.527732,0.611307,0.009761,0.017498,37.48,2967.28,158.33,near_0_200
data/frames/C/000252.jpg,C,train,0.577711,0.523064,0.010204,0.011786,25.46,2967.28,233.11,far_200_400
data/frames/C/000252.jpg,C,train,0.550664,0.712731,0.013813,0.024591,53.04,2967.28,111.88,near_0_200
data/frames/C/000252.jpg,C,train,0.413764,0.938983,0.021769,0.054097,83.59,2967.28,70.99,near_0_200
data/frames/C/000252.jpg,C,train,0.472445,0.670271,0.014163,0.030657,54.39,2967.28,109.12,near_0_200
data/frames/C/000252.jpg,C,train,0.411257,0.743892,0.018503,0.044101,71.05,2967.28,83.52,near_0_200
data/frames/C/000252.jpg,C,train,0.505724,0.570300,0.012236,0.020343,43.94,2967.28,135.06,near_0_200
data/frames/C/000252.jpg,C,train,0.424790,0.661937,0.015542,0.034386,59.68,2967.28,99.44,near_0_200
data/frames/C/000252.jpg,C,train,0.493886,0.592541,0.011233,0.020263,43.13,2967.28,137.58,near_0_200
data/frames/C/000252.jpg,C,train,0.587634,0.993788,0.024426,0.012424,26.84,2967.28,221.14,far_200_400
data/frames/C/000252.jpg,C,train,0.523164,0.728404,0.013457,0.026750,51.67,2967.28,114.84,near_0_200
data/frames/C/000252.jpg,C,train,0.520730,0.675723,0.012204,0.023442,46.86,2967.28,126.64,near_0_200
data/frames/C/000252.jpg,C,train,0.549995,0.611124,0.019008,0.070461,72.99,2967.28,81.31,near_0_200
data/frames/C/000252.jpg,C,train,0.512531,0.508080,0.032741,0.039499,85.32,2967.28,69.56,near_0_200
data/frames/C/000252.jpg,C,train,0.518470,0.550766,0.009527,0.014308,30.91,2967.28,192.02,near_0_200
data/frames/C/000252.jpg,C,train,0.533001,0.534321,0.011007,0.013338,28.81,2967.28,205.99,far_200_400
data/frames/C/000252.jpg,C,train,0.588313,0.531118,0.007901,0.010355,22.37,2967.28,265.33,far_200_400
data/frames/C/000252.jpg,C,train,0.542688,0.565491,0.023711,0.056925,91.05,2967.28,65.18,near_0_200
data/frames/C/000252.jpg,C,train,0.550690,0.510589,0.014637,0.028228,56.21,2967.28,105.59,near_0_200
data/frames/C/000252.jpg,C,train,0.659197,0.920278,0.111879,0.159445,344.40,2967.28,17.23,near_0_200
data/frames/C/000252.jpg,C,train,0.608746,0.929603,0.041785,0.077490,160.45,2967.28,36.99,near_0_200
data/frames/C/000252.jpg,C,train,0.580121,0.476615,0.008415,0.013287,28.70,2967.28,206.78,far_200_400
data/frames/C/000252.jpg,C,train,0.541038,0.501562,0.009222,0.010312,22.27,2967.28,266.43,far_200_400
data/frames/C/000252.jpg,C,train,0.592641,0.507000,0.009914,0.017781,38.07,2967.28,155.89,near_0_200
data/frames/C/000252.jpg,C,train,0.502308,0.521103,0.015251,0.025776,55.68,2967.28,106.59,near_0_200
data/frames/C/000252.jpg,C,train,0.445703,0.793056,0.025781,0.172222,99.00,2967.28,59.95,near_0_200
data/frames/C/000252.jpg,C,train,0.452344,0.643750,0.014063,0.090278,54.00,2967.28,109.90,near_0_200
data/frames/C/000264.jpg,C,train,0.487346,0.933082,0.023126,0.051807,88.80,2967.28,66.83,near_0_200
data/frames/C/000264.jpg,C,train,0.548607,0.745398,0.012338,0.022968,47.38,2967.28,125.26,near_0_200
data/frames/C/000264.jpg,C,train,0.470375,0.786064,0.014829,0.030808,56.94,2967.28,104.22,near_0_200
data/frames/C/000264.jpg,C,train,0.566548,0.837529,0.019061,0.031753,68.59,2967.28,86.53,near_0_200
data/frames/C/000264.jpg,C,train,0.567075,0.583055,0.009648,0.013578,29.33,2967.28,202.35,far_200_400
data/frames/C/000264.jpg,C,train,0.529227,0.655505,0.009789,0.017058,36.85,2967.28,161.07,near_0_200
data/frames/C/000264.jpg,C,train,0.470325,0.645979,0.011834,0.023448,45.44,2967.28,130.59,near_0_200
data/frames/C/000264.jpg,C,train,0.408732,0.825949,0.020523,0.047962,78.81,2967.28,75.30,near_0_200
data/frames/C/000264.jpg,C,train,0.471542,0.732229,0.014965,0.031143,57.47,2967.28,103.27,near_0_200
data/frames/C/000264.jpg,C,train,0.483033,0.690338,0.011963,0.020945,45.24,2967.28,131.18,near_0_200
data/frames/C/000264.jpg,C,train,0.521955,0.761847,0.012631,0.026179,48.50,2967.28,122.35,near_0_200
data/frames/C/000264.jpg,C,train,0.491545,0.648771,0.011488,0.022473,44.11,2967.28,134.53,near_0_200
data/frames/C/000264.jpg,C,train,0.580829,0.570141,0.010079,0.012064,26.06,2967.28,227.74,far_200_400
data/frames/C/000264.jpg,C,train,0.548808,0.562174,0.015431,0.028071,59.26,2967.28,100.15,near_0_200
data/frames/C/000264.jpg,C,train,0.503370,0.625119,0.012867,0.020143,43.51,2967.28,136.40,near_0_200
data/frames/C/000264.jpg,C,train,0.530767,0.586536,0.009967,0.014905,32.19,2967.28,184.33,near_0_200
data/frames/C/000264.jpg,C,train,0.576305,0.530165,0.011676,0.011748,25.38,2967.28,233.87,far_200_400
data/frames/C/000264.jpg,C,train,0.551629,0.649588,0.018673,0.068806,71.70,2967.28,82.76,near_0_200
data/frames/C/000264.jpg,C,train,0.516053,0.605648,0.010193,0.012556,27.12,2967.28,218.82,far_200_400
data/frames/C/000264.jpg,C,train,0.571458,0.995313,0.021484,0.009375,20.25,2967.28,293.06,far_200_400
data/frames/C/000264.jpg,C,train,0.520947,0.713104,0.011445,0.021807,43.95,2967.28,135.03,near_0_200
data/frames/C/000264.jpg,C,train,0.419834,0.733103,0.015981,0.039180,61.37,2967.28,96.71,near_0_200
data/frames/C/000264.jpg,C,train,0.508156,0.561094,0.031520,0.036420,78.67,2967.28,75.44,near_0_200
data/frames/C/000264.jpg,C,train,0.543199,0.611742,0.020707,0.053324,79.51,2967.28,74.63,near_0_200
data/frames/C/000264.jpg,C,train,0.592235,0.932765,0.035703,0.072136,137.10,2967.28,43.29,near_0_200
data/frames/C/000264.jpg,C,train,0.523751,0.573781,0.010654,0.014101,30.46,2967.28,194.84,near_0_200
data/frames/C/000264.jpg,C,train,0.634200,0.922675,0.095393,0.154651,334.05,2967.28,17.77,near_0_200
data/frames/C/000264.jpg,C,train,0.541027,0.621220,0.016053,0.033814,61.64,2967.28,96.27,near_0_200
data/frames/C/000264.jpg,C,train,0.446875,0.870833,0.028125,0.186111,108.00,2967.28,54.95,near_0_200
data/frames/C/000264.jpg,C,train,0.450391,0.698611,0.014844,0.102778,57.00,2967.28,104.11,near_0_200
data/frames/C/000276.jpg,C,train,0.470852,0.850550,0.015583,0.032314,59.84,2967.28,99.18,near_0_200
data/frames/C/000276.jpg,C,train,0.569846,0.628121,0.009867,0.011961,25.84,2967.28,229.70,far_200_400
data/frames/C/000276.jpg,C,train,0.547090,0.776237,0.011984,0.022103,46.02,2967.28,128.96,near_0_200
data/frames/C/000276.jpg,C,train,0.406533,0.909405,0.020410,0.052917,78.37,2967.28,75.72,near_0_200
data/frames/C/000276.jpg,C,train,0.470914,0.793245,0.015581,0.033540,59.83,2967.28,99.19,near_0_200
data/frames/C/000276.jpg,C,train,0.521970,0.749931,0.011238,0.021665,43.15,2967.28,137.52,near_0_200
data/frames/C/000276.jpg,C,train,0.561008,0.858754,0.016942,0.029457,63.63,2967.28,93.27,near_0_200
data/frames/C/000276.jpg,C,train,0.481373,0.747031,0.012508,0.021607,46.67,2967.28,127.16,near_0_200
data/frames/C/000276.jpg,C,train,0.513273,0.657351,0.009566,0.014709,31.77,2967.28,186.79,near_0_200
data/frames/C/000276.jpg,C,train,0.530581,0.697818,0.009550,0.016805,36.30,2967.28,163.49,near_0_200
data/frames/C/000276.jpg,C,train,0.584545,0.615658,0.010109,0.012331,26.63,2967.28,222.81,far_200_400
data/frames/C/000276.jpg,C,train,0.415201,0.804844,0.017180,0.042153,65.97,2967.28,89.96,near_0_200
data/frames/C/000276.jpg,C,train,0.521616,0.795741,0.012276,0.024616,47.14,2967.28,125.89,near_0_200
data/frames/C/000276.jpg,C,train,0.488863,0.703102,0.011465,0.021592,44.03,2967.28,134.80,near_0_200
data/frames/C/000276.jpg,C,train,0.547073,0.611624,0.014928,0.029488,57.32,2967.28,103.53,near_0_200
data/frames/C/000276.jpg,C,train,0.467212,0.702906,0.012352,0.020857,45.05,2967.28,131.73,near_0_200
data/frames/C/000276.jpg,C,train,0.501026,0.677845,0.012036,0.021518,46.22,2967.28,128.40,near_0_200
data/frames/C/000276.jpg,C,train,0.529305,0.637219,0.009945,0.012792,27.63,2967.28,214.78,far_200_400
data/frames/C/000276.jpg,C,train,0.570097,0.580171,0.010687,0.012351,26.68,2967.28,222.45,far_200_400
data/frames/C/000276.jpg,C,train,0.542436,0.664022,0.013777,0.031586,52.90,2967.28,112.18,near_0_200
data/frames/C/000276.jpg,C,train,0.521207,0.625009,0.009498,0.014298,30.88,2967.28,192.16,near_0_200
data/frames/C/000276.jpg,C,train,0.502500,0.615472,0.030788,0.042934,92.74,2967.28,63.99,near_0_200
data/frames/C/000276.jpg,C,train,0.553184,0.699925,0.016593,0.035080,63.72,2967.28,93.14,near_0_200
data/frames/C/000276.jpg,C,train,0.531670,0.606639,0.009360,0.010103,21.82,2967.28,271.95,far_200_400
data/frames/C/000276.jpg,C,train,0.554916,0.685825,0.019773,0.063229,75.93,2967.28,78.16,near_0_200
data/frames/C/000276.jpg,C,train,0.490723,0.632943,0.012995,0.021156,45.70,2967.28,129.87,near_0_200
data/frames/C/000276.jpg,C,train,0.448696,0.922709,0.031107,0.153102,119.45,2967.28,49.68,near_0_200
data/frames/C/000276.jpg,C,train,0.448047,0.759722,0.022656,0.108333,87.00,2967.28,68.21,near_0_200
data/frames/C/000276.jpg,C,train,0.596484,0.952083,0.072656,0.084722,183.00,2967.28,32.43,near_0_200
data/frames/C/000276.jpg,C,train,0.617969,0.916667,0.068750,0.138889,264.00,2967.28,22.48,near_0_200
data/frames/C/000288.jpg,C,train,0.471747,0.916071,0.015697,0.034038,60.28,2967.28,98.46,near_0_200
data/frames/C/000288.jpg,C,train,0.470375,0.852726,0.015997,0.035841,61.43,2967.28,96.61,near_0_200
data/frames/C/000288.jpg,C,train,0.573269,0.669979,0.009990,0.014118,30.49,2967.28,194.61,near_0_200
data/frames/C/000288.jpg,C,train,0.532512,0.737749,0.009510,0.014998,32.40,2967.28,183.19,near_0_200
data/frames/C/000288.jpg,C,train,0.556145,0.879615,0.015549,0.027785,59.71,2967.28,99.39,near_0_200
data/frames/C/000288.jpg,C,train,0.523079,0.785046,0.010877,0.020637,41.77,2967.28,142.08,near_0_200
data/frames/C/000288.jpg,C,train,0.546382,0.805773,0.011309,0.021557,43.43,2967.28,136.66,near_0_200
data/frames/C/000288.jpg,C,train,0.587970,0.658426,0.009338,0.010016,21.63,2967.28,274.31,far_200_400
data/frames/C/000288.jpg,C,train,0.463970,0.754355,0.013179,0.022264,48.09,2967.28,123.40,near_0_200
data/frames/C/000288.jpg,C,train,0.479733,0.802703,0.012352,0.022526,47.43,2967.28,125.12,near_0_200
data/frames/C/000288.jpg,C,train,0.558094,0.722009,0.020542,0.058911,78.88,2967.28,75.23,near_0_200
data/frames/C/000288.jpg,C,train,0.486445,0.755590,0.011482,0.023346,44.09,2967.28,134.60,near_0_200
data/frames/C/000288.jpg,C,train,0.521232,0.826902,0.011425,0.024065,43.87,2967.28,135.27,near_0_200
data/frames/C/000288.jpg,C,train,0.518076,0.673920,0.010015,0.013781,29.77,2967.28,199.37,near_0_200
data/frames/C/000288.jpg,C,train,0.411466,0.878125,0.017901,0.047250,68.74,2967.28,86.33,near_0_200
data/frames/C/000288.jpg,C,train,0.565072,0.627431,0.010994,0.011993,25.90,2967.28,229.09,far_200_400
data/frames/C/000288.jpg,C,train,0.499384,0.727169,0.012953,0.022533,48.67,2967.28,121.93,near_0_200
data/frames/C/000288.jpg,C,train,0.527149,0.684363,0.010202,0.014885,32.15,2967.28,184.58,near_0_200
data/frames/C/000288.jpg,C,train,0.511018,0.705955,0.010206,0.013714,29.62,2967.28,200.34,far_200_400
data/frames/C/000288.jpg,C,train,0.526413,0.654804,0.010054,0.012270,26.50,2967.28,223.92,far_200_400
data/frames/C/000288.jpg,C,train,0.544705,0.659134,0.016080,0.029311,61.75,2967.28,96.11,near_0_200
data/frames/C/000288.jpg,C,train,0.404984,0.983163,0.022997,0.033674,72.74,2967.28,81.59,near_0_200
data/frames/C/000288.jpg,C,train,0.546256,0.705249,0.016745,0.032496,64.30,2967.28,92.29,near_0_200
data/frames/C/000288.jpg,C,train,0.496922,0.664934,0.031700,0.042691,92.21,2967.28,64.36,near_0_200
data/frames/C/000288.jpg,C,train,0.449826,0.817122,0.033225,0.112681,127.58,2967.28,46.51,near_0_200
data/frames/C/000288.jpg,C,train,0.549504,0.694784,0.023920,0.052723,91.85,2967.28,64.61,near_0_200
data/frames/C/000288.jpg,C,train,0.582812,0.955556,0.060937,0.080556,174.00,2967.28,34.11,near_0_200
data/frames/C/000288.jpg,C,train,0.607031,0.921528,0.057813,0.131944,222.00,2967.28,26.73,near_0_200
data/frames/C/000300.jpg,C,train,0.576837,0.708843,0.009768,0.012652,27.33,2967.28,217.16,far_200_400
data/frames/C/000300.jpg,C,train,0.478513,0.855539,0.012784,0.023207,49.09,2967.28,120.89,near_0_200
data/frames/C/000300.jpg,C,train,0.546599,0.832968,0.010705,0.019994,41.11,2967.28,144.37,near_0_200
data/frames/C/000300.jpg,C,train,0.534281,0.774694,0.009918,0.015703,33.92,2967.28,174.97,near_0_200
data/frames/C/000300.jpg,C,train,0.553534,0.901377,0.014450,0.025622,55.34,2967.28,107.23,near_0_200
data/frames/C/000300.jpg,C,train,0.484081,0.805057,0.011745,0.023539,45.10,2967.28,131.58,near_0_200
data/frames/C/000300.jpg,C,train,0.473187,0.980073,0.017461,0.036813,67.05,2967.28,88.51,near_0_200
data/frames/C/000300.jpg,C,train,0.470367,0.910306,0.016574,0.038554,63.64,2967.28,93.25,near_0_200
data/frames/C/000300.jpg,C,train,0.508590,0.752918,0.009564,0.015278,33.00,2967.28,179.83,near_0_200
data/frames/C/000300.jpg,C,train,0.515179,0.718563,0.011212,0.014303,30.89,2967.28,192.09,near_0_200
data/frames/C/000300.jpg,C,train,0.521466,0.856398,0.011271,0.022309,43.28,2967.28,137.12,near_0_200
data/frames/C/000300.jpg,C,train,0.591757,0.697003,0.009266,0.011655,25.17,2967.28,235.73,far_200_400
data/frames/C/000300.jpg,C,train,0.524419,0.817822,0.011278,0.020415,43.31,2967.28,137.03,near_0_200
data/frames/C/000300.jpg,C,train,0.461690,0.803596,0.012224,0.024319,46.94,2967.28,126.43,near_0_200
data/frames/C/000300.jpg,C,train,0.525177,0.729046,0.010112,0.013670,29.53,2967.28,200.99,far_200_400
data/frames/C/000300.jpg,C,train,0.497053,0.773396,0.013185,0.023371,50.48,2967.28,117.56,near_0_200
data/frames/C/000300.jpg,C,train,0.594032,0.661986,0.034598,0.036728,79.33,2967.28,74.81,near_0_200
data/frames/C/000300.jpg,C,train,0.521213,0.701523,0.010200,0.009999,21.60,2967.28,274.78,far_200_400
data/frames/C/000300.jpg,C,train,0.542545,0.702722,0.016522,0.030532,63.44,2967.28,93.54,near_0_200
data/frames/C/000300.jpg,C,train,0.408812,0.952188,0.018863,0.051729,72.43,2967.28,81.93,near_0_200
data/frames/C/000300.jpg,C,train,0.561380,0.754028,0.021585,0.057857,82.89,2967.28,71.60,near_0_200
data/frames/C/000300.jpg,C,train,0.559405,0.671496,0.010336,0.011306,24.42,2967.28,243.01,far_200_400
data/frames/C/000300.jpg,C,train,0.594169,0.940289,0.048071,0.119422,184.59,2967.28,32.15,near_0_200
data/frames/C/000300.jpg,C,train,0.488672,0.711806,0.033594,0.048611,105.00,2967.28,56.52,near_0_200
data/frames/C/000300.jpg,C,train,0.446484,0.876389,0.021094,0.125000,81.00,2967.28,73.27,near_0_200
data/frames/C/000300.jpg,C,train,0.567969,0.963194,0.042188,0.062500,135.00,2967.28,43.96,near_0_200
data/frames/C/000312.jpg,C,train,0.481500,0.854621,0.012229,0.024282,46.96,2967.28,126.38,near_0_200
data/frames/C/000312.jpg,C,train,0.536331,0.809929,0.009994,0.016037,34.64,2967.28,171.32,near_0_200
data/frames/C/000312.jpg,C,train,0.580418,0.746919,0.010327,0.013669,29.53,2967.28,201.00,far_200_400
data/frames/C/000312.jpg,C,train,0.458624,0.854214,0.011900,0.024474,45.70,2967.28,129.87,near_0_200
data/frames/C/000312.jpg,C,train,0.476720,0.908874,0.013003,0.025455,49.93,2967.28,118.85,near_0_200
data/frames/C/000312.jpg,C,train,0.550682,0.924670,0.013313,0.023695,51.12,2967.28,116.09,near_0_200
data/frames/C/000312.jpg,C,train,0.547592,0.860346,0.010651,0.019290,40.90,2967.28,145.10,near_0_200
data/frames/C/000312.jpg,C,train,0.470437,0.968125,0.017098,0.040242,65.66,2967.28,90.39,near_0_200
data/frames/C/000312.jpg,C,train,0.522378,0.885166,0.011365,0.022516,43.64,2967.28,135.98,near_0_200
data/frames/C/000312.jpg,C,train,0.523168,0.772811,0.010457,0.014124,30.51,2967.28,194.53,near_0_200
data/frames/C/000312.jpg,C,train,0.595408,0.734548,0.009944,0.012007,25.94,2967.28,228.82,far_200_400
data/frames/C/000312.jpg,C,train,0.494902,0.820245,0.013779,0.024920,52.91,2967.28,112.16,near_0_200
data/frames/C/000312.jpg,C,train,0.506114,0.797670,0.009364,0.015592,33.68,2967.28,176.21,near_0_200
data/frames/C/000312.jpg,C,train,0.511941,0.762940,0.010288,0.013687,29.56,2967.28,200.74,far_200_400
data/frames/C/000312.jpg,C,train,0.516116,0.745371,0.010465,0.011857,25.61,2967.28,231.72,far_200_400
data/frames/C/000312.jpg,C,train,0.540119,0.745348,0.017167,0.030202,65.24,2967.28,90.97,near_0_200
data/frames/C/000312.jpg,C,train,0.525994,0.849999,0.011292,0.019208,41.49,2967.28,143.04,near_0_200
data/frames/C/000312.jpg,C,train,0.593196,0.703068,0.036339,0.036934,79.78,2967.28,74.39,near_0_200
data/frames/C/000312.jpg,C,train,0.565415,0.786715,0.022470,0.052478,86.28,2967.28,68.78,near_0_200
data/frames/C/000312.jpg,C,train,0.586401,0.947334,0.039393,0.103922,151.27,2967.28,39.23,near_0_200
data/frames/C/000312.jpg,C,train,0.553537,0.715189,0.010274,0.010545,22.78,2967.28,260.55,far_200_400
data/frames/C/000312.jpg,C,train,0.487087,0.755420,0.030924,0.042565,91.94,2967.28,64.55,near_0_200
data/frames/C/000312.jpg,C,train,0.444922,0.917361,0.021094,0.126389,81.00,2967.28,73.27,near_0_200
data/frames/C/000312.jpg,C,train,0.562109,0.972222,0.041406,0.044444,96.00,2967.28,61.82,near_0_200
data/frames/D/000000.jpg,D,train,0.966404,0.867868,0.066437,0.074674,161.30,2967.28,36.79,near_0_200
data/frames/D/000000.jpg,D,train,0.979998,0.184554,0.039896,0.068645,148.27,2967.28,40.02,near_0_200
data/frames/D/000000.jpg,D,train,0.469141,0.703472,0.060156,0.068056,147.00,2967.28,40.37,near_0_200
data/frames/D/000000.jpg,D,train,0.711328,0.806944,0.067969,0.086111,186.00,2967.28,31.91,near_0_200
data/frames/D/000000.jpg,D,train,0.802344,0.764583,0.065625,0.084722,183.00,2967.28,32.43,near_0_200
data/frames/D/000000.jpg,D,train,0.579688,0.506944,0.039062,0.050000,108.00,2967.28,54.95,near_0_200
data/frames/D/000000.jpg,D,train,0.037109,0.475000,0.069531,0.075000,162.00,2967.28,36.63,near_0_200
data/frames/D/000000.jpg,D,train,0.509766,0.245139,0.074219,0.048611,105.00,2967.28,56.52,near_0_200
data/frames/D/000000.jpg,D,train,0.325000,0.224306,0.070312,0.059722,129.00,2967.28,46.00,near_0_200
data/frames/D/000015.jpg,D,train,0.979745,0.184084,0.040440,0.072264,155.29,2967.28,38.22,near_0_200
data/frames/D/000015.jpg,D,train,0.102734,0.503472,0.071094,0.068056,147.00,2967.28,40.37,near_0_200
data/frames/D/000015.jpg,D,train,0.057813,0.390972,0.060937,0.065278,141.00,2967.28,42.09,near_0_200
data/frames/D/000015.jpg,D,train,0.323828,0.225694,0.069531,0.054167,117.00,2967.28,50.72,near_0_200
data/frames/D/000015.jpg,D,train,0.512891,0.243056,0.072656,0.052778,114.00,2967.28,52.06,near_0_200
data/frames/D/000015.jpg,D,train,0.657813,0.547222,0.046875,0.055556,120.00,2967.28,49.45,near_0_200
data/frames/D/000015.jpg,D,train,0.533984,0.721528,0.064844,0.068056,147.00,2967.28,40.37,near_0_200
data/frames/D/000015.jpg,D,train,0.775391,0.836111,0.074219,0.086111,186.00,2967.28,31.91,near_0_200
data/frames/D/000015.jpg,D,train,0.862891,0.793750,0.067969,0.079167,171.00,2967.28,34.70,near_0_200
data/frames/D/000030.jpg,D,train,0.978296,0.184256,0.043291,0.073985,159.81,2967.28,37.14,near_0_200
data/frames/D/000030.jpg,D,train,0.840855,0.868160,0.080308,0.075620,163.34,2967.28,36.33,near_0_200
data/frames/D/000030.jpg,D,train,0.123539,0.423111,0.074311,0.065270,140.98,2967.28,42.09,near_0_200
data/frames/D/000030.jpg,D,train,0.182397,0.543013,0.085753,0.067064,144.86,2967.28,40.97,near_0_200
data/frames/D/000030.jpg,D,train,0.919922,0.829861,0.063281,0.087500,189.00,2967.28,31.40,near_0_200
data/frames/D/000030.jpg,D,train,0.596484,0.746528,0.072656,0.073611,159.00,2967.28,37.32,near_0_200
data/frames/D/000030.jpg,D,train,0.730859,0.587500,0.041406,0.063889,138.00,2967.28,43.00,near_0_200
data/frames/D/000030.jpg,D,train,0.512109,0.252778,0.074219,0.055556,120.00,2967.28,49.45,near_0_200
data/frames/D/000030.jpg,D,train,0.326172,0.225694,0.071094,0.056944,123.00,2967.28,48.25,near_0_200
data/frames/D/000045.jpg,D,train,0.967171,0.866309,0.065213,0.078464,169.48,2967.28,35.02,near_0_200
data/frames/D/000045.jpg,D,train,0.991437,0.463489,0.017126,0.047977,65.76,2967.28,90.24,near_0_200
data/frames/D/000045.jpg,D,train,0.991410,0.246114,0.017179,0.054036,65.97,2967.28,89.96,near_0_200
data/frames/D/000045.jpg,D,train,0.892854,0.894887,0.076685,0.079920,172.63,2967.28,34.38,near_0_200
data/frames/D/000045.jpg,D,train,0.985681,0.383915,0.028638,0.048626,105.03,2967.28,56.50,near_0_200
data/frames/D/000045.jpg,D,train,0.799219,0.632639,0.048438,0.068056,147.00,2967.28,40.37,near_0_200
data/frames/D/000045.jpg,D,train,0.656250,0.764583,0.070312,0.073611,159.00,2967.28,37.32,near_0_200
data/frames/D/000045.jpg,D,train,0.971484,0.189583,0.050781,0.070833,153.00,2967.28,38.79,near_0_200
data/frames/D/000045.jpg,D,train,0.512500,0.253472,0.067187,0.054167,117.00,2967.28,50.72,near_0_200
data/frames/D/000045.jpg,D,train,0.182422,0.453472,0.064844,0.059722,129.00,2967.28,46.00,near_0_200
data/frames/D/000045.jpg,D,train,0.331250,0.235417,0.073438,0.043056,93.00,2967.28,63.81,near_0_200
data/frames/D/000045.jpg,D,train,0.250391,0.575000,0.071094,0.063889,138.00,2967.28,43.00,near_0_200
data/frames/D/000060.jpg,D,train,0.937485,0.923407,0.075248,0.079249,171.18,2967.28,34.67,near_0_200
data/frames/D/000060.jpg,D,train,0.987835,0.889082,0.024331,0.059062,93.43,2967.28,63.52,near_0_200
data/frames/D/000060.jpg,D,train,0.983244,0.253860,0.033503,0.055884,120.71,2967.28,49.16,near_0_200
data/frames/D/000060.jpg,D,train,0.983281,0.465391,0.032669,0.045612,98.52,2967.28,60.24,near_0_200
data/frames/D/000060.jpg,D,train,0.964768,0.200940,0.069990,0.075738,163.59,2967.28,36.28,near_0_200
data/frames/D/000060.jpg,D,train,0.868425,0.683033,0.061617,0.053033,114.55,2967.28,51.81,near_0_200
data/frames/D/000060.jpg,D,train,0.717504,0.785439,0.073507,0.063544,137.26,2967.28,43.24,near_0_200
data/frames/D/000060.jpg,D,train,0.975391,0.388194,0.041406,0.051389,111.00,2967.28,53.46,near_0_200
data/frames/D/000060.jpg,D,train,0.325000,0.611806,0.068750,0.068056,147.00,2967.28,40.37,near_0_200
data/frames/D/000060.jpg,D,train,0.242578,0.481250,0.061719,0.056944,123.00,2967.28,48.25,near_0_200
data/frames/D/000060.jpg,D,train,0.337109,0.243750,0.067969,0.040278,87.00,2967.28,68.21,near_0_200
data/frames/D/000060.jpg,D,train,0.510156,0.259722,0.059375,0.052778,114.00,2967.28,52.06,near_0_200
data/frames/D/000075.jpg,D,train,0.971164,0.955304,0.057528,0.080508,173.90,2967.28,34.13,near_0_200
data/frames/D/000075.jpg,D,train,0.955003,0.210915,0.080031,0.069580,150.29,2967.28,39.49,near_0_200
data/frames/D/000075.jpg,D,train,0.969427,0.384284,0.061146,0.063377,136.89,2967.28,43.35,near_0_200
data/frames/D/000075.jpg,D,train,0.974855,0.251762,0.050131,0.077576,167.56,2967.28,35.42,near_0_200
data/frames/D/000075.jpg,D,train,0.301953,0.507639,0.058594,0.059722,129.00,2967.28,46.00,near_0_200
data/frames/D/000075.jpg,D,train,0.396484,0.635417,0.063281,0.070833,153.00,2967.28,38.79,near_0_200
data/frames/D/000075.jpg,D,train,0.341406,0.256250,0.060937,0.051389,111.00,2967.28,53.46,near_0_200
data/frames/D/000075.jpg,D,train,0.512500,0.272917,0.065625,0.048611,105.00,2967.28,56.52,near_0_200
data/frames/D/000075.jpg,D,train,0.758594,0.804861,0.059375,0.079167,171.00,2967.28,34.70,near_0_200
data/frames/D/000075.jpg,D,train,0.973828,0.464583,0.044531,0.051389,111.00,2967.28,53.46,near_0_200
data/frames/D/000090.jpg,D,train,0.938436,0.223529,0.077545,0.067635,146.09,2967.28,40.62,near_0_200
data/frames/D/000090.jpg,D,train,0.966438,0.268058,0.067125,0.064195,138.66,2967.28,42.80,near_0_200
data/frames/D/000090.jpg,D,train,0.991475,0.177041,0.017049,0.043913,65.47,2967.28,90.65,near_0_200
data/frames/D/000090.jpg,D,train,0.989481,0.975435,0.021037,0.048475,80.78,2967.28,73.46,near_0_200
data/frames/D/000090.jpg,D,train,0.932280,0.983179,0.008408,0.014339,30.97,2967.28,191.61,near_0_200
data/frames/D/000090.jpg,D,train,0.462891,0.664583,0.063281,0.068056,147.00,2967.28,40.37,near_0_200
data/frames/D/000090.jpg,D,train,0.357031,0.536806,0.056250,0.054167,117.00,2967.28,50.72,near_0_200
data/frames/D/000090.jpg,D,train,0.344922,0.265278,0.060156,0.044444,96.00,2967.28,61.82,near_0_200
data/frames/D/000090.jpg,D,train,0.507422,0.281250,0.052344,0.054167,117.00,2967.28,50.72,near_0_200
data/frames/D/000090.jpg,D,train,0.953516,0.388889,0.067969,0.047222,102.00,2967.28,58.18,near_0_200
data/frames/D/000090.jpg,D,train,0.963672,0.467361,0.057031,0.043056,93.00,2967.28,63.81,near_0_200
data/frames/D/000090.jpg,D,train,0.803125,0.832639,0.060937,0.068056,147.00,2967.28,40.37,near_0_200
data/frames/D/000105.jpg,D,train,0.922544,0.234049,0.074459,0.067032,144.79,2967.28,40.99,near_0_200
data/frames/D/000105.jpg,D,train,0.983231,0.186136,0.033117,0.048608,104.99,2967.28,56.52,near_0_200
data/frames/D/000105.jpg,D,train,0.956367,0.276410,0.075244,0.063620,137.42,2967.28,43.19,near_0_200
data/frames/D/000105.jpg,D,train,0.939287,0.397582,0.061658,0.059014,127.47,2967.28,46.56,near_0_200
data/frames/D/000105.jpg,D,train,0.328857,0.920797,0.040734,0.022714,49.06,2967.28,120.96,near_0_200
data/frames/D/000105.jpg,D,train,0.525391,0.687500,0.058594,0.055556,120.00,2967.28,49.45,near_0_200
data/frames/D/000105.jpg,D,train,0.408203,0.553472,0.055469,0.056944,123.00,2967.28,48.25,near_0_200
data/frames/D/000105.jpg,D,train,0.345313,0.271528,0.059375,0.048611,105.00,2967.28,56.52,near_0_200
data/frames/D/000105.jpg,D,train,0.501563,0.290278,0.060937,0.052778,114.00,2967.28,52.06,near_0_200
data/frames/D/000105.jpg,D,train,0.849609,0.857639,0.055469,0.065278,141.00,2967.28,42.09,near_0_200
data/frames/D/000105.jpg,D,train,0.948438,0.465278,0.062500,0.041667,90.00,2967.28,65.94,near_0_200
data/frames/D/000120.jpg,D,train,0.908658,0.244004,0.071959,0.065528,141.54,2967.28,41.93,near_0_200
data/frames/D/000120.jpg,D,train,0.893759,0.891021,0.062432,0.068458,147.87,2967.28,40.13,near_0_200
data/frames/D/000120.jpg,D,train,0.975392,0.190303,0.049216,0.057592,124.40,2967.28,47.71,near_0_200
data/frames/D/000120.jpg,D,train,0.941003,0.286278,0.074185,0.061179,132.15,2967.28,44.91,near_0_200
data/frames/D/000120.jpg,D,train,0.924022,0.401152,0.059519,0.057356,123.89,2967.28,47.90,near_0_200
data/frames/D/000120.jpg,D,train,0.929688,0.470139,0.046875,0.045833,99.00,2967.28,59.95,near_0_200
data/frames/D/000120.jpg,D,train,0.454297,0.575694,0.047656,0.059722,129.00,2967.28,46.00,near_0_200
data/frames/D/000120.jpg,D,train,0.586719,0.709028,0.054688,0.065278,141.00,2967.28,42.09,near_0_200
data/frames/D/000120.jpg,D,train,0.353125,0.279861,0.059375,0.048611,105.00,2967.28,56.52,near_0_200
data/frames/D/000135.jpg,D,train,0.896841,0.251116,0.071679,0.061230,132.26,2967.28,44.87,near_0_200
data/frames/D/000135.jpg,D,train,0.927117,0.291128,0.070768,0.060222,130.08,2967.28,45.62,near_0_200
data/frames/D/000135.jpg,D,train,0.934147,0.923095,0.061590,0.076734,165.75,2967.28,35.81,near_0_200
data/frames/D/000135.jpg,D,train,0.971252,0.366750,0.057496,0.087173,188.29,2967.28,31.52,near_0_200
data/frames/D/000135.jpg,D,train,0.972196,0.439345,0.050992,0.042483,91.76,2967.28,64.67,near_0_200
data/frames/D/000135.jpg,D,train,0.910935,0.404990,0.057307,0.056278,121.56,2967.28,48.82,near_0_200
data/frames/D/000135.jpg,D,train,0.647433,0.732485,0.056322,0.053905,116.43,2967.28,50.97,near_0_200
data/frames/D/000135.jpg,D,train,0.967878,0.201787,0.063274,0.057088,123.31,2967.28,48.13,near_0_200
data/frames/D/000135.jpg,D,train,0.499841,0.589916,0.045286,0.046771,101.03,2967.28,58.74,near_0_200
data/frames/D/000135.jpg,D,train,0.355859,0.286806,0.057031,0.043056,93.00,2967.28,63.81,near_0_200
data/frames/D/000135.jpg,D,train,0.501172,0.302083,0.050781,0.051389,111.00,2967.28,53.46,near_0_200
data/frames/D/000135.jpg,D,train,0.915234,0.472917,0.042969,0.037500,81.00,2967.28,73.27,near_0_200
data/frames/D/000150.jpg,D,train,0.885793,0.257732,0.068867,0.059416,128.34,2967.28,46.24,near_0_200
data/frames/D/000150.jpg,D,train,0.915618,0.297080,0.069909,0.056941,122.99,2967.28,48.25,near_0_200
data/frames/D/000150.jpg,D,train,0.971256,0.964154,0.057447,0.070062,151.33,2967.28,39.21,near_0_200
data/frames/D/000150.jpg,D,train,0.953721,0.209722,0.058636,0.054972,118.74,2967.28,49.98,near_0_200
data/frames/D/000150.jpg,D,train,0.974498,0.252410,0.050025,0.055845,120.63,2967.28,49.20,near_0_200
data/frames/D/000150.jpg,D,train,0.810499,0.983263,0.062206,0.033475,72.31,2967.28,82.08,near_0_200
data/frames/D/000150.jpg,D,train,0.965037,0.368407,0.069925,0.093536,202.04,2967.28,29.37,near_0_200
data/frames/D/000150.jpg,D,train,0.899500,0.407015,0.055703,0.055616,120.13,2967.28,49.40,near_0_200
data/frames/D/000150.jpg,D,train,0.912982,0.470307,0.062742,0.052806,114.06,2967.28,52.03,near_0_200
data/frames/D/000150.jpg,D,train,0.958404,0.439024,0.048896,0.039716,85.79,2967.28,69.18,near_0_200
data/frames/D/000150.jpg,D,train,0.936746,0.485517,0.033043,0.039141,84.54,2967.28,70.19,near_0_200
data/frames/D/000150.jpg,D,train,0.696875,0.754167,0.053125,0.061111,132.00,2967.28,44.96,near_0_200
data/frames/D/000150.jpg,D,train,0.360156,0.292361,0.053125,0.043056,93.00,2967.28,63.81,near_0_200
data/frames/D/000150.jpg,D,train,0.543750,0.602083,0.048438,0.051389,111.00,2967.28,53.46,near_0_200
data/frames/D/000165.jpg,D,train,0.904368,0.302063,0.067193,0.053955,116.54,2967.28,50.92,near_0_200
data/frames/D/000165.jpg,D,train,0.874671,0.264520,0.065928,0.057900,125.06,2967.28,47.45,near_0_200
data/frames/D/000165.jpg,D,train,0.989899,0.985641,0.020181,0.027834,60.12,2967.28,98.71,near_0_200
data/frames/D/000165.jpg,D,train,0.941492,0.218552,0.059266,0.053706,116.00,2967.28,51.16,near_0_200
data/frames/D/000165.jpg,D,train,0.961652,0.259006,0.049323,0.053596,115.77,2967.28,51.26,near_0_200
data/frames/D/000165.jpg,D,train,0.889073,0.409597,0.053947,0.053311,115.15,2967.28,51.54,near_0_200
data/frames/D/000165.jpg,D,train,0.924470,0.484113,0.032969,0.040689,87.89,2967.28,67.52,near_0_200
data/frames/D/000165.jpg,D,train,0.747742,0.943043,0.054760,0.063891,138.00,2967.28,43.00,near_0_200
data/frames/D/000165.jpg,D,train,0.200564,0.945651,0.033583,0.018230,39.38,2967.28,150.71,near_0_200
data/frames/D/000165.jpg,D,train,0.364844,0.299306,0.051562,0.040278,87.00,2967.28,68.21,near_0_200
data/frames/D/000180.jpg,D,train,0.893221,0.309281,0.067255,0.054712,118.18,2967.28,50.22,near_0_200
data/frames/D/000180.jpg,D,train,0.865239,0.270005,0.063669,0.057170,123.49,2967.28,48.06,near_0_200
data/frames/D/000180.jpg,D,train,0.929376,0.225337,0.054087,0.048125,103.95,2967.28,57.09,near_0_200
data/frames/D/000180.jpg,D,train,0.165642,0.954408,0.019782,0.016088,34.75,2967.28,170.78,near_0_200
data/frames/D/000180.jpg,D,train,0.696314,0.892716,0.066675,0.062095,134.13,2967.28,44.25,near_0_200
data/frames/D/000180.jpg,D,train,0.951912,0.264986,0.053105,0.052934,114.34,2967.28,51.90,near_0_200
data/frames/D/000180.jpg,D,train,0.878054,0.410186,0.052411,0.050967,110.09,2967.28,53.91,near_0_200
data/frames/D/000180.jpg,D,train,0.993463,0.234202,0.013074,0.034801,50.20,2967.28,118.21,near_0_200
data/frames/D/000180.jpg,D,train,0.370432,0.308128,0.051404,0.037680,81.39,2967.28,72.92,near_0_200
data/frames/D/000180.jpg,D,train,0.886719,0.474306,0.048438,0.040278,87.00,2967.28,68.21,near_0_200
data/frames/D/000180.jpg,D,train,0.792578,0.793056,0.046094,0.061111,132.00,2967.28,44.96,near_0_200
data/frames/D/000180.jpg,D,train,0.621875,0.631944,0.043750,0.055556,120.00,2967.28,49.45,near_0_200
data/frames/D/000180.jpg,D,train,0.986328,0.654861,0.019531,0.081944,75.00,2967.28,79.13,near_0_200
data/frames/D/000195.jpg,D,train,0.883171,0.312645,0.064048,0.052964,114.40,2967.28,51.87,near_0_200
data/frames/D/000195.jpg,D,train,0.855988,0.275666,0.063235,0.055297,119.44,2967.28,49.69,near_0_200
data/frames/D/000195.jpg,D,train,0.986565,0.239241,0.025324,0.034954,75.50,2967.28,78.60,near_0_200
data/frames/D/000195.jpg,D,train,0.837022,0.823102,0.055713,0.058465,126.28,2967.28,46.99,near_0_200
data/frames/D/000195.jpg,D,train,0.641849,0.848913,0.065143,0.058186,125.68,2967.28,47.22,near_0_200
data/frames/D/000195.jpg,D,train,0.938067,0.269986,0.047758,0.051151,110.49,2967.28,53.71,near_0_200
data/frames/D/000195.jpg,D,train,0.915058,0.231352,0.047238,0.049724,107.40,2967.28,55.25,near_0_200
data/frames/D/000195.jpg,D,train,0.984063,0.693189,0.030911,0.083038,118.70,2967.28,50.00,near_0_200
data/frames/D/000195.jpg,D,train,0.660305,0.651195,0.044067,0.046940,101.39,2967.28,58.53,near_0_200
data/frames/D/000195.jpg,D,train,0.883759,0.469616,0.063013,0.049835,107.64,2967.28,55.13,near_0_200
data/frames/D/000195.jpg,D,train,0.866406,0.410417,0.048438,0.037500,81.00,2967.28,73.27,near_0_200
data/frames/D/000195.jpg,D,train,0.968750,0.413194,0.050000,0.034722,75.00,2967.28,79.13,near_0_200
data/frames/D/000195.jpg,D,train,0.370703,0.312500,0.050781,0.038889,84.00,2967.28,70.65,near_0_200
data/frames/D/000210.jpg,D,train,0.873033,0.315530,0.061509,0.051820,111.93,2967.28,53.02,near_0_200
data/frames/D/000210.jpg,D,train,0.845829,0.280607,0.062463,0.054058,116.77,2967.28,50.82,near_0_200
data/frames/D/000210.jpg,D,train,0.872935,0.852070,0.054114,0.063801,137.81,2967.28,43.06,near_0_200
data/frames/D/000210.jpg,D,train,0.782139,0.378365,0.017333,0.015105,32.63,2967.28,181.89,near_0_200
data/frames/D/000210.jpg,D,train,0.858502,0.413333,0.049449,0.049027,105.90,2967.28,56.04,near_0_200
data/frames/D/000210.jpg,D,train,0.902693,0.236307,0.048294,0.048806,105.42,2967.28,56.29,near_0_200
data/frames/D/000210.jpg,D,train,0.381577,0.317629,0.058366,0.038463,83.08,2967.28,71.43,near_0_200
data/frames/D/000210.jpg,D,train,0.942956,0.362078,0.114088,0.114341,246.98,2967.28,24.03,near_0_200
data/frames/D/000210.jpg,D,train,0.580859,0.806944,0.047656,0.058333,126.00,2967.28,47.10,near_0_200
data/frames/D/000210.jpg,D,train,0.692578,0.668750,0.042969,0.045833,99.00,2967.28,59.95,near_0_200
data/frames/D/000210.jpg,D,train,0.979297,0.729861,0.033594,0.087500,129.00,2967.28,46.00,near_0_200
data/frames/D/000210.jpg,D,train,0.866016,0.471528,0.044531,0.037500,81.00,2967.28,73.27,near_0_200
data/frames/D/000210.jpg,D,train,0.925391,0.271528,0.047656,0.043056,93.00,2967.28,63.81,near_0_200
data/frames/D/000225.jpg,D,train,0.982648,0.765795,0.034703,0.075893,133.26,2967.28,44.53,near_0_200
data/frames/D/000225.jpg,D,train,0.864575,0.320335,0.062134,0.050883,109.91,2967.28,54.00,near_0_200
data/frames/D/000225.jpg,D,train,0.837432,0.285340,0.059855,0.053091,114.68,2967.28,51.75,near_0_200
data/frames/D/000225.jpg,D,train,0.849307,0.414155,0.047412,0.049324,106.54,2967.28,55.70,near_0_200
data/frames/D/000225.jpg,D,train,0.904879,0.881823,0.049375,0.060063,129.74,2967.28,45.74,near_0_200
data/frames/D/000225.jpg,D,train,0.917415,0.279476,0.047889,0.048989,105.82,2967.28,56.08,near_0_200
data/frames/D/000225.jpg,D,train,0.864712,0.470850,0.060208,0.046845,101.19,2967.28,58.65,near_0_200
data/frames/D/000225.jpg,D,train,0.992765,0.387290,0.014469,0.032137,55.56,2967.28,106.81,near_0_200
data/frames/D/000225.jpg,D,train,0.936890,0.364939,0.122961,0.109649,236.84,2967.28,25.06,near_0_200
data/frames/D/000225.jpg,D,train,0.891797,0.240278,0.039844,0.044444,96.00,2967.28,61.82,near_0_200
data/frames/D/000225.jpg,D,train,0.726562,0.690972,0.045312,0.059722,129.00,2967.28,46.00,near_0_200
data/frames/D/000225.jpg,D,train,0.528906,0.780556,0.048438,0.052778,114.00,2967.28,52.06,near_0_200
data/frames/D/000225.jpg,D,train,0.972266,0.238889,0.044531,0.038889,84.00,2967.28,70.65,near_0_200
data/frames/D/000240.jpg,D,train,0.854347,0.323609,0.059451,0.048106,103.91,2967.28,57.11,near_0_200
data/frames/D/000240.jpg,D,train,0.987466,0.457273,0.025069,0.055845,96.26,2967.28,61.65,near_0_200
data/frames/D/000240.jpg,D,train,0.829449,0.289795,0.058620,0.052385,113.15,2967.28,52.45,near_0_200
data/frames/D/000240.jpg,D,train,0.882542,0.247024,0.041903,0.045656,98.62,2967.28,60.18,near_0_200
data/frames/D/000240.jpg,D,train,0.818150,0.993949,0.011549,0.012101,26.14,2967.28,227.05,far_200_400
data/frames/D/000240.jpg,D,train,0.855475,0.471412,0.058691,0.045578,98.45,2967.28,60.28,near_0_200
data/frames/D/000240.jpg,D,train,0.936979,0.912221,0.053284,0.064353,139.00,2967.28,42.69,near_0_200
data/frames/D/000240.jpg,D,train,0.491337,0.760799,0.061809,0.038931,84.09,2967.28,70.57,near_0_200
data/frames/D/000240.jpg,D,train,0.755469,0.713194,0.039062,0.051389,111.00,2967.28,53.46,near_0_200
data/frames/D/000240.jpg,D,train,0.982422,0.795139,0.030469,0.068056,117.00,2967.28,50.72,near_0_200
data/frames/D/000240.jpg,D,train,0.934766,0.420139,0.046094,0.029167,63.00,2967.28,94.20,near_0_200
data/frames/D/000240.jpg,D,train,0.982812,0.391667,0.031250,0.030556,66.00,2967.28,89.92,near_0_200
data/frames/D/000240.jpg,D,train,0.902734,0.280556,0.044531,0.036111,78.00,2967.28,76.08,near_0_200
data/frames/D/000240.jpg,D,train,0.960156,0.247917,0.057813,0.048611,105.00,2967.28,56.52,near_0_200
data/frames/D/000255.jpg,D,train,0.972964,0.480372,0.053007,0.063123,136.35,2967.28,43.53,near_0_200
data/frames/D/000255.jpg,D,train,0.846723,0.326468,0.059073,0.046931,101.37,2967.28,58.54,near_0_200
data/frames/D/000255.jpg,D,train,0.821441,0.293681,0.058113,0.049956,107.90,2967.28,55.00,near_0_200
data/frames/D/000255.jpg,D,train,0.436250,0.747792,0.042538,0.034151,73.77,2967.28,80.45,near_0_200
data/frames/D/000255.jpg,D,train,0.978174,0.387941,0.043653,0.046520,100.48,2967.28,59.06,near_0_200
data/frames/D/000255.jpg,D,train,0.967332,0.947146,0.046419,0.060452,130.58,2967.28,45.45,near_0_200
data/frames/D/000255.jpg,D,train,0.989204,0.821870,0.021591,0.060115,82.91,2967.28,71.58,near_0_200
data/frames/D/000255.jpg,D,train,0.895434,0.289602,0.041475,0.047131,101.80,2967.28,58.29,near_0_200
data/frames/D/000255.jpg,D,train,0.878043,0.254208,0.047725,0.042845,92.55,2967.28,64.13,near_0_200
data/frames/D/000255.jpg,D,train,0.387930,0.329885,0.051260,0.034426,74.36,2967.28,79.81,near_0_200
data/frames/D/000255.jpg,D,train,0.832798,0.418392,0.045345,0.044388,95.88,2967.28,61.90,near_0_200
data/frames/D/000255.jpg,D,train,0.926151,0.371873,0.137010,0.102635,221.69,2967.28,26.77,near_0_200
data/frames/D/000255.jpg,D,train,0.789955,0.738211,0.042306,0.047128,101.80,2967.28,58.30,near_0_200
data/frames/D/000255.jpg,D,train,0.925000,0.420833,0.040625,0.033333,72.00,2967.28,82.43,near_0_200
data/frames/D/000255.jpg,D,train,0.842578,0.468056,0.058594,0.041667,90.00,2967.28,65.94,near_0_200
data/frames/D/000255.jpg,D,train,0.951562,0.254167,0.048438,0.041667,90.00,2967.28,65.94,near_0_200
data/frames/D/000270.jpg,D,train,0.818219,0.761774,0.043101,0.050151,108.33,2967.28,54.78,near_0_200
data/frames/D/000270.jpg,D,train,0.837857,0.329835,0.055651,0.048659,105.10,2967.28,56.46,near_0_200
data/frames/D/000270.jpg,D,train,0.813416,0.298414,0.055027,0.049820,107.61,2967.28,55.15,near_0_200
data/frames/D/000270.jpg,D,train,0.986781,0.976030,0.026438,0.047939,101.52,2967.28,58.46,near_0_200
data/frames/D/000270.jpg,D,train,0.919775,0.373050,0.141817,0.102492,221.38,2967.28,26.81,near_0_200
data/frames/D/000270.jpg,D,train,0.401831,0.743283,0.060001,0.034518,74.56,2967.28,79.60,near_0_200
data/frames/D/000270.jpg,D,train,0.885996,0.292899,0.041091,0.045828,98.99,2967.28,59.95,near_0_200
data/frames/D/000270.jpg,D,train,0.864929,0.259385,0.038660,0.041675,90.02,2967.28,65.93,near_0_200
data/frames/D/000270.jpg,D,train,0.824688,0.418455,0.044585,0.045178,97.58,2967.28,60.81,near_0_200
data/frames/D/000270.jpg,D,train,0.513545,0.955695,0.029899,0.074019,114.81,2967.28,51.69,near_0_200
data/frames/D/000270.jpg,D,train,0.390145,0.331966,0.050106,0.034034,73.51,2967.28,80.73,near_0_200
data/frames/D/000270.jpg,D,train,0.967872,0.391094,0.046989,0.044029,95.10,2967.28,62.40,near_0_200
data/frames/D/000270.jpg,D,train,0.942187,0.252083,0.050000,0.043056,93.00,2967.28,63.81,near_0_200
data/frames/D/000285.jpg,D,train,0.351370,0.744780,0.041325,0.035940,77.63,2967.28,76.45,near_0_200
data/frames/D/000285.jpg,D,train,0.862090,0.860109,0.036613,0.040392,87.25,2967.28,68.02,near_0_200
data/frames/D/000285.jpg,D,train,0.806670,0.303007,0.055016,0.047747,103.13,2967.28,57.54,near_0_200
data/frames/D/000285.jpg,D,train,0.844824,0.786552,0.045977,0.051690,111.65,2967.28,53.15,near_0_200
data/frames/D/000285.jpg,D,train,0.503362,0.348953,0.037708,0.040279,87.00,2967.28,68.21,near_0_200
data/frames/D/000285.jpg,D,train,0.829215,0.334555,0.053005,0.046122,99.62,2967.28,59.57,near_0_200
data/frames/D/000285.jpg,D,train,0.911513,0.375066,0.139927,0.102588,221.59,2967.28,26.78,near_0_200
data/frames/D/000285.jpg,D,train,0.012819,0.160480,0.025602,0.058046,98.31,2967.28,60.36,near_0_200
data/frames/D/000285.jpg,D,train,0.468668,0.942884,0.025086,0.075488,96.33,2967.28,61.61,near_0_200
data/frames/D/000285.jpg,D,train,0.930469,0.269444,0.039062,0.030556,66.00,2967.28,89.92,near_0_200
data/frames/D/000285.jpg,D,train,0.875391,0.300694,0.044531,0.037500,81.00,2967.28,73.27,near_0_200
data/frames/D/000285.jpg,D,train,0.858203,0.262500,0.044531,0.038889,84.00,2967.28,70.65,near_0_200
data/frames/D/000285.jpg,D,train,0.510156,0.945139,0.026562,0.073611,102.00,2967.28,58.18,near_0_200
data/frames/D/000285.jpg,D,train,0.923047,0.541667,0.017969,0.077778,69.00,2967.28,86.01,near_0_200
data/frames/D/000285.jpg,D,train,0.905859,0.419444,0.047656,0.033333,72.00,2967.28,82.43,near_0_200
data/frames/D/000285.jpg,D,train,0.816016,0.421528,0.046094,0.040278,87.00,2967.28,68.21,near_0_200
data/frames/D/000300.jpg,D,train,0.801028,0.306833,0.053690,0.046354,100.12,2967.28,59.27,near_0_200
data/frames/D/000300.jpg,D,train,0.513459,0.937882,0.028403,0.064435,109.07,2967.28,54.41,near_0_200
data/frames/D/000300.jpg,D,train,0.321561,0.753037,0.059070,0.038559,83.29,2967.28,71.25,near_0_200
data/frames/D/000300.jpg,D,train,0.823671,0.338332,0.053633,0.045869,99.08,2967.28,59.90,near_0_200
data/frames/D/000300.jpg,D,train,0.902208,0.376543,0.133875,0.099824,215.62,2967.28,27.52,near_0_200
data/frames/D/000300.jpg,D,train,0.396500,0.341034,0.047164,0.032125,69.39,2967.28,85.52,near_0_200
data/frames/D/000300.jpg,D,train,0.468265,0.937622,0.021058,0.066615,80.86,2967.28,73.39,near_0_200
data/frames/D/000300.jpg,D,train,0.869155,0.303139,0.038755,0.043269,93.46,2967.28,63.50,near_0_200
data/frames/D/000300.jpg,D,train,0.811130,0.422551,0.041758,0.042828,92.51,2967.28,64.15,near_0_200
data/frames/D/000300.jpg,D,train,0.848832,0.271601,0.036281,0.035468,76.61,2967.28,77.46,near_0_200
data/frames/D/000300.jpg,D,train,0.824151,0.472083,0.052044,0.041624,89.91,2967.28,66.01,near_0_200
data/frames/D/000300.jpg,D,train,0.503931,0.352378,0.036241,0.038628,83.44,2967.28,71.13,near_0_200
data/frames/D/000300.jpg,D,train,0.870313,0.816667,0.039062,0.055556,120.00,2967.28,49.45,near_0_200
data/frames/D/000300.jpg,D,train,0.906250,0.568056,0.020313,0.072222,78.00,2967.28,76.08,near_0_200
data/frames/D/000300.jpg,D,train,0.898438,0.422222,0.043750,0.030556,66.00,2967.28,89.92,near_0_200
data/frames/D/000300.jpg,D,train,0.944531,0.399306,0.045312,0.043056,93.00,2967.28,63.81,near_0_200
data/frames/D/000300.jpg,D,train,0.973047,0.231250,0.041406,0.043056,93.00,2967.28,63.81,near_0_200
data/frames/D/000315.jpg,D,train,0.794525,0.311517,0.054646,0.046009,99.38,2967.28,59.72,near_0_200
data/frames/D/000315.jpg,D,train,0.817420,0.341665,0.055871,0.043952,94.94,2967.28,62.51,near_0_200
data/frames/D/000315.jpg,D,train,0.513325,0.927130,0.026865,0.065884,103.16,2967.28,57.53,near_0_200
data/frames/D/000315.jpg,D,train,0.861242,0.306892,0.038050,0.041940,90.59,2967.28,65.51,near_0_200
data/frames/D/000315.jpg,D,train,0.275973,0.765140,0.037172,0.034833,75.24,2967.28,78.88,near_0_200
data/frames/D/000315.jpg,D,train,0.893117,0.380550,0.131416,0.096283,207.97,2967.28,28.54,near_0_200
data/frames/D/000315.jpg,D,train,0.817684,0.472110,0.052425,0.040949,88.45,2967.28,67.10,near_0_200
data/frames/D/000315.jpg,D,train,0.895312,0.845833,0.035937,0.050000,108.00,2967.28,54.95,near_0_200
data/frames/D/000315.jpg,D,train,0.467187,0.928472,0.021875,0.076389,84.00,2967.28,70.65,near_0_200
data/frames/D/000315.jpg,D,train,0.392969,0.345139,0.043750,0.034722,75.00,2967.28,79.13,near_0_200
data/frames/D/000315.jpg,D,train,0.503516,0.355556,0.039844,0.036111,78.00,2967.28,76.08,near_0_200
data/frames/D/000315.jpg,D,train,0.800391,0.419444,0.042969,0.038889,84.00,2967.28,70.65,near_0_200
data/frames/D/000315.jpg,D,train,0.842187,0.272222,0.042188,0.038889,84.00,2967.28,70.65,near_0_200
data/frames/D/000315.jpg,D,train,0.912891,0.272222,0.046094,0.044444,96.00,2967.28,61.82,near_0_200
data/frames/D/000315.jpg,D,train,0.965625,0.238889,0.045312,0.044444,96.00,2967.28,61.82,near_0_200
data/frames/D/000315.jpg,D,train,0.962891,0.190972,0.050781,0.043056,93.00,2967.28,63.81,near_0_200
data/frames/D/000315.jpg,D,train,0.894531,0.599306,0.021875,0.079167,84.00,2967.28,70.65,near_0_200
data/frames/D/000315.jpg,D,train,0.887500,0.427778,0.040625,0.036111,78.00,2967.28,76.08,near_0_200
data/frames/D/000315.jpg,D,train,0.937109,0.402778,0.049219,0.027778,60.00,2967.28,98.91,near_0_200
data/frames/D/000330.jpg,D,train,0.787777,0.314905,0.051513,0.045159,97.54,2967.28,60.84,near_0_200
data/frames/D/000330.jpg,D,train,0.513384,0.917648,0.027344,0.064806,105.00,2967.28,56.52,near_0_200
data/frames/D/000330.jpg,D,train,0.853210,0.311253,0.037398,0.042537,91.88,2967.28,64.59,near_0_200
data/frames/D/000330.jpg,D,train,0.797408,0.425931,0.040963,0.038512,83.19,2967.28,71.34,near_0_200
data/frames/D/000330.jpg,D,train,0.809883,0.345658,0.052772,0.042099,90.93,2967.28,65.26,near_0_200
data/frames/D/000330.jpg,D,train,0.880243,0.383078,0.118145,0.096658,208.78,2967.28,28.42,near_0_200
data/frames/D/000330.jpg,D,train,0.507313,0.358381,0.040572,0.036649,79.16,2967.28,74.97,near_0_200
data/frames/D/000330.jpg,D,train,0.831250,0.278472,0.034375,0.037500,81.00,2967.28,73.27,near_0_200
data/frames/D/000330.jpg,D,train,0.902344,0.279167,0.050000,0.038889,84.00,2967.28,70.65,near_0_200
data/frames/D/000330.jpg,D,train,0.955469,0.244444,0.050000,0.044444,96.00,2967.28,61.82,near_0_200
data/frames/D/000330.jpg,D,train,0.952344,0.198611,0.053125,0.036111,78.00,2967.28,76.08,near_0_200
data/frames/D/000330.jpg,D,train,0.888672,0.626389,0.028906,0.077778,111.00,2967.28,53.46,near_0_200
data/frames/D/000330.jpg,D,train,0.921875,0.875000,0.037500,0.055556,120.00,2967.28,49.45,near_0_200
data/frames/D/000330.jpg,D,train,0.806250,0.475000,0.046875,0.030556,66.00,2967.28,89.92,near_0_200
data/frames/D/000330.jpg,D,train,0.879297,0.436111,0.039844,0.036111,78.00,2967.28,76.08,near_0_200
data/frames/D/000330.jpg,D,train,0.926172,0.407639,0.050781,0.034722,75.00,2967.28,79.13,near_0_200
data/frames/D/000330.jpg,D,train,0.469922,0.920139,0.021094,0.059722,81.00,2967.28,73.27,near_0_200
data/frames/D/000330.jpg,D,train,0.241016,0.788194,0.044531,0.029167,63.00,2967.28,94.20,near_0_200
data/frames/D/000345.jpg,D,train,0.946320,0.908363,0.035883,0.048956,105.74,2967.28,56.12,near_0_200
data/frames/D/000345.jpg,D,train,0.782286,0.318546,0.050988,0.043315,93.56,2967.28,63.43,near_0_200
data/frames/D/000345.jpg,D,train,0.875180,0.385288,0.122788,0.094637,204.42,2967.28,29.03,near_0_200
data/frames/D/000345.jpg,D,train,0.803063,0.347725,0.050022,0.042408,91.60,2967.28,64.79,near_0_200
data/frames/D/000345.jpg,D,train,0.513243,0.908335,0.026639,0.064156,102.29,2967.28,58.01,near_0_200
data/frames/D/000345.jpg,D,train,0.791296,0.426436,0.039350,0.039606,85.55,2967.28,69.37,near_0_200
data/frames/D/000345.jpg,D,train,0.210156,0.800694,0.040625,0.034722,75.00,2967.28,79.13,near_0_200
data/frames/D/000345.jpg,D,train,0.467969,0.909028,0.023438,0.073611,90.00,2967.28,65.94,near_0_200
data/frames/D/000345.jpg,D,train,0.398438,0.352083,0.040625,0.034722,75.00,2967.28,79.13,near_0_200
data/frames/D/000345.jpg,D,train,0.503125,0.359722,0.040625,0.030556,66.00,2967.28,89.92,near_0_200
data/frames/D/000345.jpg,D,train,0.884375,0.656944,0.031250,0.075000,120.00,2967.28,49.45,near_0_200
data/frames/D/000345.jpg,D,train,0.826953,0.278472,0.033594,0.031944,69.00,2967.28,86.01,near_0_200
data/frames/D/000345.jpg,D,train,0.842969,0.310417,0.037500,0.048611,105.00,2967.28,56.52,near_0_200
data/frames/D/000345.jpg,D,train,0.894141,0.281250,0.041406,0.045833,99.00,2967.28,59.95,near_0_200
data/frames/D/000345.jpg,D,train,0.944141,0.248611,0.042969,0.044444,96.00,2967.28,61.82,near_0_200
data/frames/D/000360.jpg,D,train,0.034466,0.295192,0.049123,0.051591,111.44,2967.28,53.25,near_0_200
data/frames/D/000360.jpg,D,train,0.776193,0.322521,0.048953,0.042616,92.05,2967.28,64.47,near_0_200
data/frames/D/000360.jpg,D,train,0.406605,0.354418,0.046829,0.028888,62.40,2967.28,95.11,near_0_200
data/frames/D/000360.jpg,D,train,0.967177,0.939508,0.037261,0.049717,107.39,2967.28,55.26,near_0_200
data/frames/D/000360.jpg,D,train,0.177798,0.817000,0.034364,0.039157,84.58,2967.28,70.17,near_0_200
data/frames/D/000360.jpg,D,train,0.512132,0.902324,0.025838,0.058351,99.22,2967.28,59.81,near_0_200
data/frames/D/000360.jpg,D,train,0.891200,0.677662,0.035396,0.061762,133.41,2967.28,44.48,near_0_200
data/frames/D/000360.jpg,D,train,0.865458,0.388218,0.116237,0.090868,196.27,2967.28,30.24,near_0_200
data/frames/D/000360.jpg,D,train,0.503800,0.364021,0.033052,0.034921,75.43,2967.28,78.68,near_0_200
data/frames/D/000360.jpg,D,train,0.797160,0.349753,0.048790,0.042384,91.55,2967.28,64.82,near_0_200
data/frames/D/000360.jpg,D,train,0.473576,0.898173,0.024541,0.067018,94.24,2967.28,62.97,near_0_200
data/frames/D/000360.jpg,D,train,0.837628,0.317850,0.047298,0.040111,86.64,2967.28,68.50,near_0_200
data/frames/D/000360.jpg,D,train,0.886719,0.290278,0.039062,0.038889,84.00,2967.28,70.65,near_0_200
data/frames/D/000360.jpg,D,train,0.935937,0.256944,0.042188,0.047222,102.00,2967.28,58.18,near_0_200
data/frames/D/000375.jpg,D,train,0.078654,0.334647,0.047132,0.049912,107.81,2967.28,55.05,near_0_200
data/frames/D/000375.jpg,D,train,0.770727,0.325125,0.049138,0.042751,92.34,2967.28,64.27,near_0_200
data/frames/D/000375.jpg,D,train,0.857298,0.390873,0.111787,0.091822,198.34,2967.28,29.92,near_0_200
data/frames/D/000375.jpg,D,train,0.895024,0.701298,0.036941,0.059323,128.14,2967.28,46.31,near_0_200
data/frames/D/000375.jpg,D,train,0.790704,0.352715,0.049259,0.039411,85.13,2967.28,69.71,near_0_200
data/frames/D/000375.jpg,D,train,0.153644,0.835928,0.058676,0.043506,93.97,2967.28,63.15,near_0_200
data/frames/D/000375.jpg,D,train,0.512838,0.891472,0.026680,0.062338,102.45,2967.28,57.93,near_0_200
data/frames/D/000375.jpg,D,train,0.408228,0.356482,0.046314,0.027868,60.19,2967.28,98.59,near_0_200
data/frames/D/000375.jpg,D,train,0.984820,0.380341,0.030361,0.045581,98.45,2967.28,60.28,near_0_200
data/frames/D/000375.jpg,D,train,0.814960,0.293311,0.035103,0.031383,67.79,2967.28,87.55,near_0_200
data/frames/D/000375.jpg,D,train,0.986211,0.968323,0.027522,0.046704,100.88,2967.28,58.83,near_0_200
data/frames/D/000375.jpg,D,train,0.878906,0.286806,0.037500,0.037500,81.00,2967.28,73.27,near_0_200
data/frames/D/000375.jpg,D,train,0.927734,0.261111,0.047656,0.038889,84.00,2967.28,70.65,near_0_200
data/frames/D/000375.jpg,D,train,0.777734,0.426389,0.041406,0.036111,78.00,2967.28,76.08,near_0_200
data/frames/D/000375.jpg,D,train,0.787109,0.473611,0.042969,0.036111,78.00,2967.28,76.08,near_0_200
data/frames/D/000390.jpg,D,train,0.969507,0.396919,0.047449,0.046521,100.49,2967.28,59.06,near_0_200
data/frames/D/000390.jpg,D,train,0.765212,0.329184,0.047906,0.040915,88.38,2967.28,67.15,near_0_200
data/frames/D/000390.jpg,D,train,0.901176,0.723756,0.038156,0.055963,120.88,2967.28,49.09,near_0_200
data/frames/D/000390.jpg,D,train,0.121390,0.369108,0.044994,0.045330,97.91,2967.28,60.61,near_0_200
data/frames/D/000390.jpg,D,train,0.172404,0.344054,0.037240,0.029116,62.89,2967.28,94.36,near_0_200
data/frames/D/000390.jpg,D,train,0.785032,0.355359,0.048306,0.040210,86.85,2967.28,68.33,near_0_200
data/frames/D/000390.jpg,D,train,0.809270,0.297243,0.035689,0.030380,65.62,2967.28,90.44,near_0_200
data/frames/D/000390.jpg,D,train,0.852536,0.390914,0.113218,0.091032,196.63,2967.28,30.18,near_0_200
data/frames/D/000390.jpg,D,train,0.121381,0.855135,0.031721,0.035938,77.63,2967.28,76.45,near_0_200
data/frames/D/000390.jpg,D,train,0.405469,0.358333,0.037500,0.033333,72.00,2967.28,82.43,near_0_200
data/frames/D/000390.jpg,D,train,0.823828,0.321528,0.033594,0.043056,93.00,2967.28,63.81,near_0_200
data/frames/D/000390.jpg,D,train,0.889844,0.404167,0.039062,0.030556,66.00,2967.28,89.92,near_0_200
data/frames/D/000390.jpg,D,train,0.847266,0.428472,0.053906,0.031944,69.00,2967.28,86.01,near_0_200
data/frames/D/000390.jpg,D,train,0.918750,0.263889,0.040625,0.030556,66.00,2967.28,89.92,near_0_200
data/frames/D/000390.jpg,D,train,0.974609,0.316667,0.036719,0.033333,72.00,2967.28,82.43,near_0_200
data/frames/D/000390.jpg,D,train,0.869531,0.294444,0.039062,0.025000,54.00,2967.28,109.90,near_0_200
data/frames/D/000405.jpg,D,train,0.944989,0.411354,0.041899,0.045035,97.28,2967.28,61.01,near_0_200
data/frames/D/000405.jpg,D,train,0.034996,0.370851,0.045514,0.049662,107.27,2967.28,55.32,near_0_200
data/frames/D/000405.jpg,D,train,0.512083,0.877821,0.024068,0.053777,92.42,2967.28,64.21,near_0_200
data/frames/D/000405.jpg,D,train,0.759112,0.331542,0.046165,0.040056,86.52,2967.28,68.59,near_0_200
data/frames/D/000405.jpg,D,train,0.162552,0.399772,0.044759,0.043219,93.35,2967.28,63.57,near_0_200
data/frames/D/000405.jpg,D,train,0.906668,0.746740,0.034714,0.054039,116.72,2967.28,50.84,near_0_200
data/frames/D/000405.jpg,D,train,0.094137,0.878442,0.031388,0.040782,88.09,2967.28,67.37,near_0_200
data/frames/D/000405.jpg,D,train,0.779656,0.358590,0.048733,0.039175,84.62,2967.28,70.13,near_0_200
data/frames/D/000405.jpg,D,train,0.818401,0.327693,0.031963,0.036409,78.64,2967.28,75.46,near_0_200
data/frames/D/000405.jpg,D,train,0.885156,0.407639,0.039062,0.026389,57.00,2967.28,104.11,near_0_200
data/frames/D/000405.jpg,D,train,0.841406,0.431944,0.039062,0.025000,54.00,2967.28,109.90,near_0_200
data/frames/D/000405.jpg,D,train,0.767969,0.429861,0.039062,0.029167,63.00,2967.28,94.20,near_0_200
data/frames/D/000405.jpg,D,train,0.907422,0.264583,0.042969,0.029167,63.00,2967.28,94.20,near_0_200
data/frames/D/000405.jpg,D,train,0.860547,0.292361,0.038281,0.031944,69.00,2967.28,86.01,near_0_200
data/frames/D/000420.jpg,D,train,0.755013,0.334075,0.046013,0.039159,84.58,2967.28,70.16,near_0_200
data/frames/D/000420.jpg,D,train,0.925302,0.424202,0.043696,0.044254,95.59,2967.28,62.08,near_0_200
data/frames/D/000420.jpg,D,train,0.916354,0.768258,0.036995,0.058571,126.51,2967.28,46.91,near_0_200
data/frames/D/000420.jpg,D,train,0.204063,0.426002,0.042828,0.041028,88.62,2967.28,66.97,near_0_200
data/frames/D/000420.jpg,D,train,0.774135,0.359937,0.046402,0.037905,81.87,2967.28,72.48,near_0_200
data/frames/D/000420.jpg,D,train,0.068731,0.902635,0.032727,0.043759,94.52,2967.28,62.79,near_0_200
data/frames/D/000420.jpg,D,train,0.957192,0.323137,0.040562,0.036259,78.32,2967.28,75.77,near_0_200
data/frames/D/000420.jpg,D,train,0.410462,0.365100,0.036272,0.025907,55.96,2967.28,106.05,near_0_200
data/frames/D/000420.jpg,D,train,0.986111,0.356754,0.027657,0.026318,56.85,2967.28,104.40,near_0_200
data/frames/D/000420.jpg,D,train,0.835938,0.433333,0.034375,0.025000,54.00,2967.28,109.90,near_0_200
data/frames/D/000420.jpg,D,train,0.875000,0.409028,0.040625,0.029167,63.00,2967.28,94.20,near_0_200
data/frames/D/000420.jpg,D,train,0.810547,0.331250,0.039844,0.034722,75.00,2967.28,79.13,near_0_200
data/frames/D/000420.jpg,D,train,0.900391,0.268750,0.035156,0.037500,81.00,2967.28,73.27,near_0_200
data/frames/D/000420.jpg,D,train,0.502344,0.375694,0.035937,0.023611,51.00,2967.28,116.36,near_0_200
data/frames/D/000420.jpg,D,train,0.856641,0.302083,0.038281,0.037500,81.00,2967.28,73.27,near_0_200
data/frames/D/000420.jpg,D,train,0.762109,0.431250,0.035156,0.040278,87.00,2967.28,68.21,near_0_200
data/frames/D/000420.jpg,D,train,0.767188,0.474306,0.037500,0.034722,75.00,2967.28,79.13,near_0_200
data/frames/D/000435.jpg,D,train,0.866999,0.438150,0.023283,0.016948,36.61,2967.28,162.11,near_0_200
data/frames/D/000435.jpg,D,train,0.905568,0.437571,0.044295,0.042928,92.72,2967.28,64.00,near_0_200
data/frames/D/000435.jpg,D,train,0.926220,0.794522,0.036499,0.052172,112.69,2967.28,52.66,near_0_200
data/frames/D/000435.jpg,D,train,0.750066,0.338305,0.045372,0.039510,85.34,2967.28,69.54,near_0_200
data/frames/D/000435.jpg,D,train,0.831562,0.395857,0.106579,0.082267,177.70,2967.28,33.40,near_0_200
data/frames/D/000435.jpg,D,train,0.044416,0.925906,0.030913,0.039971,86.34,2967.28,68.74,near_0_200
data/frames/D/000435.jpg,D,train,0.768000,0.363231,0.045589,0.035361,76.38,2967.28,77.70,near_0_200
data/frames/D/000435.jpg,D,train,0.805859,0.328472,0.033594,0.026389,57.00,2967.28,104.11,near_0_200
data/frames/D/000435.jpg,D,train,0.894922,0.275000,0.039844,0.036111,78.00,2967.28,76.08,near_0_200
data/frames/D/000435.jpg,D,train,0.947656,0.319444,0.037500,0.030556,66.00,2967.28,89.92,near_0_200
data/frames/D/000450.jpg,D,train,0.020843,0.949316,0.032166,0.041607,89.87,2967.28,66.03,near_0_200
data/frames/D/000450.jpg,D,train,0.937321,0.819019,0.036800,0.050314,108.68,2967.28,54.61,near_0_200
data/frames/D/000450.jpg,D,train,0.825599,0.397655,0.104887,0.081914,176.93,2967.28,33.54,near_0_200
data/frames/D/000450.jpg,D,train,0.886460,0.451466,0.044581,0.043473,93.90,2967.28,63.20,near_0_200
data/frames/D/000450.jpg,D,train,0.745618,0.340502,0.045979,0.037254,80.47,2967.28,73.75,near_0_200
data/frames/D/000450.jpg,D,train,0.612364,0.749899,0.034043,0.041278,89.16,2967.28,66.56,near_0_200
data/frames/D/000450.jpg,D,train,0.824482,0.434259,0.034215,0.032107,69.35,2967.28,85.57,near_0_200
data/frames/D/000450.jpg,D,train,0.278906,0.466667,0.034375,0.038889,84.00,2967.28,70.65,near_0_200
data/frames/D/000450.jpg,D,train,0.151172,0.457639,0.039844,0.043056,93.00,2967.28,63.81,near_0_200
data/frames/D/000450.jpg,D,train,0.841797,0.306250,0.039844,0.026389,57.00,2967.28,104.11,near_0_200
data/frames/D/000450.jpg,D,train,0.887500,0.275694,0.037500,0.029167,63.00,2967.28,94.20,near_0_200
data/frames/D/000465.jpg,D,train,0.950459,0.843244,0.034481,0.049058,105.97,2967.28,56.00,near_0_200
data/frames/D/000465.jpg,D,train,0.741212,0.343128,0.042872,0.036296,78.40,2967.28,75.70,near_0_200
data/frames/D/000465.jpg,D,train,0.821004,0.398254,0.105985,0.078331,169.19,2967.28,35.08,near_0_200
data/frames/D/000465.jpg,D,train,0.862220,0.465837,0.032276,0.042764,92.37,2967.28,64.25,near_0_200
data/frames/D/000465.jpg,D,train,0.012104,0.968821,0.024170,0.030441,65.75,2967.28,90.26,near_0_200
data/frames/D/000465.jpg,D,train,0.195459,0.483992,0.042295,0.039680,85.71,2967.28,69.24,near_0_200
data/frames/D/000465.jpg,D,train,0.776565,0.315033,0.022782,0.026419,57.07,2967.28,104.00,near_0_200
data/frames/D/000465.jpg,D,train,0.418913,0.372011,0.042447,0.025844,55.82,2967.28,106.31,near_0_200
data/frames/D/000480.jpg,D,train,0.962339,0.867993,0.035096,0.047957,103.59,2967.28,57.29,near_0_200
data/frames/D/000480.jpg,D,train,0.921593,0.335062,0.035003,0.035896,77.54,2967.28,76.54,near_0_200
data/frames/D/000480.jpg,D,train,0.850708,0.480009,0.041615,0.045695,98.70,2967.28,60.13,near_0_200
data/frames/D/000480.jpg,D,train,0.976810,0.991945,0.020496,0.016110,34.80,2967.28,170.54,near_0_200
data/frames/D/000480.jpg,D,train,0.737385,0.345779,0.042827,0.036062,77.89,2967.28,76.19,near_0_200
data/frames/D/000480.jpg,D,train,0.776826,0.318261,0.032478,0.025362,54.78,2967.28,108.33,near_0_200
data/frames/D/000480.jpg,D,train,0.983362,0.336389,0.033276,0.055835,120.60,2967.28,49.21,near_0_200
data/frames/D/000480.jpg,D,train,0.356641,0.503472,0.032031,0.034722,75.00,2967.28,79.13,near_0_200
data/frames/D/000480.jpg,D,train,0.228906,0.505556,0.039062,0.038889,84.00,2967.28,70.65,near_0_200
data/frames/D/000480.jpg,D,train,0.741797,0.434028,0.030469,0.026389,57.00,2967.28,104.11,near_0_200
data/frames/D/000480.jpg,D,train,0.749609,0.472222,0.032031,0.027778,60.00,2967.28,98.91,near_0_200
data/frames/D/000480.jpg,D,train,0.848828,0.412500,0.039844,0.027778,60.00,2967.28,98.91,near_0_200
data/frames/D/000480.jpg,D,train,0.873047,0.284028,0.036719,0.031944,69.00,2967.28,86.01,near_0_200
data/frames/D/000480.jpg,D,train,0.828516,0.311806,0.038281,0.037500,81.00,2967.28,73.27,near_0_200
data/frames/D/000480.jpg,D,train,0.790234,0.341667,0.033594,0.030556,66.00,2967.28,89.92,near_0_200
data/frames/D/000495.jpg,D,train,0.733200,0.348974,0.043200,0.035886,77.51,2967.28,76.56,near_0_200
data/frames/D/000495.jpg,D,train,0.974761,0.895306,0.034082,0.049244,106.37,2967.28,55.79,near_0_200
data/frames/D/000495.jpg,D,train,0.419329,0.377053,0.036454,0.024587,53.11,2967.28,111.75,near_0_200
data/frames/D/000495.jpg,D,train,0.399873,0.519667,0.037594,0.030725,66.37,2967.28,89.42,near_0_200
data/frames/D/000495.jpg,D,train,0.811302,0.403634,0.104346,0.073286,158.30,2967.28,37.49,near_0_200
data/frames/D/000495.jpg,D,train,0.743227,0.437034,0.025637,0.031732,68.54,2967.28,86.58,near_0_200
data/frames/D/000495.jpg,D,train,0.836724,0.495643,0.034807,0.047843,103.34,2967.28,57.43,near_0_200
data/frames/D/000495.jpg,D,train,0.265234,0.517361,0.035156,0.031944,69.00,2967.28,86.01,near_0_200
data/frames/D/000495.jpg,D,train,0.514844,0.690278,0.035937,0.044444,96.00,2967.28,61.82,near_0_200
data/frames/D/000495.jpg,D,train,0.782813,0.341667,0.032813,0.027778,60.00,2967.28,98.91,near_0_200
data/frames/D/000495.jpg,D,train,0.971484,0.221528,0.036719,0.026389,57.00,2967.28,104.11,near_0_200
data/frames/D/000495.jpg,D,train,0.868750,0.286806,0.042188,0.031944,69.00,2967.28,86.01,near_0_200
data/frames/D/000495.jpg,D,train,0.824609,0.319444,0.033594,0.038889,84.00,2967.28,70.65,near_0_200
data/frames/D/000510.jpg,D,train,0.985210,0.923414,0.029251,0.048522,104.81,2967.28,56.62,near_0_200
data/frames/D/000510.jpg,D,train,0.437095,0.535114,0.037453,0.032143,69.43,2967.28,85.48,near_0_200
data/frames/D/000510.jpg,D,train,0.730081,0.352010,0.044380,0.036672,79.21,2967.28,74.92,near_0_200
data/frames/D/000510.jpg,D,train,0.806762,0.403744,0.104353,0.076659,165.58,2967.28,35.84,near_0_200
data/frames/D/000510.jpg,D,train,0.823074,0.514364,0.034539,0.052121,112.58,2967.28,52.71,near_0_200
data/frames/D/000510.jpg,D,train,0.503133,0.387502,0.026876,0.029428,63.56,2967.28,93.36,near_0_200
data/frames/D/000510.jpg,D,train,0.905859,0.338194,0.035156,0.037500,81.00,2967.28,73.27,near_0_200
data/frames/D/000510.jpg,D,train,0.964063,0.224306,0.039062,0.037500,81.00,2967.28,73.27,near_0_200
data/frames/D/000510.jpg,D,train,0.778516,0.343056,0.032031,0.038889,84.00,2967.28,70.65,near_0_200
data/frames/D/000510.jpg,D,train,0.821094,0.316667,0.037500,0.033333,72.00,2967.28,82.43,near_0_200
data/frames/D/000510.jpg,D,train,0.860156,0.293750,0.037500,0.034722,75.00,2967.28,79.13,near_0_200
data/frames/D/000525.jpg,D,train,0.724508,0.354218,0.039573,0.034663,74.87,2967.28,79.26,near_0_200
data/frames/D/000525.jpg,D,train,0.473391,0.550277,0.035419,0.029097,62.85,2967.28,94.42,near_0_200
data/frames/D/000525.jpg,D,train,0.741920,0.376217,0.042372,0.032224,69.60,2967.28,85.26,near_0_200
data/frames/D/000525.jpg,D,train,0.832031,0.418056,0.034375,0.025000,54.00,2967.28,109.90,near_0_200
data/frames/D/000525.jpg,D,train,0.796484,0.440278,0.038281,0.027778,60.00,2967.28,98.91,near_0_200
data/frames/D/000525.jpg,D,train,0.732031,0.439583,0.035937,0.029167,63.00,2967.28,94.20,near_0_200
data/frames/D/000525.jpg,D,train,0.738672,0.478472,0.030469,0.029167,63.00,2967.28,94.20,near_0_200
data/frames/D/000525.jpg,D,train,0.775000,0.352083,0.031250,0.018056,39.00,2967.28,152.16,near_0_200
data/frames/D/000525.jpg,D,train,0.456641,0.675694,0.025781,0.023611,51.00,2967.28,116.36,near_0_200
data/frames/D/000525.jpg,D,train,0.337500,0.546528,0.031250,0.029167,63.00,2967.28,94.20,near_0_200
data/frames/D/000525.jpg,D,train,0.476953,0.829167,0.011719,0.044444,45.00,2967.28,131.88,near_0_200
data/frames/D/000525.jpg,D,train,0.511328,0.825694,0.013281,0.054167,51.00,2967.28,116.37,near_0_200
data/frames/D/000525.jpg,D,train,0.807813,0.534722,0.018750,0.058333,72.00,2967.28,82.42,near_0_200
data/frames/D/000540.jpg,D,train,0.721600,0.356468,0.040429,0.033263,71.85,2967.28,82.60,near_0_200
data/frames/D/000540.jpg,D,train,0.791775,0.407075,0.091331,0.073095,157.89,2967.28,37.59,near_0_200
data/frames/D/000540.jpg,D,train,0.508727,0.566351,0.033921,0.028271,61.07,2967.28,97.18,near_0_200
data/frames/D/000540.jpg,D,train,0.375400,0.557526,0.035461,0.027129,58.60,2967.28,101.27,near_0_200
data/frames/D/000540.jpg,D,train,0.985261,0.288139,0.029449,0.035158,75.94,2967.28,78.15,near_0_200
data/frames/D/000540.jpg,D,train,0.738601,0.378870,0.042545,0.032845,70.95,2967.28,83.65,near_0_200
data/frames/D/000540.jpg,D,train,0.425391,0.673611,0.032031,0.030556,66.00,2967.28,89.92,near_0_200
data/frames/D/000540.jpg,D,train,0.768750,0.355556,0.032813,0.033333,72.00,2967.28,82.43,near_0_200
data/frames/D/000540.jpg,D,train,0.808594,0.329167,0.032813,0.038889,84.00,2967.28,70.65,near_0_200
data/frames/D/000540.jpg,D,train,0.847266,0.295833,0.035156,0.030556,66.00,2967.28,89.92,near_0_200
data/frames/D/000540.jpg,D,train,0.894531,0.346528,0.031250,0.034722,75.00,2967.28,79.13,near_0_200
data/frames/D/000540.jpg,D,train,0.948828,0.236111,0.041406,0.033333,72.00,2967.28,82.43,near_0_200
data/frames/D/000540.jpg,D,train,0.800000,0.547917,0.018750,0.062500,72.00,2967.28,82.42,near_0_200
data/frames/D/000555.jpg,D,train,0.568634,0.526381,0.028259,0.022016,47.55,2967.28,124.79,near_0_200
data/frames/D/000555.jpg,D,train,0.792069,0.408030,0.099068,0.072581,156.77,2967.28,37.85,near_0_200
data/frames/D/000555.jpg,D,train,0.717871,0.358255,0.040667,0.033151,71.61,2967.28,82.88,near_0_200
data/frames/D/000555.jpg,D,train,0.504967,0.393433,0.031942,0.028633,61.85,2967.28,95.95,near_0_200
data/frames/D/000555.jpg,D,train,0.922042,0.372398,0.105426,0.074462,160.84,2967.28,36.90,near_0_200
data/frames/D/000555.jpg,D,train,0.972573,0.298674,0.040709,0.030074,64.96,2967.28,91.36,near_0_200
data/frames/D/000555.jpg,D,train,0.428019,0.386676,0.042286,0.025362,54.78,2967.28,108.33,near_0_200
data/frames/D/000555.jpg,D,train,0.404687,0.568056,0.032813,0.030556,66.00,2967.28,89.92,near_0_200
data/frames/D/000555.jpg,D,train,0.541016,0.581944,0.030469,0.027778,60.00,2967.28,98.91,near_0_200
data/frames/D/000555.jpg,D,train,0.395313,0.672222,0.035937,0.022222,48.00,2967.28,123.64,near_0_200
data/frames/D/000555.jpg,D,train,0.798047,0.570139,0.021094,0.054167,81.00,2967.28,73.27,near_0_200
data/frames/D/000570.jpg,D,train,0.713723,0.360889,0.038465,0.033339,72.01,2967.28,82.41,near_0_200
data/frames/D/000570.jpg,D,train,0.951830,0.306427,0.032395,0.031096,67.17,2967.28,88.35,near_0_200
data/frames/D/000570.jpg,D,train,0.373243,0.676124,0.041805,0.026318,56.85,2967.28,104.40,near_0_200
data/frames/D/000570.jpg,D,train,0.441504,0.572843,0.034653,0.026404,57.03,2967.28,104.06,near_0_200
data/frames/D/000570.jpg,D,train,0.788685,0.411363,0.101238,0.068461,147.88,2967.28,40.13,near_0_200
data/frames/D/000570.jpg,D,train,0.799915,0.587189,0.024448,0.051054,93.88,2967.28,63.21,near_0_200
data/frames/D/000570.jpg,D,train,0.834766,0.310417,0.030469,0.029167,63.00,2967.28,94.20,near_0_200
data/frames/D/000570.jpg,D,train,0.933984,0.243056,0.041406,0.038889,84.00,2967.28,70.65,near_0_200
data/frames/D/000570.jpg,D,train,0.971875,0.215972,0.032813,0.037500,81.00,2967.28,73.27,near_0_200
data/frames/D/000570.jpg,D,train,0.760938,0.356944,0.031250,0.027778,60.00,2967.28,98.91,near_0_200
data/frames/D/000570.jpg,D,train,0.578906,0.592361,0.031250,0.026389,57.00,2967.28,104.11,near_0_200
data/frames/A/000465.jpg,A,val,0.616954,0.436133,0.009775,0.009688,10.46,1483.64,283.60,far_200_400
data/frames/A/000465.jpg,A,val,0.596328,0.420518,0.008530,0.009048,9.77,1483.64,303.66,far_200_400
data/frames/A/000465.jpg,A,val,0.959514,0.448253,0.008760,0.008801,9.51,1483.64,312.18,far_200_400
data/frames/A/000465.jpg,A,val,0.573433,0.444450,0.018496,0.009448,10.20,1483.64,290.80,far_200_400
data/frames/A/000465.jpg,A,val,0.963521,0.418308,0.007595,0.008175,8.83,1483.64,336.08,far_200_400
data/frames/A/000465.jpg,A,val,0.404494,0.417315,0.033249,0.019098,20.63,1483.64,143.86,near_0_200
data/frames/A/000465.jpg,A,val,0.976132,0.428543,0.013661,0.012538,13.54,1483.64,219.13,far_200_400
data/frames/A/000465.jpg,A,val,0.505469,0.950694,0.007812,0.018056,15.00,1483.64,197.83,near_0_200
data/frames/A/000465.jpg,A,val,0.505859,0.972917,0.007031,0.012500,13.50,1483.64,219.81,far_200_400
data/frames/A/000465.jpg,A,val,0.484375,0.315278,0.007812,0.008333,9.00,1483.64,329.71,far_200_400
data/frames/A/000465.jpg,A,val,0.285156,0.423611,0.009375,0.011111,12.00,1483.64,247.28,far_200_400
data/frames/A/000465.jpg,A,val,0.441016,0.667361,0.008594,0.018056,16.50,1483.64,179.83,near_0_200
data/frames/A/000465.jpg,A,val,0.344141,0.745139,0.011719,0.012500,13.50,1483.64,219.80,far_200_400
data/frames/A/000480.jpg,A,val,0.645001,0.436252,0.009361,0.009284,10.03,1483.64,295.94,far_200_400
data/frames/A/000480.jpg,A,val,0.384252,0.418403,0.033146,0.017664,19.08,1483.64,155.54,near_0_200
data/frames/A/000480.jpg,A,val,0.984224,0.448008,0.008315,0.008275,8.94,1483.64,332.02,far_200_400
data/frames/A/000480.jpg,A,val,0.568810,0.420999,0.007828,0.009940,10.74,1483.64,276.41,far_200_400
data/frames/A/000480.jpg,A,val,0.138563,0.437188,0.008951,0.010187,11.00,1483.64,269.70,far_200_400
data/frames/A/000480.jpg,A,val,0.254530,0.424440,0.008071,0.010334,11.16,1483.64,265.87,far_200_400
data/frames/A/000480.jpg,A,val,0.595622,0.443943,0.019136,0.009226,9.96,1483.64,297.80,far_200_400
data/frames/A/000480.jpg,A,val,0.935847,0.417708,0.006898,0.007546,8.15,1483.64,364.10,far_200_400
data/frames/A/000480.jpg,A,val,0.069364,0.435470,0.008986,0.009221,9.96,1483.64,297.96,far_200_400
data/frames/A/000480.jpg,A,val,0.504297,0.903472,0.010156,0.015278,16.50,1483.64,179.83,near_0_200
data/frames/A/000480.jpg,A,val,0.503906,0.925000,0.010937,0.013889,15.00,1483.64,197.82,near_0_200
data/frames/A/000480.jpg,A,val,0.330469,0.751389,0.009375,0.011111,12.00,1483.64,247.28,far_200_400
data/frames/A/000480.jpg,A,val,0.496875,0.210417,0.006250,0.009722,10.50,1483.64,282.60,far_200_400
data/frames/A/000480.jpg,A,val,0.484766,0.290972,0.007031,0.009722,10.50,1483.64,282.60,far_200_400
data/frames/A/000495.jpg,A,val,0.674147,0.436280,0.009439,0.010504,11.34,1483.64,261.56,far_200_400
data/frames/A/000495.jpg,A,val,0.618193,0.442858,0.018760,0.010860,11.73,1483.64,252.99,far_200_400
data/frames/A/000495.jpg,A,val,0.908960,0.416694,0.008104,0.008012,8.65,1483.64,342.92,far_200_400
data/frames/A/000495.jpg,A,val,0.118684,0.490837,0.010550,0.009333,10.08,1483.64,294.38,far_200_400
data/frames/A/000495.jpg,A,val,0.364468,0.418479,0.033127,0.019070,20.60,1483.64,144.07,near_0_200
data/frames/A/000495.jpg,A,val,0.104769,0.438420,0.008805,0.009888,10.68,1483.64,277.86,far_200_400
data/frames/A/000495.jpg,A,val,0.041521,0.436858,0.009021,0.008961,9.68,1483.64,306.60,far_200_400
data/frames/A/000495.jpg,A,val,0.541016,0.420139,0.008594,0.012500,13.50,1483.64,219.80,far_200_400
data/frames/A/000495.jpg,A,val,0.503516,0.861806,0.011719,0.015278,16.50,1483.64,179.83,near_0_200
data/frames/A/000495.jpg,A,val,0.503906,0.881944,0.009375,0.013889,15.00,1483.64,197.82,near_0_200
data/frames/A/000495.jpg,A,val,0.223438,0.426389,0.012500,0.016667,18.00,1483.64,164.85,near_0_200
data/frames/A/000495.jpg,A,val,0.440625,0.757639,0.006250,0.018056,12.00,1483.64,247.27,far_200_400
data/frames/A/000510.jpg,A,val,0.702521,0.436496,0.010141,0.009269,10.01,1483.64,296.42,far_200_400
data/frames/A/000510.jpg,A,val,0.345271,0.419608,0.033425,0.017270,18.65,1483.64,159.09,near_0_200
data/frames/A/000510.jpg,A,val,0.012814,0.439392,0.009182,0.008970,9.69,1483.64,306.30,far_200_400
data/frames/A/000510.jpg,A,val,0.640121,0.442358,0.018321,0.010494,11.33,1483.64,261.81,far_200_400
data/frames/A/000510.jpg,A,val,0.070507,0.441061,0.008837,0.008723,9.42,1483.64,314.97,far_200_400
data/frames/A/000510.jpg,A,val,0.921923,0.393008,0.008126,0.009736,10.51,1483.64,282.20,far_200_400
data/frames/A/000510.jpg,A,val,0.143817,0.489658,0.010090,0.008428,9.10,1483.64,325.99,far_200_400
data/frames/A/000510.jpg,A,val,0.439453,0.806944,0.010156,0.019444,19.50,1483.64,152.17,near_0_200
data/frames/A/000510.jpg,A,val,0.500391,0.820139,0.008594,0.018056,16.50,1483.64,179.83,near_0_200
data/frames/A/000510.jpg,A,val,0.496875,0.961806,0.007812,0.020833,15.00,1483.64,197.83,near_0_200
data/frames/A/000525.jpg,A,val,0.731576,0.436395,0.010613,0.009876,10.67,1483.64,278.20,far_200_400
data/frames/A/000525.jpg,A,val,0.661971,0.442129,0.017856,0.010734,11.59,1483.64,255.96,far_200_400
data/frames/A/000525.jpg,A,val,0.325949,0.419966,0.032838,0.017293,18.68,1483.64,158.88,near_0_200
data/frames/A/000525.jpg,A,val,0.854972,0.415803,0.008064,0.009792,10.58,1483.64,280.58,far_200_400
data/frames/A/000525.jpg,A,val,0.128878,0.461090,0.010966,0.010103,10.91,1483.64,271.95,far_200_400
data/frames/A/000525.jpg,A,val,0.936125,0.425810,0.010884,0.012360,13.35,1483.64,222.29,far_200_400
data/frames/A/000525.jpg,A,val,0.274629,0.452651,0.010513,0.008919,9.63,1483.64,308.05,far_200_400
data/frames/A/000525.jpg,A,val,0.438672,0.859722,0.010156,0.022222,19.50,1483.64,152.17,near_0_200
data/frames/A/000525.jpg,A,val,0.493750,0.891667,0.012500,0.016667,18.00,1483.64,164.85,near_0_200
data/frames/A/000525.jpg,A,val,0.499609,0.781944,0.010156,0.019444,19.50,1483.64,152.17,near_0_200
data/frames/A/000525.jpg,A,val,0.659375,0.971528,0.007812,0.018056,15.00,1483.64,197.83,near_0_200
data/frames/A/000540.jpg,A,val,0.759742,0.437537,0.010423,0.008387,9.06,1483.64,327.59,far_200_400
data/frames/A/000540.jpg,A,val,0.306413,0.420642,0.031538,0.016659,17.99,1483.64,164.92,near_0_200
data/frames/A/000540.jpg,A,val,0.684018,0.442679,0.018204,0.010150,10.96,1483.64,270.69,far_200_400
data/frames/A/000540.jpg,A,val,0.157101,0.459666,0.011850,0.010028,10.83,1483.64,273.98,far_200_400
data/frames/A/000540.jpg,A,val,0.910970,0.394001,0.012518,0.010886,11.76,1483.64,252.39,far_200_400
data/frames/A/000540.jpg,A,val,0.303257,0.451602,0.013139,0.009217,9.95,1483.64,298.09,far_200_400
data/frames/A/000540.jpg,A,val,0.830204,0.417521,0.013230,0.015215,16.43,1483.64,180.58,near_0_200
data/frames/A/000540.jpg,A,val,0.133699,0.430574,0.008351,0.010177,10.99,1483.64,269.97,far_200_400
data/frames/A/000540.jpg,A,val,0.498828,0.745833,0.011719,0.016667,18.00,1483.64,164.85,near_0_200
data/frames/A/000540.jpg,A,val,0.270313,0.752778,0.010937,0.013889,15.00,1483.64,197.82,near_0_200
data/frames/A/000540.jpg,A,val,0.673047,0.926389,0.010156,0.022222,19.50,1483.64,152.17,near_0_200
data/frames/A/000540.jpg,A,val,0.437891,0.916667,0.011719,0.019444,21.00,1483.64,141.30,near_0_200
data/frames/A/000555.jpg,A,val,0.788660,0.438244,0.010349,0.009342,10.09,1483.64,294.10,far_200_400
data/frames/A/000555.jpg,A,val,0.214697,0.485282,0.010421,0.010273,11.09,1483.64,267.45,far_200_400
data/frames/A/000555.jpg,A,val,0.706273,0.442639,0.018559,0.010064,10.87,1483.64,273.00,far_200_400
data/frames/A/000555.jpg,A,val,0.286450,0.421421,0.032722,0.017661,19.07,1483.64,155.57,near_0_200
data/frames/A/000555.jpg,A,val,0.923027,0.416988,0.008171,0.008280,8.94,1483.64,331.82,far_200_400
data/frames/A/000555.jpg,A,val,0.802473,0.417564,0.010686,0.012127,13.10,1483.64,226.56,far_200_400
data/frames/A/000555.jpg,A,val,0.186423,0.459014,0.011023,0.010818,11.68,1483.64,253.97,far_200_400
data/frames/A/000555.jpg,A,val,0.543445,0.442510,0.008823,0.009529,10.29,1483.64,288.33,far_200_400
data/frames/A/000555.jpg,A,val,0.877180,0.424344,0.009839,0.012974,14.01,1483.64,211.77,far_200_400
data/frames/A/000555.jpg,A,val,0.684375,0.882639,0.012500,0.015278,16.50,1483.64,179.83,near_0_200
data/frames/A/000555.jpg,A,val,0.437500,0.979167,0.007812,0.019444,15.00,1483.64,197.83,near_0_200
data/frames/A/000555.jpg,A,val,0.491406,0.775000,0.009375,0.022222,18.00,1483.64,164.85,near_0_200
data/frames/A/000555.jpg,A,val,0.498047,0.712500,0.008594,0.013889,15.00,1483.64,197.82,near_0_200
data/frames/A/000570.jpg,A,val,0.774149,0.416564,0.010059,0.013558,14.64,1483.64,202.65,far_200_400
data/frames/A/000570.jpg,A,val,0.817409,0.439312,0.010487,0.008812,9.52,1483.64,311.79,far_200_400
data/frames/A/000570.jpg,A,val,0.267069,0.422723,0.032429,0.017684,19.10,1483.64,155.37,near_0_200
data/frames/A/000570.jpg,A,val,0.236860,0.484291,0.010184,0.009267,10.01,1483.64,296.48,far_200_400
data/frames/A/000570.jpg,A,val,0.403292,0.425443,0.009139,0.010995,11.87,1483.64,249.88,far_200_400
data/frames/A/000570.jpg,A,val,0.892676,0.415791,0.008207,0.008786,9.49,1483.64,312.71,far_200_400
data/frames/A/000570.jpg,A,val,0.355974,0.450129,0.009243,0.008582,9.27,1483.64,320.14,far_200_400
data/frames/A/000570.jpg,A,val,0.728791,0.442322,0.018606,0.009766,10.55,1483.64,281.33,far_200_400
data/frames/A/000570.jpg,A,val,0.626654,0.472405,0.008724,0.008639,9.33,1483.64,318.03,far_200_400
data/frames/A/000570.jpg,A,val,0.698278,0.846309,0.010442,0.019971,20.05,1483.64,148.00,near_0_200
data/frames/A/000570.jpg,A,val,0.874742,0.391391,0.010853,0.011734,12.67,1483.64,234.15,far_200_400
data/frames/A/000570.jpg,A,val,0.569416,0.442816,0.008428,0.007702,8.32,1483.64,356.72,far_200_400
data/frames/A/000570.jpg,A,val,0.489453,0.720833,0.008594,0.013889,15.00,1483.64,197.82,near_0_200
data/frames/A/000570.jpg,A,val,0.497266,0.677778,0.008594,0.013889,15.00,1483.64,197.82,near_0_200
data/frames/A/000570.jpg,A,val,0.497266,0.695139,0.010156,0.009722,10.50,1483.64,282.60,far_200_400
data/frames/A/000570.jpg,A,val,0.460938,0.369444,0.009375,0.016667,18.00,1483.64,164.85,near_0_200
data/frames/B/000600.jpg,B,val,0.212028,0.959978,0.026737,0.034777,75.12,2967.28,79.00,near_0_200
data/frames/B/000600.jpg,B,val,0.098701,0.987327,0.039063,0.025252,54.54,2967.28,108.80,near_0_200
data/frames/B/000600.jpg,B,val,0.482755,0.653812,0.009846,0.015352,33.16,2967.28,178.97,near_0_200
data/frames/B/000600.jpg,B,val,0.243359,0.613194,0.008594,0.015278,33.00,2967.28,179.83,near_0_200
data/frames/B/000600.jpg,B,val,0.812500,0.764583,0.015625,0.018056,39.00,2967.28,152.16,near_0_200
data/frames/B/000612.jpg,B,val,0.800083,0.755053,0.012300,0.018809,40.63,2967.28,146.07,near_0_200
data/frames/B/000612.jpg,B,val,0.480525,0.652832,0.010120,0.015078,32.57,2967.28,182.22,near_0_200
data/frames/B/000612.jpg,B,val,0.236719,0.617361,0.010937,0.018056,39.00,2967.28,152.16,near_0_200
data/frames/B/000612.jpg,B,val,0.058594,0.885417,0.023438,0.043056,90.00,2967.28,65.94,near_0_200
data/frames/B/000624.jpg,B,val,0.807984,0.767793,0.012674,0.019320,41.73,2967.28,142.21,near_0_200
data/frames/B/000624.jpg,B,val,0.478242,0.652080,0.008540,0.014851,32.08,2967.28,185.00,near_0_200
data/frames/B/000624.jpg,B,val,0.036719,0.911806,0.021875,0.034722,75.00,2967.28,79.13,near_0_200
data/frames/B/000624.jpg,B,val,0.228516,0.629167,0.011719,0.025000,45.00,2967.28,131.88,near_0_200
data/frames/B/000636.jpg,B,val,0.137232,0.985327,0.019816,0.025287,54.62,2967.28,108.65,near_0_200
data/frames/B/000636.jpg,B,val,0.476172,0.651389,0.013281,0.016667,36.00,2967.28,164.85,near_0_200
data/frames/B/000636.jpg,B,val,0.013672,0.940972,0.022656,0.045833,87.00,2967.28,68.21,near_0_200
data/frames/B/000636.jpg,B,val,0.220703,0.629861,0.013281,0.018056,39.00,2967.28,152.16,near_0_200
data/frames/B/000648.jpg,B,val,0.825614,0.794584,0.015203,0.020322,43.90,2967.28,135.20,near_0_200
data/frames/B/000648.jpg,B,val,0.212891,0.636806,0.011719,0.018056,39.00,2967.28,152.16,near_0_200
data/frames/B/000648.jpg,B,val,0.473438,0.652083,0.012500,0.020833,45.00,2967.28,131.88,near_0_200
data/frames/B/000660.jpg,B,val,0.471484,0.654861,0.007031,0.020833,27.00,2967.28,219.81,far_200_400
data/frames/B/000660.jpg,B,val,0.204687,0.645833,0.010937,0.019444,42.00,2967.28,141.31,near_0_200
data/frames/B/000672.jpg,B,val,0.849025,0.820638,0.012533,0.022694,48.13,2967.28,123.31,near_0_200
data/frames/B/000672.jpg,B,val,0.469703,0.652751,0.008844,0.022098,33.96,2967.28,174.75,near_0_200
data/frames/B/000672.jpg,B,val,0.194531,0.655556,0.012500,0.013889,30.00,2967.28,197.82,near_0_200
data/frames/B/000684.jpg,B,val,0.469138,0.647232,0.008590,0.011700,25.27,2967.28,234.83,far_200_400
data/frames/B/000684.jpg,B,val,0.862629,0.834710,0.013002,0.022955,49.58,2967.28,119.69,near_0_200
data/frames/B/000684.jpg,B,val,0.184766,0.665278,0.013281,0.022222,48.00,2967.28,123.64,near_0_200
data/frames/B/000696.jpg,B,val,0.469378,0.647396,0.009485,0.012899,27.86,2967.28,213.00,far_200_400
data/frames/B/000696.jpg,B,val,0.178516,0.676389,0.011719,0.019444,42.00,2967.28,141.30,near_0_200
data/frames/B/000708.jpg,B,val,0.469460,0.647542,0.009469,0.015274,32.99,2967.28,179.88,near_0_200
data/frames/B/000708.jpg,B,val,0.896803,0.872074,0.014310,0.027944,54.95,2967.28,108.00,near_0_200
data/frames/B/000708.jpg,B,val,0.171094,0.685417,0.015625,0.020833,45.00,2967.28,131.88,near_0_200
data/frames/B/000720.jpg,B,val,0.969906,0.946018,0.020823,0.028874,62.37,2967.28,95.15,near_0_200
data/frames/B/000720.jpg,B,val,0.470089,0.647862,0.009097,0.014694,31.74,2967.28,186.98,near_0_200
data/frames/B/000720.jpg,B,val,0.173047,0.764583,0.025781,0.018056,39.00,2967.28,152.16,near_0_200
data/frames/B/000720.jpg,B,val,0.163672,0.696528,0.014844,0.018056,39.00,2967.28,152.16,near_0_200
data/frames/B/000732.jpg,B,val,0.140481,0.778359,0.029742,0.019873,42.93,2967.28,138.25,near_0_200
data/frames/B/000732.jpg,B,val,0.098505,0.746981,0.019100,0.019525,42.17,2967.28,140.72,near_0_200
data/frames/B/000732.jpg,B,val,0.471447,0.647879,0.009325,0.015383,33.23,2967.28,178.60,near_0_200
data/frames/B/000732.jpg,B,val,0.155078,0.709722,0.016406,0.022222,48.00,2967.28,123.64,near_0_200
data/frames/B/000744.jpg,B,val,0.085030,0.764667,0.026291,0.022770,49.18,2967.28,120.66,near_0_200
data/frames/B/000744.jpg,B,val,0.472498,0.648928,0.009105,0.015078,32.57,2967.28,182.22,near_0_200
data/frames/B/000744.jpg,B,val,0.105931,0.794664,0.026232,0.020828,44.99,2967.28,131.91,near_0_200
data/frames/B/000744.jpg,B,val,0.147266,0.720139,0.014844,0.018056,39.00,2967.28,152.16,near_0_200
data/frames/B/000744.jpg,B,val,0.926953,0.674306,0.017969,0.015278,33.00,2967.28,179.83,near_0_200
data/frames/C/000324.jpg,C,val,0.475525,0.963897,0.013926,0.026398,53.48,2967.28,110.98,near_0_200
data/frames/C/000324.jpg,C,val,0.538554,0.846672,0.009657,0.015227,32.89,2967.28,180.43,near_0_200
data/frames/C/000324.jpg,C,val,0.584135,0.784040,0.009583,0.012859,27.78,2967.28,213.66,far_200_400
data/frames/C/000324.jpg,C,val,0.455798,0.903698,0.013003,0.023727,49.93,2967.28,118.85,near_0_200
data/frames/C/000324.jpg,C,val,0.520547,0.816482,0.010340,0.015854,34.24,2967.28,173.30,near_0_200
data/frames/C/000324.jpg,C,val,0.579563,0.957623,0.032363,0.084753,124.27,2967.28,47.75,near_0_200
data/frames/C/000324.jpg,C,val,0.549547,0.949697,0.012609,0.022545,48.42,2967.28,122.57,near_0_200
data/frames/C/000324.jpg,C,val,0.549028,0.889193,0.010338,0.018756,39.70,2967.28,149.49,near_0_200
data/frames/C/000324.jpg,C,val,0.479374,0.905063,0.012380,0.025191,47.54,2967.28,124.83,near_0_200
data/frames/C/000324.jpg,C,val,0.528239,0.882712,0.010787,0.019918,41.42,2967.28,143.27,near_0_200
data/frames/C/000324.jpg,C,val,0.523392,0.915817,0.011025,0.021943,42.34,2967.28,140.18,near_0_200
data/frames/C/000324.jpg,C,val,0.547979,0.759501,0.011194,0.012037,26.00,2967.28,228.25,far_200_400
data/frames/C/000324.jpg,C,val,0.504036,0.843383,0.009800,0.015116,32.65,2967.28,181.76,near_0_200
data/frames/C/000324.jpg,C,val,0.492501,0.865861,0.014017,0.024913,53.81,2967.28,110.28,near_0_200
data/frames/C/000324.jpg,C,val,0.538479,0.787948,0.016213,0.030450,62.26,2967.28,95.32,near_0_200
data/frames/C/000324.jpg,C,val,0.509450,0.806529,0.011506,0.015570,33.63,2967.28,176.46,near_0_200
data/frames/C/000324.jpg,C,val,0.558831,0.985887,0.029646,0.028226,60.97,2967.28,97.34,near_0_200
data/frames/C/000324.jpg,C,val,0.480114,0.806679,0.033990,0.053758,116.12,2967.28,51.11,near_0_200
data/frames/C/000324.jpg,C,val,0.510361,0.790231,0.011252,0.012062,26.05,2967.28,227.78,far_200_400
data/frames/C/000324.jpg,C,val,0.553713,0.814815,0.012682,0.030738,48.70,2967.28,121.86,near_0_200
data/frames/C/000324.jpg,C,val,0.569065,0.820033,0.023233,0.052064,89.21,2967.28,66.52,near_0_200
data/frames/C/000324.jpg,C,val,0.446875,0.954861,0.020313,0.076389,78.00,2967.28,76.08,near_0_200
data/frames/C/000324.jpg,C,val,0.589453,0.739583,0.035156,0.026389,57.00,2967.28,104.11,near_0_200
data/frames/C/000324.jpg,C,val,0.601953,0.748611,0.028906,0.027778,60.00,2967.28,98.91,near_0_200
data/frames/C/000336.jpg,C,val,0.551363,0.918897,0.009970,0.016634,35.93,2967.28,165.17,near_0_200
data/frames/C/000336.jpg,C,val,0.541145,0.882301,0.010672,0.016133,34.85,2967.28,170.30,near_0_200
data/frames/C/000336.jpg,C,val,0.530307,0.917660,0.010715,0.018648,40.28,2967.28,147.33,near_0_200
data/frames/C/000336.jpg,C,val,0.477417,0.956894,0.012822,0.026708,49.24,2967.28,120.53,near_0_200
data/frames/C/000336.jpg,C,val,0.576800,0.968688,0.028025,0.062623,107.62,2967.28,55.15,near_0_200
data/frames/C/000336.jpg,C,val,0.490319,0.914074,0.013641,0.025991,52.38,2967.28,113.29,near_0_200
data/frames/C/000336.jpg,C,val,0.518149,0.861684,0.010849,0.016040,34.65,2967.28,171.29,near_0_200
data/frames/C/000336.jpg,C,val,0.549045,0.976198,0.013106,0.021651,46.77,2967.28,126.90,near_0_200
data/frames/C/000336.jpg,C,val,0.453145,0.955424,0.014004,0.027562,53.78,2967.28,110.36,near_0_200
data/frames/C/000336.jpg,C,val,0.524310,0.947065,0.011139,0.021334,42.77,2967.28,138.74,near_0_200
data/frames/C/000336.jpg,C,val,0.501870,0.889074,0.010497,0.016381,35.38,2967.28,167.72,near_0_200
data/frames/C/000336.jpg,C,val,0.542750,0.804363,0.011881,0.014140,30.54,2967.28,194.31,near_0_200
data/frames/C/000336.jpg,C,val,0.587843,0.822695,0.009362,0.012127,26.19,2967.28,226.56,far_200_400
data/frames/C/000336.jpg,C,val,0.590937,0.785410,0.037778,0.035786,77.30,2967.28,76.78,near_0_200
data/frames/C/000336.jpg,C,val,0.505514,0.836421,0.011030,0.012017,25.96,2967.28,228.63,far_200_400
data/frames/C/000336.jpg,C,val,0.537051,0.830866,0.015719,0.032012,60.36,2967.28,98.32,near_0_200
data/frames/C/000336.jpg,C,val,0.465934,0.865182,0.019543,0.044235,75.05,2967.28,79.08,near_0_200
data/frames/C/000336.jpg,C,val,0.597656,0.793056,0.026562,0.019444,42.00,2967.28,141.30,near_0_200
data/frames/C/000336.jpg,C,val,0.575000,0.854861,0.017188,0.040278,66.00,2967.28,89.91,near_0_200
data/frames/C/000336.jpg,C,val,0.563672,0.837500,0.014844,0.044444,57.00,2967.28,104.11,near_0_200
data/frames/C/000348.jpg,C,val,0.532274,0.953268,0.010841,0.018438,39.83,2967.28,149.01,near_0_200
data/frames/C/000348.jpg,C,val,0.543644,0.919022,0.009061,0.014954,32.30,2967.28,183.73,near_0_200
data/frames/C/000348.jpg,C,val,0.487360,0.963317,0.013523,0.027283,51.93,2967.28,114.28,near_0_200
data/frames/C/000348.jpg,C,val,0.554233,0.947190,0.010316,0.020140,39.61,2967.28,149.81,near_0_200
data/frames/C/000348.jpg,C,val,0.525595,0.979788,0.010208,0.019719,39.20,2967.28,151.40,near_0_200
data/frames/C/000348.jpg,C,val,0.514907,0.908356,0.010845,0.015809,34.15,2967.28,173.79,near_0_200
data/frames/C/000348.jpg,C,val,0.499462,0.936116,0.010257,0.016255,35.11,2967.28,169.02,near_0_200
data/frames/C/000348.jpg,C,val,0.499441,0.883401,0.010502,0.011563,24.98,2967.28,237.61,far_200_400
data/frames/C/000348.jpg,C,val,0.537137,0.849223,0.012686,0.015357,33.17,2967.28,178.91,near_0_200
data/frames/C/000348.jpg,C,val,0.524853,0.873037,0.009213,0.013904,30.03,2967.28,197.60,near_0_200
data/frames/C/000348.jpg,C,val,0.591343,0.860836,0.009601,0.012087,26.11,2967.28,227.31,far_200_400
data/frames/C/000348.jpg,C,val,0.588295,0.827022,0.037675,0.036813,79.52,2967.28,74.63,near_0_200
data/frames/C/000348.jpg,C,val,0.504576,0.897094,0.010768,0.016396,35.42,2967.28,167.57,near_0_200
data/frames/C/000348.jpg,C,val,0.534887,0.875632,0.015631,0.031100,60.02,2967.28,98.87,near_0_200
data/frames/C/000348.jpg,C,val,0.466797,0.900694,0.030469,0.037500,81.00,2967.28,73.27,near_0_200
data/frames/C/000348.jpg,C,val,0.575781,0.884722,0.026562,0.055556,102.00,2967.28,58.18,near_0_200
data/frames/C/000348.jpg,C,val,0.567187,0.879167,0.023438,0.041667,90.00,2967.28,65.94,near_0_200
data/frames/C/000360.jpg,C,val,0.546322,0.956157,0.010195,0.016179,34.95,2967.28,169.82,near_0_200
data/frames/C/000360.jpg,C,val,0.557773,0.980497,0.009744,0.015644,33.79,2967.28,175.62,near_0_200
data/frames/C/000360.jpg,C,val,0.501731,0.941051,0.011867,0.017425,37.64,2967.28,157.67,near_0_200
data/frames/C/000360.jpg,C,val,0.534437,0.988420,0.010580,0.018266,39.45,2967.28,150.41,near_0_200
data/frames/C/000360.jpg,C,val,0.496989,0.983400,0.010197,0.016897,36.50,2967.28,162.60,near_0_200
data/frames/C/000360.jpg,C,val,0.512045,0.954016,0.011157,0.018170,39.25,2967.28,151.21,near_0_200
data/frames/C/000360.jpg,C,val,0.521927,0.917780,0.010306,0.014514,31.35,2967.28,189.30,near_0_200
data/frames/C/000360.jpg,C,val,0.493767,0.929596,0.010485,0.013957,30.15,2967.28,196.85,near_0_200
data/frames/C/000360.jpg,C,val,0.533163,0.918417,0.015759,0.033858,60.51,2967.28,98.07,near_0_200
data/frames/C/000360.jpg,C,val,0.531141,0.894284,0.012070,0.016833,36.36,2967.28,163.22,near_0_200
data/frames/C/000360.jpg,C,val,0.454367,0.964589,0.019517,0.045532,74.95,2967.28,79.19,near_0_200
data/frames/C/000360.jpg,C,val,0.582726,0.922448,0.024626,0.049532,94.56,2967.28,62.76,near_0_200
data/frames/C/000360.jpg,C,val,0.452471,0.973858,0.015154,0.027245,58.19,2967.28,101.98,near_0_200
data/frames/C/000360.jpg,C,val,0.564648,0.872304,0.011004,0.014547,31.42,2967.28,188.87,near_0_200
data/frames/C/000360.jpg,C,val,0.564947,0.924183,0.013704,0.028940,52.62,2967.28,112.77,near_0_200
data/frames/C/000360.jpg,C,val,0.463809,0.947989,0.034123,0.053481,115.52,2967.28,51.37,near_0_200
data/frames/C/000360.jpg,C,val,0.586190,0.870164,0.038611,0.037910,81.89,2967.28,72.47,near_0_200
data/frames/C/000372.jpg,C,val,0.488289,0.976563,0.011476,0.016093,34.76,2967.28,170.72,near_0_200
data/frames/C/000372.jpg,C,val,0.549373,0.992661,0.010497,0.014678,31.70,2967.28,187.18,near_0_200
data/frames/C/000372.jpg,C,val,0.518449,0.961918,0.011040,0.014017,30.28,2967.28,196.01,near_0_200
data/frames/C/000372.jpg,C,val,0.525268,0.939651,0.011801,0.016662,35.99,2967.28,164.89,near_0_200
data/frames/C/000372.jpg,C,val,0.569025,0.961216,0.014400,0.028963,55.30,2967.28,107.32,near_0_200
data/frames/C/000372.jpg,C,val,0.498584,0.986156,0.011736,0.018351,39.64,2967.28,149.72,near_0_200
data/frames/C/000372.jpg,C,val,0.559832,0.916228,0.013296,0.016290,35.19,2967.28,168.66,near_0_200
data/frames/C/000372.jpg,C,val,0.509228,0.995251,0.009703,0.008042,17.37,2967.28,341.64,far_200_400
data/frames/C/000372.jpg,C,val,0.530565,0.962498,0.016306,0.035937,62.62,2967.28,94.78,near_0_200
data/frames/C/000372.jpg,C,val,0.588101,0.958543,0.024502,0.049112,94.09,2967.28,63.07,near_0_200
data/frames/C/000372.jpg,C,val,0.571236,0.920487,0.012779,0.019567,42.26,2967.28,140.41,near_0_200
data/frames/C/000372.jpg,C,val,0.583341,0.912101,0.036564,0.039045,84.34,2967.28,70.37,near_0_200
data/frames/C/000384.jpg,C,val,0.519743,0.985134,0.012912,0.016385,35.39,2967.28,167.68,near_0_200
data/frames/C/000384.jpg,C,val,0.555262,0.960565,0.016382,0.017815,38.48,2967.28,154.22,near_0_200
data/frames/C/000384.jpg,C,val,0.529681,0.995243,0.013032,0.009515,20.55,2967.28,288.75,far_200_400
data/frames/C/000396.jpg,C,val,0.606250,0.981944,0.018750,0.016667,36.00,2967.28,164.85,near_0_200
data/frames/C/000396.jpg,C,val,0.580859,0.987500,0.042969,0.019444,42.00,2967.28,141.30,near_0_200
data/frames/D/000585.jpg,D,val,0.610289,0.617538,0.033484,0.033402,72.15,2967.28,82.25,near_0_200
data/frames/D/000585.jpg,D,val,0.710379,0.363113,0.038926,0.033154,71.61,2967.28,82.87,near_0_200
data/frames/D/000585.jpg,D,val,0.785087,0.410568,0.101633,0.067944,146.76,2967.28,40.44,near_0_200
data/frames/D/000585.jpg,D,val,0.936428,0.313827,0.030560,0.029350,63.40,2967.28,93.61,near_0_200
data/frames/D/000585.jpg,D,val,0.341901,0.683270,0.031344,0.027726,59.89,2967.28,99.09,near_0_200
data/frames/D/000585.jpg,D,val,0.181810,0.290168,0.020008,0.027099,58.53,2967.28,101.39,near_0_200
data/frames/D/000585.jpg,D,val,0.472281,0.580311,0.031699,0.024197,52.27,2967.28,113.55,near_0_200
data/frames/D/000585.jpg,D,val,0.080859,0.274306,0.027344,0.037500,81.00,2967.28,73.27,near_0_200
data/frames/D/000585.jpg,D,val,0.715234,0.441667,0.028906,0.027778,60.00,2967.28,98.91,near_0_200
data/frames/D/000585.jpg,D,val,0.792188,0.604167,0.021875,0.047222,84.00,2967.28,70.65,near_0_200
data/frames/D/000585.jpg,D,val,0.421484,0.386806,0.028906,0.018056,39.00,2967.28,152.16,near_0_200
data/frames/D/000585.jpg,D,val,0.500000,0.396528,0.026562,0.020833,45.00,2967.28,131.88,near_0_200
data/frames/D/000585.jpg,D,val,0.808984,0.425694,0.032031,0.023611,51.00,2967.28,116.36,near_0_200
data/frames/D/000585.jpg,D,val,0.976172,0.182639,0.032031,0.023611,51.00,2967.28,116.36,near_0_200
data/frames/D/000585.jpg,D,val,0.925000,0.248611,0.039062,0.027778,60.00,2967.28,98.91,near_0_200
data/frames/D/000585.jpg,D,val,0.964844,0.223611,0.034375,0.027778,60.00,2967.28,98.91,near_0_200
data/frames/D/000585.jpg,D,val,0.755859,0.356250,0.030469,0.029167,63.00,2967.28,94.20,near_0_200
data/frames/D/000585.jpg,D,val,0.794922,0.331944,0.033594,0.030556,66.00,2967.28,89.92,near_0_200
data/frames/D/000585.jpg,D,val,0.830078,0.307639,0.036719,0.031944,69.00,2967.28,86.01,near_0_200
data/frames/D/000585.jpg,D,val,0.874219,0.354167,0.032813,0.027778,60.00,2967.28,98.91,near_0_200
data/frames/D/000585.jpg,D,val,0.881250,0.388889,0.082812,0.027778,60.00,2967.28,98.91,near_0_200
data/frames/D/000585.jpg,D,val,0.857422,0.366667,0.078906,0.027778,60.00,2967.28,98.91,near_0_200
data/frames/D/000600.jpg,D,val,0.797394,0.622065,0.026509,0.048129,101.79,2967.28,58.30,near_0_200
data/frames/D/000600.jpg,D,val,0.706762,0.364339,0.036335,0.031707,68.49,2967.28,86.65,near_0_200
data/frames/D/000600.jpg,D,val,0.777968,0.412970,0.096518,0.068732,148.46,2967.28,39.97,near_0_200
data/frames/D/000600.jpg,D,val,0.504183,0.586859,0.033019,0.026209,56.61,2967.28,104.83,near_0_200
data/frames/D/000600.jpg,D,val,0.112109,0.307639,0.032031,0.037500,81.00,2967.28,73.27,near_0_200
data/frames/D/000600.jpg,D,val,0.313281,0.692361,0.031250,0.023611,51.00,2967.28,116.36,near_0_200
data/frames/D/000600.jpg,D,val,0.638281,0.636806,0.029687,0.034722,75.00,2967.28,79.13,near_0_200
data/frames/D/000600.jpg,D,val,0.509766,0.797917,0.016406,0.048611,63.00,2967.28,94.20,near_0_200
data/frames/D/000600.jpg,D,val,0.476172,0.800000,0.017969,0.052778,69.00,2967.28,86.01,near_0_200
data/frames/D/000600.jpg,D,val,0.752734,0.359028,0.030469,0.029167,63.00,2967.28,94.20,near_0_200
data/frames/D/000600.jpg,D,val,0.787891,0.336806,0.033594,0.029167,63.00,2967.28,94.20,near_0_200
data/frames/D/000600.jpg,D,val,0.712500,0.442361,0.028125,0.018056,39.00,2967.28,152.16,near_0_200
data/frames/D/000600.jpg,D,val,0.716406,0.476389,0.032813,0.025000,54.00,2967.28,109.90,near_0_200
data/frames/D/000600.jpg,D,val,0.827344,0.313889,0.029687,0.025000,54.00,2967.28,109.90,near_0_200
data/frames/D/000600.jpg,D,val,0.871484,0.353472,0.032031,0.023611,51.00,2967.28,116.36,near_0_200
data/frames/D/000600.jpg,D,val,0.920312,0.321528,0.035937,0.031944,69.00,2967.28,86.01,near_0_200
data/frames/D/000600.jpg,D,val,0.869922,0.384028,0.075781,0.031944,69.00,2967.28,86.01,near_0_200
data/frames/D/000600.jpg,D,val,0.921094,0.248611,0.037500,0.030556,66.00,2967.28,89.92,near_0_200
data/frames/D/000600.jpg,D,val,0.957422,0.225694,0.030469,0.026389,57.00,2967.28,104.11,near_0_200
data/frames/D/000600.jpg,D,val,0.967187,0.181250,0.034375,0.029167,63.00,2967.28,94.20,near_0_200
data/frames/D/000615.jpg,D,val,0.704408,0.367318,0.036282,0.032695,70.62,2967.28,84.03,near_0_200
data/frames/D/000615.jpg,D,val,0.799553,0.637820,0.027024,0.049053,103.77,2967.28,57.19,near_0_200
data/frames/D/000615.jpg,D,val,0.144826,0.335720,0.030492,0.036715,79.30,2967.28,74.83,near_0_200
data/frames/D/000615.jpg,D,val,0.534158,0.595331,0.032793,0.026889,58.08,2967.28,102.18,near_0_200
data/frames/D/000615.jpg,D,val,0.774240,0.414237,0.094189,0.067027,144.78,2967.28,40.99,near_0_200
data/frames/D/000615.jpg,D,val,0.286719,0.702778,0.029687,0.019444,42.00,2967.28,141.30,near_0_200
data/frames/D/000615.jpg,D,val,0.425781,0.393056,0.029687,0.025000,54.00,2967.28,109.90,near_0_200
data/frames/D/000615.jpg,D,val,0.799609,0.429167,0.028906,0.022222,48.00,2967.28,123.64,near_0_200
data/frames/D/000615.jpg,D,val,0.748047,0.362500,0.032031,0.030556,66.00,2967.28,89.92,near_0_200
data/frames/D/000615.jpg,D,val,0.782031,0.336806,0.034375,0.029167,63.00,2967.28,94.20,near_0_200
data/frames/D/000615.jpg,D,val,0.821484,0.314583,0.033594,0.018056,39.00,2967.28,152.16,near_0_200
data/frames/D/000615.jpg,D,val,0.913672,0.259722,0.035156,0.030556,66.00,2967.28,89.92,near_0_200
data/frames/D/000615.jpg,D,val,0.951562,0.236806,0.031250,0.026389,57.00,2967.28,104.11,near_0_200
data/frames/D/000615.jpg,D,val,0.959375,0.191667,0.035937,0.019444,42.00,2967.28,141.30,near_0_200
data/frames/D/000615.jpg,D,val,0.667188,0.656944,0.029687,0.033333,72.00,2967.28,82.43,near_0_200
data/frames/D/000615.jpg,D,val,0.476562,0.799306,0.015625,0.040278,60.00,2967.28,98.91,near_0_200
data/frames/D/000615.jpg,D,val,0.508984,0.797222,0.019531,0.052778,75.00,2967.28,79.13,near_0_200
data/frames/D/000615.jpg,D,val,0.909375,0.325000,0.034375,0.030556,66.00,2967.28,89.92,near_0_200
data/frames/D/000615.jpg,D,val,0.860547,0.356944,0.036719,0.030556,66.00,2967.28,89.92,near_0_200
data/frames/D/000615.jpg,D,val,0.864062,0.396528,0.079687,0.034722,75.00,2967.28,79.13,near_0_200
data/frames/D/000615.jpg,D,val,0.942578,0.018056,0.033594,0.022222,48.00,2967.28,123.64,near_0_200
data/frames/D/000630.jpg,D,val,0.175195,0.363801,0.029186,0.034295,74.08,2967.28,80.11,near_0_200
data/frames/D/000630.jpg,D,val,0.700863,0.369075,0.035419,0.031050,67.07,2967.28,88.49,near_0_200
data/frames/D/000630.jpg,D,val,0.429811,0.393865,0.031873,0.021156,45.70,2967.28,129.87,near_0_200
data/frames/D/000630.jpg,D,val,0.509083,0.791718,0.016877,0.042333,64.81,2967.28,91.57,near_0_200
data/frames/D/000630.jpg,D,val,0.768462,0.415731,0.089994,0.067088,144.91,2967.28,40.95,near_0_200
data/frames/D/000630.jpg,D,val,0.478906,0.791667,0.018750,0.044444,72.00,2967.28,82.42,near_0_200
data/frames/D/000630.jpg,D,val,0.560156,0.601389,0.031250,0.038889,84.00,2967.28,70.65,near_0_200
data/frames/D/000630.jpg,D,val,0.262500,0.719444,0.035937,0.025000,54.00,2967.28,109.90,near_0_200
data/frames/D/000630.jpg,D,val,0.800000,0.651389,0.025000,0.041667,90.00,2967.28,65.94,near_0_200
data/frames/D/000630.jpg,D,val,0.698047,0.683333,0.030469,0.033333,72.00,2967.28,82.43,near_0_200
data/frames/D/000630.jpg,D,val,0.743359,0.363889,0.028906,0.016667,36.00,2967.28,164.85,near_0_200
data/frames/D/000630.jpg,D,val,0.778125,0.341667,0.032813,0.022222,48.00,2967.28,123.64,near_0_200
data/frames/D/000630.jpg,D,val,0.817578,0.316667,0.027344,0.022222,48.00,2967.28,123.64,near_0_200
data/frames/D/000630.jpg,D,val,0.900000,0.328472,0.031250,0.026389,57.00,2967.28,104.11,near_0_200
data/frames/D/000630.jpg,D,val,0.942969,0.236111,0.025000,0.022222,48.00,2967.28,123.64,near_0_200
data/frames/D/000630.jpg,D,val,0.905859,0.258333,0.033594,0.025000,54.00,2967.28,109.90,near_0_200
data/frames/D/000630.jpg,D,val,0.937891,0.020833,0.025781,0.022222,48.00,2967.28,123.64,near_0_200
data/frames/D/000630.jpg,D,val,0.952734,0.192361,0.033594,0.023611,51.00,2967.28,116.36,near_0_200
data/frames/D/000630.jpg,D,val,0.856641,0.354861,0.028906,0.020833,45.00,2967.28,131.88,near_0_200
data/frames/D/000630.jpg,D,val,0.851562,0.398611,0.070312,0.038889,84.00,2967.28,70.65,near_0_200
data/frames/D/000630.jpg,D,val,0.833594,0.366667,0.067187,0.027778,60.00,2967.28,98.91,near_0_200
data/frames/D/000630.jpg,D,val,0.705078,0.441667,0.030469,0.016667,36.00,2967.28,164.85,near_0_200
data/frames/D/000645.jpg,D,val,0.809548,0.673349,0.029507,0.045359,97.98,2967.28,60.57,near_0_200
data/frames/D/000645.jpg,D,val,0.699116,0.370554,0.037661,0.030439,65.75,2967.28,90.26,near_0_200
data/frames/D/000645.jpg,D,val,0.501799,0.402323,0.024176,0.023532,50.83,2967.28,116.75,near_0_200
data/frames/D/000645.jpg,D,val,0.729272,0.709326,0.029563,0.035040,75.69,2967.28,78.41,near_0_200
data/frames/D/000645.jpg,D,val,0.205690,0.388532,0.028111,0.033221,71.76,2967.28,82.70,near_0_200
data/frames/D/000645.jpg,D,val,0.240234,0.729861,0.028906,0.020833,45.00,2967.28,131.88,near_0_200
data/frames/D/000645.jpg,D,val,0.739453,0.366667,0.027344,0.030556,66.00,2967.28,89.92,near_0_200
data/frames/D/000645.jpg,D,val,0.775000,0.338194,0.028125,0.026389,57.00,2967.28,104.11,near_0_200
data/frames/D/000645.jpg,D,val,0.811328,0.318056,0.033594,0.022222,48.00,2967.28,123.64,near_0_200
data/frames/D/000645.jpg,D,val,0.901563,0.261111,0.034375,0.033333,72.00,2967.28,82.43,near_0_200
data/frames/D/000645.jpg,D,val,0.937891,0.239583,0.028906,0.026389,57.00,2967.28,104.11,near_0_200
data/frames/D/000645.jpg,D,val,0.892188,0.336806,0.035937,0.029167,63.00,2967.28,94.20,near_0_200
data/frames/D/000645.jpg,D,val,0.819141,0.375694,0.030469,0.045833,99.00,2967.28,59.95,near_0_200
data/frames/D/000645.jpg,D,val,0.849609,0.358333,0.032031,0.025000,54.00,2967.28,109.90,near_0_200
data/frames/D/000645.jpg,D,val,0.849219,0.400694,0.076563,0.040278,87.00,2967.28,68.21,near_0_200
data/frames/D/000645.jpg,D,val,0.702734,0.447222,0.039844,0.030556,66.00,2967.28,89.92,near_0_200
data/frames/D/000645.jpg,D,val,0.709375,0.481944,0.031250,0.022222,48.00,2967.28,123.64,near_0_200
data/frames/D/000645.jpg,D,val,0.758203,0.444444,0.033594,0.022222,48.00,2967.28,123.64,near_0_200
data/frames/D/000645.jpg,D,val,0.789844,0.431250,0.028125,0.031944,69.00,2967.28,86.01,near_0_200
data/frames/D/000645.jpg,D,val,0.760547,0.413889,0.074219,0.038889,84.00,2967.28,70.65,near_0_200
data/frames/D/000645.jpg,D,val,0.588672,0.611111,0.030469,0.030556,66.00,2967.28,89.92,near_0_200
data/frames/D/000645.jpg,D,val,0.427344,0.392361,0.025000,0.020833,45.00,2967.28,131.88,near_0_200
data/frames/D/000645.jpg,D,val,0.928125,0.026389,0.023438,0.022222,48.00,2967.28,123.64,near_0_200
data/frames/D/000660.jpg,D,val,0.815180,0.689330,0.027797,0.042844,92.54,2967.28,64.13,near_0_200
data/frames/D/000660.jpg,D,val,0.755383,0.736996,0.031537,0.036525,78.89,2967.28,75.22,near_0_200
data/frames/D/000660.jpg,D,val,0.236399,0.411900,0.028074,0.033030,71.34,2967.28,83.18,near_0_200
data/frames/D/000660.jpg,D,val,0.700000,0.447917,0.032813,0.029167,63.00,2967.28,94.20,near_0_200
data/frames/D/000660.jpg,D,val,0.706641,0.477083,0.027344,0.023611,51.00,2967.28,116.36,near_0_200
data/frames/D/000660.jpg,D,val,0.690625,0.372222,0.029687,0.019444,42.00,2967.28,141.30,near_0_200
data/frames/D/000660.jpg,D,val,0.923828,0.032639,0.021094,0.026389,57.00,2967.28,104.11,near_0_200
data/frames/D/000660.jpg,D,val,0.940234,0.199306,0.033594,0.031944,69.00,2967.28,86.01,near_0_200
data/frames/D/000660.jpg,D,val,0.931641,0.243750,0.028906,0.026389,57.00,2967.28,104.11,near_0_200
data/frames/D/000660.jpg,D,val,0.893750,0.263889,0.032813,0.025000,54.00,2967.28,109.90,near_0_200
data/frames/D/000660.jpg,D,val,0.807813,0.320833,0.034375,0.022222,48.00,2967.28,123.64,near_0_200
data/frames/D/000660.jpg,D,val,0.880469,0.333333,0.032813,0.025000,54.00,2967.28,109.90,near_0_200
data/frames/D/000660.jpg,D,val,0.611719,0.620139,0.026562,0.037500,81.00,2967.28,73.27,near_0_200
data/frames/D/000660.jpg,D,val,0.217969,0.753472,0.028125,0.026389,57.00,2967.28,104.11,near_0_200
data/frames/D/000660.jpg,D,val,0.478906,0.784722,0.015625,0.047222,60.00,2967.28,98.91,near_0_200
data/frames/D/000660.jpg,D,val,0.507031,0.781944,0.020313,0.047222,78.00,2967.28,76.08,near_0_200
data/frames/D/000660.jpg,D,val,0.737891,0.368056,0.027344,0.027778,60.00,2967.28,98.91,near_0_200
data/frames/D/000660.jpg,D,val,0.772656,0.347917,0.034375,0.029167,63.00,2967.28,94.20,near_0_200
data/frames/D/000660.jpg,D,val,0.755469,0.445833,0.032813,0.016667,36.00,2967.28,164.85,near_0_200
data/frames/D/000660.jpg,D,val,0.787109,0.428472,0.028906,0.020833,45.00,2967.28,131.88,near_0_200
data/frames/D/000660.jpg,D,val,0.843750,0.355556,0.029687,0.022222,48.00,2967.28,123.64,near_0_200
data/frames/D/000660.jpg,D,val,0.756250,0.415972,0.078125,0.031944,69.00,2967.28,86.01,near_0_200
data/frames/D/000660.jpg,D,val,0.839844,0.402083,0.067187,0.031944,69.00,2967.28,86.01,near_0_200
data/frames/D/000675.jpg,D,val,0.780584,0.767393,0.029210,0.036519,78.88,2967.28,75.23,near_0_200
data/frames/D/000675.jpg,D,val,0.822466,0.708413,0.027023,0.041158,88.90,2967.28,66.75,near_0_200
data/frames/D/000675.jpg,D,val,0.204981,0.764959,0.037466,0.031837,68.77,2967.28,86.30,near_0_200
data/frames/D/000675.jpg,D,val,0.263281,0.430556,0.031250,0.038889,84.00,2967.28,70.65,near_0_200
data/frames/D/000675.jpg,D,val,0.428125,0.399306,0.026562,0.020833,45.00,2967.28,131.88,near_0_200
data/frames/D/000675.jpg,D,val,0.636328,0.638889,0.028906,0.036111,78.00,2967.28,76.08,near_0_200
data/frames/D/000675.jpg,D,val,0.478516,0.781250,0.016406,0.048611,63.00,2967.28,94.20,near_0_200
data/frames/D/000675.jpg,D,val,0.505859,0.775694,0.016406,0.048611,63.00,2967.28,94.20,near_0_200
data/frames/D/000675.jpg,D,val,0.696094,0.447917,0.031250,0.015278,33.00,2967.28,179.83,near_0_200
data/frames/D/000675.jpg,D,val,0.703516,0.477778,0.030469,0.027778,60.00,2967.28,98.91,near_0_200
data/frames/D/000675.jpg,D,val,0.751563,0.447917,0.025000,0.023611,51.00,2967.28,116.36,near_0_200
data/frames/D/000675.jpg,D,val,0.783594,0.428472,0.028125,0.020833,45.00,2967.28,131.88,near_0_200
data/frames/D/000675.jpg,D,val,0.734375,0.370833,0.026562,0.027778,60.00,2967.28,98.91,near_0_200
data/frames/D/000675.jpg,D,val,0.697656,0.394444,0.026562,0.016667,36.00,2967.28,164.85,near_0_200
data/frames/D/000675.jpg,D,val,0.688672,0.370833,0.032031,0.027778,60.00,2967.28,98.91,near_0_200
data/frames/D/000675.jpg,D,val,0.768359,0.345139,0.027344,0.031944,69.00,2967.28,86.01,near_0_200
data/frames/D/000675.jpg,D,val,0.802344,0.330556,0.032813,0.022222,48.00,2967.28,123.64,near_0_200
data/frames/D/000675.jpg,D,val,0.889062,0.265278,0.035937,0.030556,66.00,2967.28,89.92,near_0_200
data/frames/D/000675.jpg,D,val,0.925000,0.249306,0.026562,0.029167,63.00,2967.28,94.20,near_0_200
data/frames/D/000675.jpg,D,val,0.936719,0.209028,0.029687,0.037500,81.00,2967.28,73.27,near_0_200
data/frames/D/000675.jpg,D,val,0.917969,0.045139,0.023438,0.031944,69.00,2967.28,86.01,near_0_200
data/frames/D/000675.jpg,D,val,0.810156,0.376389,0.032813,0.016667,36.00,2967.28,164.85,near_0_200
data/frames/D/000675.jpg,D,val,0.875000,0.343750,0.026562,0.015278,33.00,2967.28,179.83,near_0_200
data/frames/D/000690.jpg,D,val,0.983840,0.334391,0.031718,0.027701,59.83,2967.28,99.18,near_0_200
data/frames/D/000690.jpg,D,val,0.420146,0.797213,0.013796,0.014225,30.73,2967.28,193.14,near_0_200
data/frames/D/000690.jpg,D,val,0.750970,0.421454,0.080369,0.065088,140.59,2967.28,42.21,near_0_200
data/frames/D/000690.jpg,D,val,0.479297,0.777778,0.013281,0.041667,51.00,2967.28,116.37,near_0_200
data/frames/D/000690.jpg,D,val,0.508203,0.772917,0.013281,0.043056,51.00,2967.28,116.37,near_0_200
data/frames/D/000690.jpg,D,val,0.656641,0.647222,0.025781,0.025000,54.00,2967.28,109.90,near_0_200
data/frames/D/000690.jpg,D,val,0.178906,0.783333,0.025000,0.022222,48.00,2967.28,123.64,near_0_200
data/frames/D/000690.jpg,D,val,0.294531,0.454861,0.028125,0.026389,57.00,2967.28,104.11,near_0_200
data/frames/D/000690.jpg,D,val,0.430078,0.400694,0.027344,0.015278,33.00,2967.28,179.83,near_0_200
data/frames/D/000690.jpg,D,val,0.501172,0.406944,0.025781,0.019444,42.00,2967.28,141.30,near_0_200
data/frames/D/000690.jpg,D,val,0.802734,0.798611,0.025781,0.036111,78.00,2967.28,76.08,near_0_200
data/frames/D/000690.jpg,D,val,0.827734,0.727778,0.021094,0.038889,81.00,2967.28,73.27,near_0_200
data/frames/D/000690.jpg,D,val,0.728906,0.373611,0.028125,0.016667,36.00,2967.28,164.85,near_0_200
data/frames/D/000690.jpg,D,val,0.762500,0.350694,0.028125,0.023611,51.00,2967.28,116.36,near_0_200
data/frames/D/000690.jpg,D,val,0.798828,0.327778,0.027344,0.022222,48.00,2967.28,123.64,near_0_200
data/frames/D/000690.jpg,D,val,0.884375,0.275000,0.028125,0.019444,42.00,2967.28,141.30,near_0_200
data/frames/D/000690.jpg,D,val,0.918359,0.250000,0.027344,0.027778,60.00,2967.28,98.91,near_0_200
data/frames/D/000690.jpg,D,val,0.869922,0.348611,0.028906,0.016667,36.00,2967.28,164.85,near_0_200
data/frames/D/000690.jpg,D,val,0.835938,0.363194,0.026562,0.018056,39.00,2967.28,152.16,near_0_200
data/frames/D/000690.jpg,D,val,0.930469,0.213194,0.026562,0.018056,39.00,2967.28,152.16,near_0_200
data/frames/D/000690.jpg,D,val,0.909375,0.048611,0.021875,0.025000,54.00,2967.28,109.90,near_0_200
data/frames/D/000690.jpg,D,val,0.685937,0.370139,0.029687,0.023611,51.00,2967.28,116.36,near_0_200
data/frames/D/000690.jpg,D,val,0.700000,0.389583,0.029687,0.026389,57.00,2967.28,104.11,near_0_200
data/frames/D/000690.jpg,D,val,0.714844,0.347222,0.026562,0.025000,54.00,2967.28,109.90,near_0_200
data/frames/D/000690.jpg,D,val,0.695703,0.444444,0.022656,0.016667,36.00,2967.28,164.85,near_0_200
data/frames/D/000690.jpg,D,val,0.779297,0.427778,0.032031,0.011111,24.00,2967.28,247.28,far_200_400
data/frames/D/000705.jpg,D,val,0.950183,0.353974,0.033495,0.027770,59.98,2967.28,98.94,near_0_200
data/frames/D/000705.jpg,D,val,0.748444,0.422639,0.081181,0.064491,139.30,2967.28,42.60,near_0_200
data/frames/D/000705.jpg,D,val,0.834949,0.403690,0.086324,0.064105,138.47,2967.28,42.86,near_0_200
data/frames/D/000705.jpg,D,val,0.835246,0.747902,0.034814,0.040773,88.07,2967.28,67.38,near_0_200
data/frames/D/000705.jpg,D,val,0.826562,0.829861,0.023438,0.043056,90.00,2967.28,65.94,near_0_200
data/frames/D/000705.jpg,D,val,0.683984,0.376389,0.027344,0.027778,60.00,2967.28,98.91,near_0_200
data/frames/D/000705.jpg,D,val,0.696094,0.393056,0.026562,0.027778,60.00,2967.28,98.91,near_0_200
data/frames/D/000705.jpg,D,val,0.713281,0.352778,0.018750,0.025000,54.00,2967.28,109.90,near_0_200
data/frames/D/000705.jpg,D,val,0.727344,0.369444,0.023438,0.027778,60.00,2967.28,98.91,near_0_200
data/frames/D/000705.jpg,D,val,0.760156,0.347222,0.023438,0.027778,60.00,2967.28,98.91,near_0_200
data/frames/D/000705.jpg,D,val,0.795703,0.329861,0.027344,0.020833,45.00,2967.28,131.88,near_0_200
data/frames/D/000705.jpg,D,val,0.882031,0.272917,0.031250,0.018056,39.00,2967.28,152.16,near_0_200
data/frames/D/000705.jpg,D,val,0.913672,0.252083,0.028906,0.018056,39.00,2967.28,152.16,near_0_200
data/frames/D/000705.jpg,D,val,0.923828,0.213194,0.028906,0.023611,51.00,2967.28,116.36,near_0_200
data/frames/D/000705.jpg,D,val,0.679688,0.663889,0.025000,0.030556,66.00,2967.28,89.92,near_0_200
data/frames/D/000705.jpg,D,val,0.160547,0.797917,0.025781,0.026389,57.00,2967.28,104.11,near_0_200
data/frames/D/000705.jpg,D,val,0.324609,0.469444,0.022656,0.027778,60.00,2967.28,98.91,near_0_200
data/frames/D/000705.jpg,D,val,0.862891,0.345139,0.027344,0.026389,57.00,2967.28,104.11,near_0_200
data/frames/D/000705.jpg,D,val,0.744141,0.448611,0.024219,0.019444,42.00,2967.28,141.30,near_0_200
data/frames/D/000705.jpg,D,val,0.773828,0.435417,0.033594,0.026389,57.00,2967.28,104.11,near_0_200
data/frames/D/000705.jpg,D,val,0.691406,0.450000,0.028125,0.027778,60.00,2967.28,98.91,near_0_200
data/frames/D/000720.jpg,D,val,0.921031,0.371934,0.032094,0.028183,60.88,2967.28,97.49,near_0_200
data/frames/D/000720.jpg,D,val,0.748093,0.422828,0.082548,0.064153,138.57,2967.28,42.83,near_0_200
data/frames/D/000720.jpg,D,val,0.434685,0.403765,0.028492,0.019355,41.81,2967.28,141.95,near_0_200
data/frames/D/000720.jpg,D,val,0.854843,0.864640,0.032837,0.048876,105.57,2967.28,56.21,near_0_200
data/frames/D/000720.jpg,D,val,0.833713,0.404004,0.086481,0.064033,138.31,2967.28,42.91,near_0_200
data/frames/D/000720.jpg,D,val,0.849609,0.772917,0.021094,0.040278,81.00,2967.28,73.27,near_0_200
data/frames/D/000720.jpg,D,val,0.698828,0.680556,0.025781,0.036111,78.00,2967.28,76.08,near_0_200
data/frames/D/000720.jpg,D,val,0.352344,0.486111,0.026562,0.027778,60.00,2967.28,98.91,near_0_200
data/frames/D/000720.jpg,D,val,0.137109,0.816667,0.028906,0.027778,60.00,2967.28,98.91,near_0_200
data/frames/D/000720.jpg,D,val,0.682031,0.375000,0.026562,0.027778,60.00,2967.28,98.91,near_0_200
data/frames/D/000720.jpg,D,val,0.694922,0.393750,0.027344,0.026389,57.00,2967.28,104.11,near_0_200
data/frames/D/000720.jpg,D,val,0.723828,0.375000,0.030469,0.030556,66.00,2967.28,89.92,near_0_200
data/frames/D/000720.jpg,D,val,0.689844,0.445139,0.026562,0.026389,57.00,2967.28,104.11,near_0_200
data/frames/D/000720.jpg,D,val,0.695703,0.479861,0.021094,0.026389,57.00,2967.28,104.11,near_0_200
data/frames/D/000720.jpg,D,val,0.744922,0.449306,0.025781,0.020833,45.00,2967.28,131.88,near_0_200
data/frames/D/000720.jpg,D,val,0.774219,0.433333,0.021875,0.022222,48.00,2967.28,123.64,near_0_200
data/frames/D/000720.jpg,D,val,0.877344,0.276389,0.026562,0.022222,48.00,2967.28,123.64,near_0_200
data/frames/D/000720.jpg,D,val,0.913672,0.257639,0.025781,0.015278,33.00,2967.28,179.83,near_0_200
data/frames/D/000720.jpg,D,val,0.904297,0.055556,0.022656,0.019444,42.00,2967.28,141.30,near_0_200
data/frames/D/000720.jpg,D,val,0.761719,0.347222,0.025000,0.025000,54.00,2967.28,109.90,near_0_200
data/frames/D/000720.jpg,D,val,0.792969,0.325694,0.023438,0.023611,51.00,2967.28,116.36,near_0_200
data/frames/D/000720.jpg,D,val,0.862109,0.348611,0.030469,0.016667,36.00,2967.28,164.85,near_0_200
data/frames/D/000720.jpg,D,val,0.481641,0.771528,0.016406,0.043056,63.00,2967.28,94.20,near_0_200
data/frames/D/000720.jpg,D,val,0.507812,0.769444,0.017188,0.044444,66.00,2967.28,89.91,near_0_200
