path,clip_id,conf,source,merged_parts,x1,y1,x2,y2
data/frames/A/000000.jpg,A,0.3903,sam,1,90.0,975.0,199.0,1080.0
data/frames/A/000000.jpg,A,0.3818,sam,1,1251.0,771.0,1273.0,784.0
data/frames/A/000000.jpg,A,0.3667,sam,1,1179.0,766.0,1202.0,782.0
data/frames/A/000000.jpg,A,0.3347,sam,1,1143.0,474.0,1164.0,485.0
data/frames/A/000000.jpg,A,0.3268,sam,1,1769.0,480.0,1793.0,493.0
data/frames/A/000000.jpg,A,0.3171,sam,1,1866.0,459.0,1885.0,469.0
data/frames/A/000000.jpg,A,0.3073,sam,1,1858.0,647.0,1872.0,663.0
data/frames/A/000000.jpg,A,0.2865,sam,1,1093.0,723.0,1111.0,738.0
data/frames/A/000000.jpg,A,0.2740,sam,1,497.0,799.0,519.0,812.0
data/frames/A/000000.jpg,A,0.2730,sam,1,771.0,730.0,788.0,746.0
data/frames/A/000000.jpg,A,0.2688,sam,1,1785.0,452.0,1802.0,462.0
data/frames/A/000000.jpg,A,0.2623,sam,1,1013.0,474.0,1031.0,484.0
data/frames/A/000000.jpg,A,0.2614,sam,1,1138.0,449.0,1155.0,460.0
data/frames/A/000000.jpg,A,0.2578,sam,1,0.0,745.0,64.0,782.0
data/frames/A/000000.jpg,A,0.2377,sam,1,342.0,485.0,360.0,494.0
data/frames/A/000000.jpg,A,0.2324,sam,1,948.0,475.0,958.0,485.0
data/frames/A/000000.jpg,A,0.2297,sam,1,980.0,425.0,992.0,438.0
data/frames/A/000000.jpg,A,0.2220,sam,1,1019.0,418.0,1030.0,442.0
data/frames/A/000000.jpg,A,0.2197,sam,1,1899.0,445.0,1920.0,463.0
data/frames/A/000000.jpg,A,0.2171,sam,1,812.0,713.0,835.0,728.0
data/frames/A/000000.jpg,A,0.2121,sam,1,1008.0,418.0,1058.0,440.0
data/frames/A/000000.jpg,A,0.2102,sam,1,1601.0,447.0,1618.0,457.0
data/frames/A/000000.jpg,A,0.2012,sam,1,853.0,414.0,862.0,425.0
data/frames/A/000000.jpg,A,0.1937,sam,1,1852.0,478.0,1872.0,488.0
data/frames/A/000000.jpg,A,0.1930,sam,1,1040.0,424.0,1059.0,434.0
data/frames/A/000000.jpg,A,0.1851,sam,1,482.0,573.0,497.0,586.0
data/frames/A/000000.jpg,A,0.1823,sam,1,1040.0,383.0,1058.0,434.0
data/frames/A/000000.jpg,A,0.1818,sam,1,1008.0,384.0,1058.0,440.0
data/frames/A/000000.jpg,A,0.1798,sam,1,1059.0,445.0,1074.0,453.0
data/frames/A/000000.jpg,A,0.1777,sam,1,1029.0,652.0,1044.0,669.0
data/frames/A/000000.jpg,A,0.1768,sam,1,434.0,612.0,448.0,625.0
data/frames/A/000000.jpg,A,0.1727,sam,1,1019.0,418.0,1030.0,434.0
data/frames/A/000000.jpg,A,0.1700,sam,1,421.0,752.0,436.0,767.0
data/frames/A/000000.jpg,A,0.1649,sam,1,0.0,800.0,42.0,852.0
data/frames/A/000000.jpg,A,0.1580,sam,1,465.0,578.0,481.0,596.0
data/frames/A/000000.jpg,A,0.1558,sam,1,411.0,659.0,423.0,672.0
data/frames/A/000000.jpg,A,0.1529,sam,1,867.0,270.0,878.0,280.0
data/frames/A/000000.jpg,A,0.1514,sam,1,90.0,975.0,130.0,1010.0
data/frames/A/000015.jpg,A,0.4133,sam,1,1225.0,771.0,1248.0,784.0
data/frames/A/000015.jpg,A,0.4101,sam,1,1195.0,474.0,1217.0,485.0
data/frames/A/000015.jpg,A,0.4045,sam,1,1812.0,458.0,1831.0,467.0
data/frames/A/000015.jpg,A,0.3756,sam,1,1154.0,758.0,1177.0,776.0
data/frames/A/000015.jpg,A,0.3651,sam,1,89.0,975.0,200.0,1080.0
data/frames/A/000015.jpg,A,0.3462,sam,1,1064.0,474.0,1080.0,483.0
data/frames/A/000015.jpg,A,0.3226,sam,1,1858.0,647.0,1871.0,662.0
data/frames/A/000015.jpg,A,0.2595,sam,1,1008.0,385.0,1058.0,436.0
data/frames/A/000015.jpg,A,0.2480,sam,1,0.0,745.0,63.0,782.0
data/frames/A/000015.jpg,A,0.2446,sam,1,392.0,484.0,409.0,492.0
data/frames/A/000015.jpg,A,0.2434,sam,1,486.0,794.0,503.0,808.0
data/frames/A/000015.jpg,A,0.2364,sam,1,978.0,401.0,989.0,417.0
data/frames/A/000015.jpg,A,0.2352,sam,1,1817.0,481.0,1841.0,494.0
data/frames/A/000015.jpg,A,0.2295,sam,1,1073.0,709.0,1090.0,724.0
data/frames/A/000015.jpg,A,0.2269,sam,1,1548.0,446.0,1565.0,456.0
data/frames/A/000015.jpg,A,0.2234,sam,1,1732.0,450.0,1750.0,461.0
data/frames/A/000015.jpg,A,0.2195,sam,1,1020.0,634.0,1035.0,650.0
data/frames/A/000015.jpg,A,0.2187,sam,1,89.0,975.0,129.0,1010.0
data/frames/A/000015.jpg,A,0.2084,sam,1,979.0,406.0,989.0,417.0
data/frames/A/000015.jpg,A,0.2001,sam,1,1018.0,418.0,1030.0,442.0
data/frames/A/000015.jpg,A,0.1956,sam,1,1039.0,425.0,1058.0,434.0
data/frames/A/000015.jpg,A,0.1948,sam,1,1019.0,419.0,1030.0,434.0
data/frames/A/000015.jpg,A,0.1933,sam,1,753.0,745.0,771.0,761.0
data/frames/A/000015.jpg,A,0.1898,sam,1,1039.0,384.0,1058.0,434.0
data/frames/A/000015.jpg,A,0.1797,sam,1,865.0,287.0,876.0,298.0
data/frames/A/000015.jpg,A,0.1746,sam,1,1078.0,449.0,1095.0,459.0
data/frames/A/000015.jpg,A,0.1738,sam,1,547.0,310.0,558.0,320.0
data/frames/A/000015.jpg,A,0.1737,sam,1,1008.0,418.0,1057.0,437.0
data/frames/A/000015.jpg,A,0.1705,sam,1,267.0,478.0,283.0,489.0
data/frames/A/000015.jpg,A,0.1701,sam,1,1811.0,458.0,1831.0,469.0
data/frames/A/000015.jpg,A,0.1598,sam,1,0.0,800.0,42.0,852.0
data/frames/A/000015.jpg,A,0.1544,sam,1,1010.0,444.0,1021.0,454.0
data/frames/A/000015.jpg,A,0.1532,sam,1,852.0,425.0,862.0,438.0
data/frames/A/000015.jpg,A,0.1523,sam,1,1305.0,89.0,1322.0,101.0
data/frames/A/000015.jpg,A,0.1500,sam,1,811.0,713.0,835.0,728.0
data/frames/A/000030.jpg,A,0.4236,sam,1,88.0,976.0,198.0,1080.0
data/frames/A/000030.jpg,A,0.3587,sam,1,1249.0,473.0,1270.0,485.0
data/frames/A/000030.jpg,A,0.3561,sam,1,1758.0,457.0,1775.0,465.0
data/frames/A/000030.jpg,A,0.3399,sam,1,1130.0,748.0,1152.0,767.0
data/frames/A/000030.jpg,A,0.3283,sam,1,1199.0,767.0,1222.0,782.0
data/frames/A/000030.jpg,A,0.3010,sam,1,1858.0,647.0,1871.0,662.0
data/frames/A/000030.jpg,A,0.2985,sam,1,1820.0,443.0,1882.0,464.0
data/frames/A/000030.jpg,A,0.2900,sam,1,1679.0,448.0,1698.0,459.0
data/frames/A/000030.jpg,A,0.2868,sam,1,1116.0,474.0,1134.0,484.0
data/frames/A/000030.jpg,A,0.2847,sam,1,0.0,745.0,64.0,783.0
data/frames/A/000030.jpg,A,0.2738,sam,1,733.0,759.0,752.0,776.0
data/frames/A/000030.jpg,A,0.2677,sam,1,440.0,483.0,458.0,491.0
data/frames/A/000030.jpg,A,0.2480,sam,1,1057.0,692.0,1073.0,705.0
data/frames/A/000030.jpg,A,0.2455,sam,1,1496.0,446.0,1511.0,456.0
data/frames/A/000030.jpg,A,0.2424,sam,1,1039.0,384.0,1057.0,434.0
data/frames/A/000030.jpg,A,0.2283,sam,1,1865.0,481.0,1889.0,495.0
data/frames/A/000030.jpg,A,0.2279,sam,1,327.0,477.0,344.0,488.0
data/frames/A/000030.jpg,A,0.2242,sam,1,467.0,786.0,487.0,802.0
data/frames/A/000030.jpg,A,0.2226,sam,1,975.0,387.0,987.0,399.0
data/frames/A/000030.jpg,A,0.2173,sam,1,1008.0,385.0,1057.0,436.0
data/frames/A/000030.jpg,A,0.2156,sam,1,554.0,295.0,564.0,305.0
data/frames/A/000030.jpg,A,0.1963,sam,1,1013.0,613.0,1027.0,630.0
data/frames/A/000030.jpg,A,0.1922,sam,1,864.0,303.0,875.0,314.0
data/frames/A/000030.jpg,A,0.1839,sam,1,88.0,976.0,129.0,1010.0
data/frames/A/000030.jpg,A,0.1827,sam,1,1039.0,425.0,1057.0,434.0
data/frames/A/000030.jpg,A,0.1821,sam,1,955.0,670.0,968.0,686.0
data/frames/A/000030.jpg,A,0.1778,sam,1,408.0,731.0,422.0,744.0
data/frames/A/000030.jpg,A,0.1740,sam,1,944.0,403.0,954.0,415.0
data/frames/A/000030.jpg,A,0.1644,sam,1,1008.0,418.0,1029.0,440.0
data/frames/A/000030.jpg,A,0.1627,sam,1,454.0,592.0,469.0,606.0
data/frames/A/000030.jpg,A,0.1581,sam,1,811.0,713.0,835.0,728.0
data/frames/A/000030.jpg,A,0.1574,sam,1,1040.0,384.0,1053.0,415.0
data/frames/A/000030.jpg,A,0.1562,sam,1,490.0,564.0,508.0,580.0
data/frames/A/000030.jpg,A,0.1554,sam,1,1019.0,418.0,1029.0,434.0
data/frames/A/000030.jpg,A,0.1508,sam,1,420.0,638.0,432.0,650.0
data/frames/A/000030.jpg,A,0.1505,sam,1,851.0,439.0,862.0,453.0
data/frames/A/000030.jpg,A,0.1500,sam,1,1903.0,414.0,1920.0,443.0
data/frames/A/000045.jpg,A,0.4163,sam,1,87.0,976.0,198.0,1080.0
data/frames/A/000045.jpg,A,0.4099,sam,1,1302.0,473.0,1323.0,486.0
data/frames/A/000045.jpg,A,0.3454,sam,1,1023.0,473.0,1043.0,485.0
data/frames/A/000045.jpg,A,0.3251,sam,1,0.0,745.0,62.0,783.0
data/frames/A/000045.jpg,A,0.3105,sam,1,1168.0,473.0,1184.0,483.0
data/frames/A/000045.jpg,A,0.3061,sam,1,712.0,771.0,733.0,787.0
data/frames/A/000045.jpg,A,0.2827,sam,1,1173.0,760.0,1197.0,777.0
data/frames/A/000045.jpg,A,0.2798,sam,1,1857.0,646.0,1871.0,662.0
data/frames/A/000045.jpg,A,0.2681,sam,1,1107.0,734.0,1130.0,754.0
data/frames/A/000045.jpg,A,0.2634,sam,1,1703.0,457.0,1721.0,467.0
data/frames/A/000045.jpg,A,0.2616,sam,1,1628.0,447.0,1645.0,457.0
data/frames/A/000045.jpg,A,0.2594,sam,1,1702.0,454.0,1721.0,470.0
data/frames/A/000045.jpg,A,0.2579,sam,1,490.0,481.0,507.0,491.0
data/frames/A/000045.jpg,A,0.2509,sam,1,1039.0,385.0,1057.0,434.0
data/frames/A/000045.jpg,A,0.2481,sam,1,1702.0,455.0,1721.0,465.0
data/frames/A/000045.jpg,A,0.2312,sam,1,387.0,477.0,404.0,486.0
data/frames/A/000045.jpg,A,0.2286,sam,1,1007.0,386.0,1057.0,439.0
data/frames/A/000045.jpg,A,0.2253,sam,1,1444.0,445.0,1459.0,454.0
data/frames/A/000045.jpg,A,0.2127,sam,1,974.0,369.0,986.0,380.0
data/frames/A/000045.jpg,A,0.2086,sam,1,1039.0,424.0,1057.0,434.0
data/frames/A/000045.jpg,A,0.1991,sam,1,952.0,619.0,965.0,634.0
data/frames/A/000045.jpg,A,0.1946,sam,1,1042.0,673.0,1058.0,689.0
data/frames/A/000045.jpg,A,0.1929,sam,1,714.0,453.0,730.0,462.0
data/frames/A/000045.jpg,A,0.1879,sam,1,453.0,780.0,472.0,795.0
data/frames/A/000045.jpg,A,0.1812,sam,1,850.0,457.0,861.0,466.0
data/frames/A/000045.jpg,A,0.1804,sam,1,943.0,371.0,952.0,383.0
data/frames/A/000045.jpg,A,0.1769,sam,1,810.0,712.0,835.0,728.0
data/frames/A/000045.jpg,A,0.1687,sam,1,525.0,448.0,542.0,458.0
data/frames/A/000045.jpg,A,0.1607,sam,1,566.0,280.0,577.0,289.0
data/frames/A/000045.jpg,A,0.1606,sam,1,850.0,452.0,861.0,466.0
data/frames/A/000045.jpg,A,0.1604,sam,1,863.0,322.0,873.0,333.0
data/frames/A/000045.jpg,A,0.1590,sam,1,854.0,68.0,862.0,84.0
data/frames/A/000045.jpg,A,0.1565,sam,1,465.0,585.0,480.0,597.0
data/frames/A/000045.jpg,A,0.1555,sam,1,408.0,657.0,420.0,671.0
data/frames/A/000045.jpg,A,0.1509,sam,1,0.0,800.0,42.0,851.0
data/frames/A/000060.jpg,A,0.4141,sam,1,1354.0,474.0,1374.0,486.0
data/frames/A/000060.jpg,A,0.3711,sam,1,87.0,977.0,197.0,1080.0
data/frames/A/000060.jpg,A,0.3183,sam,1,1077.0,474.0,1099.0,485.0
data/frames/A/000060.jpg,A,0.3129,sam,1,1149.0,754.0,1170.0,769.0
data/frames/A/000060.jpg,A,0.3065,sam,1,1857.0,646.0,1870.0,661.0
data/frames/A/000060.jpg,A,0.2955,sam,1,1038.0,384.0,1057.0,434.0
data/frames/A/000060.jpg,A,0.2939,sam,1,1086.0,722.0,1108.0,741.0
data/frames/A/000060.jpg,A,0.2933,sam,1,689.0,782.0,710.0,797.0
data/frames/A/000060.jpg,A,0.2875,sam,1,1221.0,474.0,1237.0,483.0
data/frames/A/000060.jpg,A,0.2759,sam,1,0.0,746.0,62.0,783.0
data/frames/A/000060.jpg,A,0.2495,sam,1,851.0,468.0,861.0,482.0
data/frames/A/000060.jpg,A,0.2382,sam,1,1648.0,454.0,1665.0,463.0
data/frames/A/000060.jpg,A,0.2359,sam,1,1576.0,446.0,1593.0,456.0
data/frames/A/000060.jpg,A,0.2211,sam,1,1391.0,444.0,1407.0,454.0
data/frames/A/000060.jpg,A,0.2196,sam,1,540.0,480.0,557.0,489.0
data/frames/A/000060.jpg,A,0.2144,sam,1,1030.0,656.0,1044.0,669.0
data/frames/A/000060.jpg,A,0.2096,sam,1,861.0,339.0,873.0,351.0
data/frames/A/000060.jpg,A,0.1989,sam,1,447.0,474.0,463.0,485.0
data/frames/A/000060.jpg,A,0.1900,sam,1,412.0,645.0,426.0,660.0
data/frames/A/000060.jpg,A,0.1878,sam,1,654.0,455.0,670.0,464.0
data/frames/A/000060.jpg,A,0.1865,sam,1,1038.0,424.0,1057.0,434.0
data/frames/A/000060.jpg,A,0.1865,sam,1,87.0,976.0,128.0,1011.0
data/frames/A/000060.jpg,A,0.1843,sam,1,580.0,266.0,591.0,275.0
data/frames/A/000060.jpg,A,0.1816,sam,1,810.0,712.0,835.0,728.0
data/frames/A/000060.jpg,A,0.1804,sam,1,441.0,772.0,458.0,786.0
data/frames/A/000060.jpg,A,0.1734,sam,1,950.0,572.0,961.0,586.0
data/frames/A/000060.jpg,A,0.1722,sam,1,970.0,340.0,987.0,369.0
data/frames/A/000060.jpg,A,0.1718,sam,1,941.0,341.0,951.0,352.0
data/frames/A/000060.jpg,A,0.1672,sam,1,432.0,614.0,446.0,628.0
data/frames/A/000060.jpg,A,0.1655,sam,1,853.0,67.0,861.0,83.0
data/frames/A/000060.jpg,A,0.1615,sam,1,471.0,449.0,488.0,459.0
data/frames/A/000060.jpg,A,0.1577,sam,1,399.0,706.0,412.0,720.0
data/frames/A/000060.jpg,A,0.1552,sam,1,968.0,925.0,980.0,954.0
data/frames/A/000060.jpg,A,0.1508,sam,1,1007.0,385.0,1057.0,440.0
data/frames/A/000075.jpg,A,0.4422,sam,1,1708.0,441.0,1770.0,462.0
data/frames/A/000075.jpg,A,0.3954,sam,1,1133.0,474.0,1154.0,485.0
data/frames/A/000075.jpg,A,0.3812,sam,1,1406.0,475.0,1427.0,486.0
data/frames/A/000075.jpg,A,0.3116,sam,1,1856.0,646.0,1869.0,661.0
data/frames/A/000075.jpg,A,0.3047,sam,1,1273.0,474.0,1289.0,483.0
data/frames/A/000075.jpg,A,0.2861,sam,1,665.0,792.0,686.0,806.0
data/frames/A/000075.jpg,A,0.2663,sam,1,87.0,977.0,128.0,1012.0
data/frames/A/000075.jpg,A,0.2568,sam,1,1592.0,454.0,1610.0,462.0
data/frames/A/000075.jpg,A,0.2503,sam,1,87.0,977.0,197.0,1080.0
data/frames/A/000075.jpg,A,0.2400,sam,1,1068.0,708.0,1090.0,727.0
data/frames/A/000075.jpg,A,0.2371,sam,1,1125.0,743.0,1146.0,760.0
data/frames/A/000075.jpg,A,0.2344,sam,1,1900.0,414.0,1920.0,444.0
data/frames/A/000075.jpg,A,0.2317,sam,1,1524.0,445.0,1542.0,456.0
data/frames/A/000075.jpg,A,0.2298,sam,1,1007.0,385.0,1056.0,439.0
data/frames/A/000075.jpg,A,0.2255,sam,1,0.0,746.0,60.0,783.0
data/frames/A/000075.jpg,A,0.2242,sam,1,488.0,568.0,504.0,581.0
data/frames/A/000075.jpg,A,0.2218,sam,1,1338.0,444.0,1353.0,453.0
data/frames/A/000075.jpg,A,0.2204,sam,1,809.0,712.0,834.0,728.0
data/frames/A/000075.jpg,A,0.2135,sam,1,962.0,874.0,978.0,905.0
data/frames/A/000075.jpg,A,0.2127,sam,1,506.0,473.0,523.0,483.0
data/frames/A/000075.jpg,A,0.2037,sam,1,850.0,484.0,862.0,498.0
data/frames/A/000075.jpg,A,0.2017,sam,1,1020.0,638.0,1034.0,650.0
data/frames/A/000075.jpg,A,0.1929,sam,1,589.0,479.0,607.0,488.0
data/frames/A/000075.jpg,A,0.1919,sam,1,428.0,761.0,446.0,777.0
data/frames/A/000075.jpg,A,0.1883,sam,1,1038.0,424.0,1056.0,434.0
data/frames/A/000075.jpg,A,0.1872,sam,1,948.0,529.0,959.0,541.0
data/frames/A/000075.jpg,A,0.1866,sam,1,598.0,254.0,613.0,263.0
data/frames/A/000075.jpg,A,0.1845,sam,1,920.0,14.0,936.0,36.0
data/frames/A/000075.jpg,A,0.1753,sam,1,440.0,604.0,454.0,619.0
data/frames/A/000075.jpg,A,0.1733,sam,1,858.0,356.0,868.0,367.0
data/frames/A/000075.jpg,A,0.1672,sam,1,414.0,633.0,431.0,649.0
data/frames/A/000075.jpg,A,0.1595,sam,1,792.0,446.0,808.0,455.0
data/frames/A/000075.jpg,A,0.1558,sam,1,397.0,693.0,410.0,708.0
data/frames/A/000075.jpg,A,0.1522,sam,1,583.0,228.0,596.0,238.0
data/frames/A/000075.jpg,A,0.1519,sam,1,417.0,451.0,433.0,461.0
data/frames/A/000075.jpg,A,0.1502,sam,1,939.0,313.0,948.0,324.0
data/frames/A/000090.jpg,A,0.4298,sam,1,1672.0,440.0,1733.0,462.0
data/frames/A/000090.jpg,A,0.3759,sam,1,944.0,827.0,974.0,857.0
data/frames/A/000090.jpg,A,0.3552,sam,1,1190.0,473.0,1210.0,485.0
data/frames/A/000090.jpg,A,0.3513,sam,1,641.0,799.0,660.0,812.0
data/frames/A/000090.jpg,A,0.3462,sam,1,87.0,977.0,196.0,1080.0
data/frames/A/000090.jpg,A,0.3339,sam,1,1459.0,475.0,1479.0,487.0
data/frames/A/000090.jpg,A,0.3242,sam,1,638.0,478.0,655.0,488.0
data/frames/A/000090.jpg,A,0.3226,sam,1,1102.0,730.0,1124.0,748.0
data/frames/A/000090.jpg,A,0.3194,sam,1,1325.0,474.0,1341.0,484.0
data/frames/A/000090.jpg,A,0.3032,sam,1,534.0,458.0,550.0,466.0
data/frames/A/000090.jpg,A,0.3025,sam,1,1052.0,692.0,1071.0,710.0
data/frames/A/000090.jpg,A,0.2912,sam,1,566.0,472.0,583.0,482.0
data/frames/A/000090.jpg,A,0.2808,sam,1,1855.0,646.0,1869.0,661.0
data/frames/A/000090.jpg,A,0.2807,sam,1,1535.0,453.0,1553.0,462.0
data/frames/A/000090.jpg,A,0.2667,sam,1,1012.0,618.0,1025.0,630.0
data/frames/A/000090.jpg,A,0.2649,sam,1,809.0,713.0,834.0,728.0
data/frames/A/000090.jpg,A,0.2592,sam,1,502.0,560.0,518.0,574.0
data/frames/A/000090.jpg,A,0.2590,sam,1,450.0,594.0,465.0,608.0
data/frames/A/000090.jpg,A,0.2542,sam,1,1284.0,444.0,1302.0,453.0
data/frames/A/000090.jpg,A,0.2472,sam,1,1473.0,446.0,1489.0,455.0
data/frames/A/000090.jpg,A,0.2256,sam,1,421.0,621.0,438.0,636.0
data/frames/A/000090.jpg,A,0.2236,sam,1,418.0,751.0,436.0,767.0
data/frames/A/000090.jpg,A,0.2149,sam,1,620.0,245.0,634.0,254.0
data/frames/A/000090.jpg,A,0.2129,sam,1,0.0,747.0,60.0,784.0
data/frames/A/000090.jpg,A,0.2109,sam,1,1874.0,458.0,1892.0,468.0
data/frames/A/000090.jpg,A,0.2083,sam,1,556.0,240.0,571.0,250.0
data/frames/A/000090.jpg,A,0.2074,sam,1,87.0,977.0,127.0,1011.0
data/frames/A/000090.jpg,A,0.2042,sam,1,1039.0,424.0,1055.0,434.0
data/frames/A/000090.jpg,A,0.2001,sam,1,548.0,536.0,571.0,554.0
data/frames/A/000090.jpg,A,0.1877,sam,1,855.0,374.0,865.0,386.0
data/frames/A/000090.jpg,A,0.1844,sam,1,946.0,488.0,957.0,500.0
data/frames/A/000090.jpg,A,0.1816,sam,1,894.0,329.0,904.0,339.0
data/frames/A/000090.jpg,A,0.1724,sam,1,1885.0,415.0,1920.0,445.0
data/frames/A/000090.jpg,A,0.1710,sam,1,397.0,681.0,410.0,695.0
data/frames/A/000090.jpg,A,0.1689,sam,1,1012.0,417.0,1028.0,441.0
data/frames/A/000090.jpg,A,0.1637,sam,1,850.0,499.0,863.0,515.0
data/frames/A/000090.jpg,A,0.1613,sam,1,796.0,713.0,833.0,742.0
data/frames/A/000090.jpg,A,0.1585,sam,1,969.0,314.0,979.0,325.0
data/frames/A/000090.jpg,A,0.1531,sam,1,737.0,447.0,753.0,456.0
data/frames/A/000105.jpg,A,0.4324,sam,1,87.0,977.0,195.0,1080.0
data/frames/A/000105.jpg,A,0.4009,sam,1,1511.0,475.0,1533.0,487.0
data/frames/A/000105.jpg,A,0.3758,sam,1,1635.0,439.0,1695.0,460.0
data/frames/A/000105.jpg,A,0.3549,sam,1,0.0,521.0,44.0,539.0
data/frames/A/000105.jpg,A,0.3296,sam,1,1245.0,474.0,1265.0,486.0
data/frames/A/000105.jpg,A,0.3005,sam,1,1855.0,646.0,1869.0,661.0
data/frames/A/000105.jpg,A,0.2907,sam,1,1084.0,716.0,1104.0,734.0
data/frames/A/000105.jpg,A,0.2900,sam,1,1039.0,675.0,1058.0,694.0
data/frames/A/000105.jpg,A,0.2874,sam,1,1813.0,457.0,1830.0,466.0
data/frames/A/000105.jpg,A,0.2762,sam,1,627.0,471.0,642.0,481.0
data/frames/A/000105.jpg,A,0.2756,sam,1,1846.0,409.0,1867.0,420.0
data/frames/A/000105.jpg,A,0.2729,sam,1,616.0,804.0,635.0,816.0
data/frames/A/000105.jpg,A,0.2640,sam,1,473.0,458.0,489.0,467.0
data/frames/A/000105.jpg,A,0.2523,sam,1,851.0,514.0,864.0,532.0
data/frames/A/000105.jpg,A,0.2502,sam,1,644.0,238.0,659.0,246.0
data/frames/A/000105.jpg,A,0.2495,sam,1,1422.0,444.0,1439.0,454.0
data/frames/A/000105.jpg,A,0.2483,sam,1,958.0,781.0,972.0,805.0
data/frames/A/000105.jpg,A,0.2395,sam,1,1233.0,443.0,1247.0,453.0
data/frames/A/000105.jpg,A,0.2379,sam,1,1377.0,475.0,1394.0,485.0
data/frames/A/000105.jpg,A,0.2356,sam,1,1480.0,452.0,1497.0,460.0
data/frames/A/000105.jpg,A,0.2303,sam,1,686.0,479.0,703.0,488.0
data/frames/A/000105.jpg,A,0.2303,sam,1,808.0,713.0,834.0,728.0
data/frames/A/000105.jpg,A,0.2283,sam,1,516.0,554.0,533.0,566.0
data/frames/A/000105.jpg,A,0.2243,sam,1,942.0,757.0,955.0,774.0
data/frames/A/000105.jpg,A,0.2175,sam,1,992.0,515.0,1004.0,530.0
data/frames/A/000105.jpg,A,0.2164,sam,1,1007.0,597.0,1019.0,609.0
data/frames/A/000105.jpg,A,0.2157,sam,1,853.0,391.0,863.0,405.0
data/frames/A/000105.jpg,A,0.2156,sam,1,1039.0,424.0,1055.0,434.0
data/frames/A/000105.jpg,A,0.2077,sam,1,306.0,457.0,324.0,465.0
data/frames/A/000105.jpg,A,0.1939,sam,1,411.0,741.0,428.0,756.0
data/frames/A/000105.jpg,A,0.1870,sam,1,399.0,669.0,412.0,684.0
data/frames/A/000105.jpg,A,0.1827,sam,1,894.0,362.0,904.0,373.0
data/frames/A/000105.jpg,A,0.1815,sam,1,0.0,747.0,59.0,784.0
data/frames/A/000105.jpg,A,0.1794,sam,1,460.0,586.0,476.0,598.0
data/frames/A/000105.jpg,A,0.1787,sam,1,1796.0,459.0,1833.0,475.0
data/frames/A/000105.jpg,A,0.1764,sam,1,86.0,977.0,127.0,1013.0
data/frames/A/000105.jpg,A,0.1720,sam,1,1007.0,385.0,1055.0,439.0
data/frames/A/000105.jpg,A,0.1687,sam,1,1900.0,415.0,1920.0,445.0
data/frames/A/000105.jpg,A,0.1671,sam,1,1015.0,418.0,1027.0,435.0
data/frames/A/000105.jpg,A,0.1628,sam,1,29.0,520.0,45.0,537.0
data/frames/A/000105.jpg,A,0.1618,sam,1,1015.0,418.0,1027.0,441.0
data/frames/A/000105.jpg,A,0.1590,sam,1,431.0,610.0,447.0,626.0
data/frames/A/000105.jpg,A,0.1556,sam,1,992.0,565.0,1005.0,588.0
data/frames/A/000120.jpg,A,0.4304,sam,1,1598.0,438.0,1659.0,460.0
data/frames/A/000120.jpg,A,0.4218,sam,1,1564.0,475.0,1585.0,487.0
data/frames/A/000120.jpg,A,0.3249,sam,1,86.0,978.0,195.0,1080.0
data/frames/A/000120.jpg,A,0.2940,sam,1,1301.0,474.0,1320.0,486.0
data/frames/A/000120.jpg,A,0.2843,sam,1,1423.0,451.0,1440.0,460.0
data/frames/A/000120.jpg,A,0.2828,sam,1,734.0,477.0,752.0,487.0
data/frames/A/000120.jpg,A,0.2757,sam,1,1370.0,443.0,1388.0,453.0
data/frames/A/000120.jpg,A,0.2714,sam,1,0.0,747.0,59.0,784.0
data/frames/A/000120.jpg,A,0.2673,sam,1,686.0,470.0,702.0,480.0
data/frames/A/000120.jpg,A,0.2614,sam,1,852.0,535.0,865.0,550.0
data/frames/A/000120.jpg,A,0.2611,sam,1,956.0,736.0,969.0,760.0
data/frames/A/000120.jpg,A,0.2602,sam,1,1429.0,475.0,1446.0,485.0
data/frames/A/000120.jpg,A,0.2521,sam,1,1854.0,646.0,1868.0,661.0
data/frames/A/000120.jpg,A,0.2495,sam,1,413.0,460.0,426.0,469.0
data/frames/A/000120.jpg,A,0.2472,sam,1,593.0,807.0,610.0,817.0
data/frames/A/000120.jpg,A,0.2440,sam,1,1179.0,444.0,1196.0,453.0
data/frames/A/000120.jpg,A,0.2404,sam,1,439.0,601.0,456.0,615.0
data/frames/A/000120.jpg,A,0.2381,sam,1,1067.0,701.0,1088.0,719.0
data/frames/A/000120.jpg,A,0.2367,sam,1,987.0,494.0,1000.0,509.0
data/frames/A/000120.jpg,A,0.2274,sam,1,808.0,714.0,834.0,728.0
data/frames/A/000120.jpg,A,0.2258,sam,1,252.0,458.0,269.0,466.0
data/frames/A/000120.jpg,A,0.2234,sam,1,531.0,548.0,548.0,559.0
data/frames/A/000120.jpg,A,0.2135,sam,1,405.0,729.0,419.0,744.0
data/frames/A/000120.jpg,A,0.2082,sam,1,669.0,233.0,685.0,241.0
data/frames/A/000120.jpg,A,0.2062,sam,1,1811.0,406.0,1828.0,416.0
data/frames/A/000120.jpg,A,0.2057,sam,1,940.0,682.0,952.0,698.0
data/frames/A/000120.jpg,A,0.2023,sam,1,1039.0,423.0,1055.0,434.0
data/frames/A/000120.jpg,A,0.1965,sam,1,87.0,977.0,127.0,1013.0
data/frames/A/000120.jpg,A,0.1942,sam,1,1027.0,656.0,1043.0,674.0
data/frames/A/000120.jpg,A,0.1860,sam,1,401.0,657.0,415.0,671.0
data/frames/A/000120.jpg,A,0.1752,sam,1,893.0,395.0,904.0,407.0
data/frames/A/000120.jpg,A,0.1725,sam,1,796.0,713.0,834.0,742.0
data/frames/A/000120.jpg,A,0.1721,sam,1,472.0,578.0,488.0,590.0
data/frames/A/000120.jpg,A,0.1715,sam,1,1007.0,578.0,1016.0,593.0
data/frames/A/000120.jpg,A,0.1682,sam,1,1015.0,417.0,1027.0,442.0
data/frames/A/000120.jpg,A,0.1632,sam,1,852.0,407.0,862.0,419.0
data/frames/A/000120.jpg,A,0.1554,sam,1,993.0,566.0,1002.0,585.0
data/frames/A/000120.jpg,A,0.1502,sam,1,1799.0,452.0,1816.0,461.0
data/frames/A/000135.jpg,A,0.4071,sam,1,86.0,978.0,195.0,1080.0
data/frames/A/000135.jpg,A,0.3909,sam,1,1616.0,476.0,1637.0,488.0
data/frames/A/000135.jpg,A,0.3278,sam,1,1356.0,474.0,1375.0,485.0
data/frames/A/000135.jpg,A,0.2854,sam,1,448.0,589.0,467.0,605.0
data/frames/A/000135.jpg,A,0.2657,sam,1,783.0,477.0,803.0,486.0
data/frames/A/000135.jpg,A,0.2594,sam,1,0.0,747.0,59.0,784.0
data/frames/A/000135.jpg,A,0.2563,sam,1,1366.0,450.0,1383.0,459.0
data/frames/A/000135.jpg,A,0.2499,sam,1,743.0,470.0,761.0,479.0
data/frames/A/000135.jpg,A,0.2469,sam,1,1051.0,686.0,1069.0,702.0
data/frames/A/000135.jpg,A,0.2445,sam,1,1854.0,645.0,1867.0,660.0
data/frames/A/000135.jpg,A,0.2421,sam,1,1481.0,476.0,1500.0,486.0
data/frames/A/000135.jpg,A,0.2383,sam,1,1127.0,444.0,1142.0,453.0
data/frames/A/000135.jpg,A,0.2359,sam,1,1320.0,443.0,1337.0,452.0
data/frames/A/000135.jpg,A,0.2355,sam,1,1038.0,424.0,1055.0,434.0
data/frames/A/000135.jpg,A,0.2319,sam,1,1018.0,639.0,1033.0,655.0
data/frames/A/000135.jpg,A,0.2265,sam,1,807.0,713.0,833.0,728.0
data/frames/A/000135.jpg,A,0.2251,sam,1,406.0,645.0,419.0,658.0
data/frames/A/000135.jpg,A,0.2170,sam,1,952.0,696.0,967.0,720.0
data/frames/A/000135.jpg,A,0.2047,sam,1,1775.0,400.0,1792.0,410.0
data/frames/A/000135.jpg,A,0.2044,sam,1,0.0,704.0,59.0,784.0
data/frames/A/000135.jpg,A,0.2034,sam,1,546.0,542.0,564.0,554.0
data/frames/A/000135.jpg,A,0.2009,sam,1,854.0,555.0,866.0,568.0
data/frames/A/000135.jpg,A,0.1971,sam,1,985.0,476.0,996.0,490.0
data/frames/A/000135.jpg,A,0.1967,sam,1,196.0,459.0,213.0,468.0
data/frames/A/000135.jpg,A,0.1861,sam,1,848.0,464.0,858.0,477.0
data/frames/A/000135.jpg,A,0.1835,sam,1,349.0,463.0,364.0,471.0
data/frames/A/000135.jpg,A,0.1824,sam,1,485.0,570.0,500.0,582.0
data/frames/A/000135.jpg,A,0.1765,sam,1,893.0,432.0,904.0,444.0
data/frames/A/000135.jpg,A,0.1602,sam,1,1898.0,415.0,1920.0,444.0
data/frames/A/000135.jpg,A,0.1583,sam,1,576.0,449.0,590.0,459.0
data/frames/A/000135.jpg,A,0.1562,sam,1,854.0,537.0,866.0,569.0
data/frames/A/000135.jpg,A,0.1547,sam,1,937.0,615.0,948.0,630.0
data/frames/A/000135.jpg,A,0.1535,sam,1,400.0,717.0,415.0,731.0
data/frames/A/000150.jpg,A,0.3849,sam,1,1669.0,476.0,1690.0,489.0
data/frames/A/000150.jpg,A,0.3542,sam,1,189.0,488.0,228.0,502.0
data/frames/A/000150.jpg,A,0.3423,sam,1,1409.0,474.0,1431.0,486.0
data/frames/A/000150.jpg,A,0.3156,sam,1,540.0,807.0,558.0,819.0
data/frames/A/000150.jpg,A,0.3122,sam,1,807.0,714.0,833.0,728.0
data/frames/A/000150.jpg,A,0.2941,sam,1,946.0,658.0,965.0,683.0
data/frames/A/000150.jpg,A,0.2919,sam,1,1853.0,645.0,1867.0,660.0
data/frames/A/000150.jpg,A,0.2875,sam,1,85.0,978.0,126.0,1014.0
data/frames/A/000150.jpg,A,0.2840,sam,1,1010.0,619.0,1026.0,637.0
data/frames/A/000150.jpg,A,0.2834,sam,1,85.0,978.0,194.0,1080.0
data/frames/A/000150.jpg,A,0.2727,sam,1,1038.0,667.0,1056.0,684.0
data/frames/A/000150.jpg,A,0.2607,sam,1,854.0,575.0,866.0,590.0
data/frames/A/000150.jpg,A,0.2567,sam,1,1075.0,443.0,1091.0,453.0
data/frames/A/000150.jpg,A,0.2559,sam,1,411.0,632.0,426.0,647.0
data/frames/A/000150.jpg,A,0.2470,sam,1,892.0,471.0,903.0,484.0
data/frames/A/000150.jpg,A,0.2454,sam,1,461.0,580.0,478.0,595.0
data/frames/A/000150.jpg,A,0.2319,sam,1,1038.0,424.0,1054.0,435.0
data/frames/A/000150.jpg,A,0.2282,sam,1,0.0,490.0,16.0,507.0
data/frames/A/000150.jpg,A,0.2257,sam,1,935.0,553.0,945.0,566.0
data/frames/A/000150.jpg,A,0.2250,sam,1,848.0,443.0,858.0,455.0
data/frames/A/000150.jpg,A,0.2236,sam,1,1309.0,450.0,1325.0,459.0
data/frames/A/000150.jpg,A,0.2206,sam,1,531.0,457.0,549.0,466.0
data/frames/A/000150.jpg,A,0.2180,sam,1,521.0,450.0,549.0,468.0
data/frames/A/000150.jpg,A,0.2117,sam,1,0.0,748.0,59.0,785.0
data/frames/A/000150.jpg,A,0.2105,sam,1,1532.0,477.0,1550.0,486.0
data/frames/A/000150.jpg,A,0.2088,sam,1,1268.0,443.0,1286.0,453.0
data/frames/A/000150.jpg,A,0.2055,sam,1,398.0,705.0,412.0,720.0
data/frames/A/000150.jpg,A,0.1997,sam,1,1006.0,419.0,1026.0,436.0
data/frames/A/000150.jpg,A,0.1975,sam,1,521.0,450.0,536.0,460.0
data/frames/A/000150.jpg,A,0.1940,sam,1,1695.0,450.0,1713.0,462.0
data/frames/A/000150.jpg,A,0.1908,sam,1,981.0,457.0,992.0,470.0
data/frames/A/000150.jpg,A,0.1863,sam,1,286.0,465.0,303.0,473.0
data/frames/A/000150.jpg,A,0.1858,sam,1,1739.0,395.0,1756.0,404.0
data/frames/A/000150.jpg,A,0.1777,sam,1,1036.0,385.0,1054.0,436.0
data/frames/A/000150.jpg,A,0.1776,sam,1,498.0,563.0,513.0,575.0
data/frames/A/000150.jpg,A,0.1765,sam,1,1014.0,418.0,1026.0,442.0
data/frames/A/000150.jpg,A,0.1703,sam,1,264.0,456.0,281.0,466.0
data/frames/A/000150.jpg,A,0.1656,sam,1,847.0,483.0,857.0,496.0
data/frames/A/000150.jpg,A,0.1524,sam,1,138.0,462.0,156.0,470.0
data/frames/A/000150.jpg,A,0.1760,merged,2,84.0,516.0,158.0,545.0
data/frames/A/000165.jpg,A,0.4196,sam,1,1487.0,437.0,1548.0,459.0
data/frames/A/000165.jpg,A,0.3537,sam,1,467.0,453.0,487.0,468.0
data/frames/A/000165.jpg,A,0.3390,sam,1,1463.0,476.0,1485.0,487.0
data/frames/A/000165.jpg,A,0.3381,sam,1,1721.0,477.0,1742.0,488.0
data/frames/A/000165.jpg,A,0.3055,sam,1,1852.0,645.0,1866.0,660.0
data/frames/A/000165.jpg,A,0.2843,sam,1,949.0,622.0,961.0,644.0
data/frames/A/000165.jpg,A,0.2809,sam,1,807.0,713.0,832.0,728.0
data/frames/A/000165.jpg,A,0.2801,sam,1,516.0,802.0,534.0,815.0
data/frames/A/000165.jpg,A,0.2767,sam,1,1217.0,443.0,1234.0,453.0
data/frames/A/000165.jpg,A,0.2759,sam,1,1025.0,650.0,1043.0,667.0
data/frames/A/000165.jpg,A,0.2758,sam,1,472.0,571.0,491.0,586.0
data/frames/A/000165.jpg,A,0.2758,sam,1,467.0,457.0,486.0,467.0
data/frames/A/000165.jpg,A,0.2688,sam,1,847.0,458.0,858.0,471.0
data/frames/A/000165.jpg,A,0.2557,sam,1,892.0,514.0,903.0,526.0
data/frames/A/000165.jpg,A,0.2510,sam,1,1584.0,477.0,1601.0,487.0
data/frames/A/000165.jpg,A,0.2498,sam,1,1251.0,450.0,1268.0,459.0
data/frames/A/000165.jpg,A,0.2432,sam,1,419.0,621.0,434.0,634.0
data/frames/A/000165.jpg,A,0.2407,sam,1,85.0,979.0,194.0,1080.0
data/frames/A/000165.jpg,A,0.2366,sam,1,992.0,518.0,1005.0,534.0
data/frames/A/000165.jpg,A,0.2308,sam,1,852.0,595.0,866.0,610.0
data/frames/A/000165.jpg,A,0.2219,sam,1,1005.0,598.0,1019.0,616.0
data/frames/A/000165.jpg,A,0.2124,sam,1,1897.0,414.0,1920.0,444.0
data/frames/A/000165.jpg,A,0.2119,sam,1,1037.0,425.0,1054.0,435.0
data/frames/A/000165.jpg,A,0.2111,sam,1,85.0,979.0,125.0,1014.0
data/frames/A/000165.jpg,A,0.2084,sam,1,578.0,396.0,600.0,420.0
data/frames/A/000165.jpg,A,0.2007,sam,1,396.0,693.0,410.0,708.0
data/frames/A/000165.jpg,A,0.1972,sam,1,845.0,500.0,856.0,515.0
data/frames/A/000165.jpg,A,0.1955,sam,1,1703.0,389.0,1719.0,397.0
data/frames/A/000165.jpg,A,0.1862,sam,1,931.0,496.0,942.0,508.0
data/frames/A/000165.jpg,A,0.1784,sam,1,512.0,558.0,527.0,567.0
data/frames/A/000165.jpg,A,0.1777,sam,1,1022.0,443.0,1037.0,453.0
data/frames/A/000165.jpg,A,0.1773,sam,1,748.0,234.0,761.0,242.0
data/frames/A/000165.jpg,A,0.1771,sam,1,902.0,323.0,912.0,334.0
data/frames/A/000165.jpg,A,0.1761,sam,1,224.0,466.0,238.0,475.0
data/frames/A/000165.jpg,A,0.1749,sam,1,40.0,488.0,76.0,506.0
data/frames/A/000165.jpg,A,0.1696,sam,1,0.0,749.0,57.0,785.0
data/frames/A/000165.jpg,A,0.1679,sam,1,83.0,464.0,99.0,472.0
data/frames/A/000165.jpg,A,0.1645,sam,1,40.0,497.0,60.0,506.0
data/frames/A/000165.jpg,A,0.1527,sam,1,179.0,516.0,193.0,533.0
data/frames/A/000165.jpg,A,0.1517,sam,1,722.0,114.0,756.0,138.0
data/frames/A/000180.jpg,A,0.4235,sam,1,1449.0,437.0,1511.0,458.0
data/frames/A/000180.jpg,A,0.3703,sam,1,1518.0,475.0,1539.0,487.0
data/frames/A/000180.jpg,A,0.3527,sam,1,407.0,454.0,425.0,469.0
data/frames/A/000180.jpg,A,0.3434,sam,1,1773.0,479.0,1794.0,490.0
data/frames/A/000180.jpg,A,0.3247,sam,1,1852.0,645.0,1864.0,660.0
data/frames/A/000180.jpg,A,0.3212,sam,1,846.0,474.0,856.0,488.0
data/frames/A/000180.jpg,A,0.3027,sam,1,407.0,457.0,425.0,469.0
data/frames/A/000180.jpg,A,0.2972,sam,1,1635.0,478.0,1653.0,487.0
data/frames/A/000180.jpg,A,0.2886,sam,1,1165.0,443.0,1183.0,453.0
data/frames/A/000180.jpg,A,0.2883,sam,1,843.0,517.0,854.0,533.0
data/frames/A/000180.jpg,A,0.2877,sam,1,891.0,557.0,903.0,571.0
data/frames/A/000180.jpg,A,0.2862,sam,1,487.0,564.0,505.0,578.0
data/frames/A/000180.jpg,A,0.2829,sam,1,947.0,587.0,961.0,609.0
data/frames/A/000180.jpg,A,0.2669,sam,1,1190.0,449.0,1208.0,459.0
data/frames/A/000180.jpg,A,0.2612,sam,1,83.0,979.0,166.0,1080.0
data/frames/A/000180.jpg,A,0.2547,sam,1,1018.0,634.0,1035.0,648.0
data/frames/A/000180.jpg,A,0.2535,sam,1,492.0,798.0,511.0,811.0
data/frames/A/000180.jpg,A,0.2488,sam,1,851.0,619.0,865.0,634.0
data/frames/A/000180.jpg,A,0.2477,sam,1,429.0,610.0,445.0,624.0
data/frames/A/000180.jpg,A,0.2476,sam,1,1004.0,580.0,1016.0,597.0
data/frames/A/000180.jpg,A,0.2467,sam,1,1036.0,425.0,1054.0,434.0
data/frames/A/000180.jpg,A,0.2423,sam,1,1004.0,419.0,1024.0,434.0
data/frames/A/000180.jpg,A,0.2417,sam,1,1896.0,416.0,1920.0,443.0
data/frames/A/000180.jpg,A,0.2405,sam,1,1036.0,385.0,1053.0,433.0
data/frames/A/000180.jpg,A,0.2190,sam,1,85.0,496.0,106.0,505.0
data/frames/A/000180.jpg,A,0.2126,sam,1,901.0,354.0,913.0,366.0
data/frames/A/000180.jpg,A,0.2125,sam,1,275.0,487.0,301.0,499.0
data/frames/A/000180.jpg,A,0.2099,sam,1,807.0,714.0,832.0,728.0
data/frames/A/000180.jpg,A,0.2084,sam,1,770.0,239.0,783.0,248.0
data/frames/A/000180.jpg,A,0.2048,sam,1,975.0,419.0,985.0,432.0
data/frames/A/000180.jpg,A,0.2026,sam,1,1013.0,418.0,1024.0,440.0
data/frames/A/000180.jpg,A,0.2006,sam,1,900.0,294.0,912.0,305.0
data/frames/A/000180.jpg,A,0.1978,sam,1,215.0,515.0,230.0,532.0
data/frames/A/000180.jpg,A,0.1977,sam,1,988.0,496.0,1001.0,513.0
data/frames/A/000180.jpg,A,0.1904,sam,1,988.0,501.0,1000.0,513.0
data/frames/A/000180.jpg,A,0.1843,sam,1,396.0,681.0,410.0,696.0
data/frames/A/000180.jpg,A,0.1837,sam,1,525.0,551.0,541.0,563.0
data/frames/A/000180.jpg,A,0.1830,sam,1,297.0,488.0,315.0,497.0
data/frames/A/000180.jpg,A,0.1819,sam,1,1288.0,503.0,1301.0,512.0
data/frames/A/000180.jpg,A,0.1793,sam,1,889.0,390.0,901.0,402.0
data/frames/A/000180.jpg,A,0.1744,sam,1,114.0,487.0,135.0,496.0
data/frames/A/000180.jpg,A,0.1696,sam,1,150.0,460.0,167.0,469.0
data/frames/A/000180.jpg,A,0.1674,sam,1,160.0,467.0,176.0,477.0
data/frames/A/000180.jpg,A,0.1669,sam,1,34.0,766.0,57.0,787.0
data/frames/A/000180.jpg,A,0.1654,sam,1,151.0,458.0,175.0,476.0
data/frames/A/000180.jpg,A,0.1639,sam,1,154.0,462.0,176.0,483.0
data/frames/A/000180.jpg,A,0.1585,sam,1,306.0,392.0,318.0,403.0
data/frames/A/000180.jpg,A,0.1573,sam,1,994.0,170.0,1005.0,180.0
data/frames/A/000180.jpg,A,0.1546,sam,1,1003.0,418.0,1028.0,438.0
data/frames/A/000180.jpg,A,0.1521,sam,1,981.0,541.0,997.0,562.0
data/frames/A/000195.jpg,A,0.4934,sam,1,205.0,514.0,264.0,534.0
data/frames/A/000195.jpg,A,0.4591,sam,1,1412.0,436.0,1474.0,460.0
data/frames/A/000195.jpg,A,0.3215,sam,1,1851.0,644.0,1864.0,660.0
data/frames/A/000195.jpg,A,0.3189,sam,1,1826.0,479.0,1847.0,491.0
data/frames/A/000195.jpg,A,0.3178,sam,1,1572.0,476.0,1593.0,488.0
data/frames/A/000195.jpg,A,0.3151,sam,1,93.0,462.0,111.0,478.0
data/frames/A/000195.jpg,A,0.3079,sam,1,1685.0,479.0,1704.0,488.0
data/frames/A/000195.jpg,A,0.2804,sam,1,1114.0,443.0,1131.0,453.0
data/frames/A/000195.jpg,A,0.2786,sam,1,342.0,455.0,370.0,472.0
data/frames/A/000195.jpg,A,0.2752,sam,1,1132.0,449.0,1149.0,460.0
data/frames/A/000195.jpg,A,0.2750,sam,1,501.0,556.0,520.0,569.0
data/frames/A/000195.jpg,A,0.2551,sam,1,999.0,561.0,1013.0,576.0
data/frames/A/000195.jpg,A,0.2516,sam,1,1035.0,425.0,1053.0,434.0
data/frames/A/000195.jpg,A,0.2501,sam,1,439.0,598.0,456.0,612.0
data/frames/A/000195.jpg,A,0.2490,sam,1,1895.0,415.0,1920.0,444.0
data/frames/A/000195.jpg,A,0.2484,sam,1,984.0,483.0,994.0,494.0
data/frames/A/000195.jpg,A,0.2464,sam,1,890.0,604.0,903.0,619.0
data/frames/A/000195.jpg,A,0.2464,sam,1,946.0,556.0,958.0,576.0
data/frames/A/000195.jpg,A,0.2429,sam,1,1003.0,419.0,1024.0,434.0
data/frames/A/000195.jpg,A,0.2379,sam,1,472.0,790.0,489.0,804.0
data/frames/A/000195.jpg,A,0.2366,sam,1,1010.0,614.0,1025.0,629.0
data/frames/A/000195.jpg,A,0.2347,sam,1,845.0,491.0,856.0,505.0
data/frames/A/000195.jpg,A,0.2299,sam,1,850.0,641.0,863.0,657.0
data/frames/A/000195.jpg,A,0.2203,sam,1,131.0,494.0,152.0,504.0
data/frames/A/000195.jpg,A,0.2200,sam,1,249.0,515.0,264.0,532.0
data/frames/A/000195.jpg,A,0.2167,sam,1,342.0,460.0,365.0,471.0
data/frames/A/000195.jpg,A,0.2144,sam,1,398.0,669.0,412.0,684.0
data/frames/A/000195.jpg,A,0.2123,sam,1,842.0,537.0,853.0,551.0
data/frames/A/000195.jpg,A,0.2099,sam,1,806.0,714.0,831.0,729.0
data/frames/A/000195.jpg,A,0.2040,sam,1,83.0,980.0,124.0,1014.0
data/frames/A/000195.jpg,A,0.2027,sam,1,900.0,326.0,912.0,336.0
data/frames/A/000195.jpg,A,0.1984,sam,1,1538.0,450.0,1555.0,460.0
data/frames/A/000195.jpg,A,0.1966,sam,1,982.0,541.0,997.0,562.0
data/frames/A/000195.jpg,A,0.1943,sam,1,1896.0,417.0,1908.0,437.0
data/frames/A/000195.jpg,A,0.1937,sam,1,173.0,486.0,193.0,496.0
data/frames/A/000195.jpg,A,0.1934,sam,1,542.0,546.0,558.0,556.0
data/frames/A/000195.jpg,A,0.1893,sam,1,973.0,401.0,984.0,414.0
data/frames/A/000195.jpg,A,0.1764,sam,1,941.0,556.0,958.0,577.0
data/frames/A/000195.jpg,A,0.1735,sam,1,1287.0,490.0,1308.0,512.0
data/frames/A/000195.jpg,A,0.1657,sam,1,1002.0,418.0,1029.0,439.0
data/frames/A/000195.jpg,A,0.1647,sam,1,0.0,749.0,56.0,787.0
data/frames/A/000195.jpg,A,0.1635,sam,1,900.0,389.0,912.0,402.0
data/frames/A/000195.jpg,A,0.1577,sam,1,919.0,511.0,928.0,526.0
data/frames/A/000195.jpg,A,0.1566,sam,1,1032.0,386.0,1053.0,434.0
data/frames/A/000195.jpg,A,0.1565,sam,1,82.0,980.0,165.0,1080.0
data/frames/A/000195.jpg,A,0.1564,sam,1,789.0,247.0,801.0,257.0
data/frames/A/000195.jpg,A,0.1542,sam,1,1015.0,434.0,1024.0,443.0
data/frames/A/000195.jpg,A,0.1503,sam,1,576.0,397.0,599.0,421.0
data/frames/A/000210.jpg,A,0.4930,sam,1,1375.0,436.0,1437.0,459.0
data/frames/A/000210.jpg,A,0.3993,sam,1,1024.0,469.0,1047.0,485.0
data/frames/A/000210.jpg,A,0.3743,sam,1,1625.0,477.0,1646.0,489.0
data/frames/A/000210.jpg,A,0.3462,sam,1,30.0,464.0,52.0,481.0
data/frames/A/000210.jpg,A,0.2990,sam,1,1850.0,644.0,1863.0,659.0
data/frames/A/000210.jpg,A,0.2959,sam,1,448.0,591.0,465.0,603.0
data/frames/A/000210.jpg,A,0.2782,sam,1,516.0,550.0,536.0,563.0
data/frames/A/000210.jpg,A,0.2767,sam,1,843.0,511.0,854.0,524.0
data/frames/A/000210.jpg,A,0.2636,sam,1,1003.0,592.0,1019.0,609.0
data/frames/A/000210.jpg,A,0.2603,sam,1,82.0,980.0,123.0,1014.0
data/frames/A/000210.jpg,A,0.2574,sam,1,400.0,657.0,415.0,672.0
data/frames/A/000210.jpg,A,0.2504,sam,1,888.0,459.0,901.0,471.0
data/frames/A/000210.jpg,A,0.2441,sam,1,1034.0,425.0,1053.0,433.0
data/frames/A/000210.jpg,A,0.2421,sam,1,891.0,654.0,904.0,670.0
data/frames/A/000210.jpg,A,0.2357,sam,1,309.0,326.0,326.0,338.0
data/frames/A/000210.jpg,A,0.2354,sam,1,1879.0,480.0,1898.0,492.0
data/frames/A/000210.jpg,A,0.2347,sam,1,82.0,980.0,165.0,1080.0
data/frames/A/000210.jpg,A,0.2263,sam,1,979.0,464.0,990.0,474.0
data/frames/A/000210.jpg,A,0.2246,sam,1,0.0,749.0,55.0,787.0
data/frames/A/000210.jpg,A,0.2233,sam,1,1063.0,444.0,1079.0,453.0
data/frames/A/000210.jpg,A,0.2185,sam,1,176.0,494.0,197.0,503.0
data/frames/A/000210.jpg,A,0.2172,sam,1,944.0,525.0,956.0,543.0
data/frames/A/000210.jpg,A,0.2145,sam,1,1737.0,479.0,1755.0,489.0
data/frames/A/000210.jpg,A,0.2096,sam,1,1062.0,444.0,1089.0,459.0
data/frames/A/000210.jpg,A,0.2067,sam,1,1484.0,450.0,1502.0,460.0
data/frames/A/000210.jpg,A,0.2039,sam,1,453.0,782.0,470.0,795.0
data/frames/A/000210.jpg,A,0.2025,sam,1,1895.0,396.0,1920.0,451.0
data/frames/A/000210.jpg,A,0.2019,sam,1,939.0,524.0,956.0,544.0
data/frames/A/000210.jpg,A,0.2012,sam,1,1074.0,449.0,1089.0,460.0
data/frames/A/000210.jpg,A,0.1995,sam,1,1596.0,364.0,1612.0,374.0
data/frames/A/000210.jpg,A,0.1992,sam,1,805.0,714.0,830.0,729.0
data/frames/A/000210.jpg,A,0.1965,sam,1,849.0,666.0,862.0,683.0
data/frames/A/000210.jpg,A,0.1947,sam,1,900.0,426.0,913.0,439.0
data/frames/A/000210.jpg,A,0.1942,sam,1,284.0,513.0,299.0,530.0
data/frames/A/000210.jpg,A,0.1892,sam,1,280.0,464.0,297.0,474.0
data/frames/A/000210.jpg,A,0.1865,sam,1,1012.0,418.0,1024.0,442.0
data/frames/A/000210.jpg,A,0.1796,sam,1,298.0,457.0,314.0,466.0
data/frames/A/000210.jpg,A,0.1763,sam,1,900.0,357.0,912.0,370.0
data/frames/A/000210.jpg,A,0.1734,sam,1,231.0,483.0,251.0,495.0
data/frames/A/000210.jpg,A,0.1723,sam,1,1030.0,469.0,1047.0,479.0
data/frames/A/000210.jpg,A,0.1722,sam,1,575.0,405.0,595.0,421.0
data/frames/A/000210.jpg,A,0.1718,sam,1,998.0,542.0,1008.0,558.0
data/frames/A/000210.jpg,A,0.1683,sam,1,840.0,557.0,850.0,572.0
data/frames/A/000210.jpg,A,0.1659,sam,1,560.0,537.0,573.0,552.0
data/frames/A/000210.jpg,A,0.1659,sam,1,1002.0,419.0,1024.0,433.0
data/frames/A/000210.jpg,A,0.1606,sam,1,1024.0,474.0,1044.0,485.0
data/frames/A/000210.jpg,A,0.1603,sam,1,305.0,392.0,317.0,403.0
data/frames/A/000210.jpg,A,0.1544,sam,1,1002.0,418.0,1050.0,439.0
data/frames/A/000225.jpg,A,0.5017,sam,1,273.0,512.0,332.0,532.0
data/frames/A/000225.jpg,A,0.3882,sam,1,1678.0,477.0,1700.0,489.0
data/frames/A/000225.jpg,A,0.3374,sam,1,1850.0,644.0,1863.0,659.0
data/frames/A/000225.jpg,A,0.3134,sam,1,1012.0,443.0,1029.0,460.0
data/frames/A/000225.jpg,A,0.3107,sam,1,900.0,464.0,911.0,479.0
data/frames/A/000225.jpg,A,0.2941,sam,1,82.0,980.0,164.0,1080.0
data/frames/A/000225.jpg,A,0.2869,sam,1,0.0,750.0,54.0,787.0
data/frames/A/000225.jpg,A,0.2701,sam,1,841.0,529.0,852.0,543.0
data/frames/A/000225.jpg,A,0.2654,sam,1,273.0,336.0,289.0,346.0
data/frames/A/000225.jpg,A,0.2619,sam,1,992.0,521.0,1006.0,536.0
data/frames/A/000225.jpg,A,0.2491,sam,1,1788.0,480.0,1806.0,489.0
data/frames/A/000225.jpg,A,0.2480,sam,1,1089.0,468.0,1105.0,478.0
data/frames/A/000225.jpg,A,0.2467,sam,1,942.0,493.0,954.0,513.0
data/frames/A/000225.jpg,A,0.2432,sam,1,461.0,581.0,477.0,595.0
data/frames/A/000225.jpg,A,0.2397,sam,1,531.0,544.0,551.0,556.0
data/frames/A/000225.jpg,A,0.2385,sam,1,899.0,394.0,912.0,406.0
data/frames/A/000225.jpg,A,0.2366,sam,1,404.0,646.0,418.0,659.0
data/frames/A/000225.jpg,A,0.2333,sam,1,1002.0,419.0,1025.0,434.0
data/frames/A/000225.jpg,A,0.2317,sam,1,937.0,493.0,954.0,515.0
data/frames/A/000225.jpg,A,0.2207,sam,1,1072.0,475.0,1090.0,485.0
data/frames/A/000225.jpg,A,0.2064,sam,1,968.0,364.0,980.0,380.0
data/frames/A/000225.jpg,A,0.2041,sam,1,889.0,708.0,903.0,725.0
data/frames/A/000225.jpg,A,0.1938,sam,1,436.0,770.0,453.0,784.0
data/frames/A/000225.jpg,A,0.1876,sam,1,216.0,465.0,234.0,475.0
data/frames/A/000225.jpg,A,0.1875,sam,1,1011.0,418.0,1028.0,461.0
data/frames/A/000225.jpg,A,0.1873,sam,1,83.0,980.0,122.0,1014.0
data/frames/A/000225.jpg,A,0.1852,sam,1,1033.0,425.0,1052.0,434.0
data/frames/A/000225.jpg,A,0.1846,sam,1,575.0,404.0,594.0,421.0
data/frames/A/000225.jpg,A,0.1832,sam,1,816.0,269.0,831.0,281.0
data/frames/A/000225.jpg,A,0.1806,sam,1,836.0,576.0,848.0,591.0
data/frames/A/000225.jpg,A,0.1786,sam,1,303.0,392.0,316.0,403.0
data/frames/A/000225.jpg,A,0.1780,sam,1,290.0,481.0,309.0,493.0
data/frames/A/000225.jpg,A,0.1764,sam,1,1072.0,468.0,1105.0,485.0
data/frames/A/000225.jpg,A,0.1762,sam,1,244.0,458.0,258.0,467.0
data/frames/A/000225.jpg,A,0.1743,sam,1,805.0,714.0,830.0,729.0
data/frames/A/000225.jpg,A,0.1738,sam,1,1894.0,396.0,1920.0,436.0
data/frames/A/000225.jpg,A,0.1737,sam,1,888.0,498.0,901.0,510.0
data/frames/A/000225.jpg,A,0.1639,sam,1,848.0,694.0,860.0,709.0
data/frames/A/000225.jpg,A,0.1628,sam,1,222.0,492.0,241.0,501.0
data/frames/A/000225.jpg,A,0.1616,sam,1,976.0,446.0,986.0,456.0
data/frames/A/000225.jpg,A,0.1553,sam,1,1431.0,450.0,1448.0,460.0
data/frames/A/000240.jpg,A,0.4290,sam,1,1301.0,435.0,1362.0,456.0
data/frames/A/000240.jpg,A,0.3466,sam,1,900.0,505.0,912.0,520.0
data/frames/A/000240.jpg,A,0.3438,sam,1,1732.0,477.0,1754.0,489.0
data/frames/A/000240.jpg,A,0.3021,sam,1,939.0,464.0,951.0,483.0
data/frames/A/000240.jpg,A,0.2955,sam,1,265.0,490.0,286.0,500.0
data/frames/A/000240.jpg,A,0.2911,sam,1,840.0,545.0,851.0,559.0
data/frames/A/000240.jpg,A,0.2836,sam,1,1849.0,644.0,1863.0,659.0
data/frames/A/000240.jpg,A,0.2754,sam,1,82.0,980.0,190.0,1080.0
data/frames/A/000240.jpg,A,0.2715,sam,1,1120.0,475.0,1137.0,484.0
data/frames/A/000240.jpg,A,0.2697,sam,1,963.0,340.0,996.0,368.0
data/frames/A/000240.jpg,A,0.2620,sam,1,473.0,571.0,489.0,586.0
data/frames/A/000240.jpg,A,0.2499,sam,1,1147.0,469.0,1163.0,478.0
data/frames/A/000240.jpg,A,0.2478,sam,1,986.0,502.0,1002.0,518.0
data/frames/A/000240.jpg,A,0.2458,sam,1,805.0,714.0,829.0,730.0
data/frames/A/000240.jpg,A,0.2417,sam,1,1033.0,384.0,1050.0,434.0
data/frames/A/000240.jpg,A,0.2402,sam,1,1893.0,415.0,1920.0,447.0
data/frames/A/000240.jpg,A,0.2375,sam,1,296.0,511.0,366.0,536.0
data/frames/A/000240.jpg,A,0.2355,sam,1,1001.0,419.0,1024.0,433.0
data/frames/A/000240.jpg,A,0.2294,sam,1,758.0,447.0,775.0,457.0
data/frames/A/000240.jpg,A,0.2280,sam,1,832.0,596.0,843.0,611.0
data/frames/A/000240.jpg,A,0.2277,sam,1,83.0,980.0,122.0,1014.0
data/frames/A/000240.jpg,A,0.2266,sam,1,899.0,430.0,912.0,444.0
data/frames/A/000240.jpg,A,0.2130,sam,1,548.0,537.0,567.0,551.0
data/frames/A/000240.jpg,A,0.2069,sam,1,889.0,766.0,903.0,785.0
data/frames/A/000240.jpg,A,0.2039,sam,1,0.0,749.0,54.0,787.0
data/frames/A/000240.jpg,A,0.1988,sam,1,963.0,340.0,999.0,360.0
data/frames/A/000240.jpg,A,0.1959,sam,1,348.0,479.0,367.0,489.0
data/frames/A/000240.jpg,A,0.1935,sam,1,236.0,345.0,252.0,355.0
data/frames/A/000240.jpg,A,0.1920,sam,1,887.0,536.0,901.0,549.0
data/frames/A/000240.jpg,A,0.1906,sam,1,935.0,465.0,951.0,484.0
data/frames/A/000240.jpg,A,0.1891,sam,1,152.0,467.0,169.0,477.0
data/frames/A/000240.jpg,A,0.1881,sam,1,828.0,286.0,841.0,297.0
data/frames/A/000240.jpg,A,0.1866,sam,1,973.0,426.0,984.0,437.0
data/frames/A/000240.jpg,A,0.1798,sam,1,423.0,757.0,438.0,772.0
data/frames/A/000240.jpg,A,0.1771,sam,1,1841.0,481.0,1858.0,489.0
data/frames/A/000240.jpg,A,0.1758,sam,1,1377.0,449.0,1393.0,459.0
data/frames/A/000240.jpg,A,0.1693,sam,1,1261.0,449.0,1277.0,459.0
data/frames/A/000240.jpg,A,0.1666,sam,1,410.0,633.0,425.0,648.0
data/frames/A/000240.jpg,A,0.1637,sam,1,187.0,462.0,203.0,470.0
data/frames/A/000240.jpg,A,0.1637,sam,1,1032.0,425.0,1051.0,434.0
data/frames/A/000240.jpg,A,0.1575,sam,1,847.0,720.0,860.0,736.0
data/frames/A/000240.jpg,A,0.1523,sam,1,998.0,555.0,1008.0,567.0
data/frames/A/000255.jpg,A,0.3644,sam,1,1786.0,478.0,1806.0,489.0
data/frames/A/000255.jpg,A,0.3065,sam,1,1167.0,475.0,1185.0,485.0
data/frames/A/000255.jpg,A,0.3048,sam,1,82.0,981.0,191.0,1080.0
data/frames/A/000255.jpg,A,0.2922,sam,1,900.0,471.0,911.0,483.0
data/frames/A/000255.jpg,A,0.2901,sam,1,1205.0,468.0,1220.0,477.0
data/frames/A/000255.jpg,A,0.2887,sam,1,1879.0,457.0,1895.0,465.0
data/frames/A/000255.jpg,A,0.2835,sam,1,804.0,714.0,828.0,729.0
data/frames/A/000255.jpg,A,0.2774,sam,1,199.0,354.0,215.0,364.0
data/frames/A/000255.jpg,A,0.2764,sam,1,1848.0,643.0,1863.0,659.0
data/frames/A/000255.jpg,A,0.2685,sam,1,311.0,489.0,330.0,498.0
data/frames/A/000255.jpg,A,0.2668,sam,1,1000.0,419.0,1022.0,435.0
data/frames/A/000255.jpg,A,0.2663,sam,1,982.0,483.0,997.0,500.0
data/frames/A/000255.jpg,A,0.2651,sam,1,87.0,471.0,104.0,479.0
data/frames/A/000255.jpg,A,0.2567,sam,1,838.0,562.0,850.0,577.0
data/frames/A/000255.jpg,A,0.2560,sam,1,489.0,484.0,515.0,494.0
data/frames/A/000255.jpg,A,0.2535,sam,1,403.0,479.0,423.0,489.0
data/frames/A/000255.jpg,A,0.2528,sam,1,899.0,551.0,912.0,565.0
data/frames/A/000255.jpg,A,0.2514,sam,1,0.0,749.0,54.0,788.0
data/frames/A/000255.jpg,A,0.2470,sam,1,705.0,447.0,721.0,457.0
data/frames/A/000255.jpg,A,0.2446,sam,1,130.0,464.0,145.0,472.0
data/frames/A/000255.jpg,A,0.2437,sam,1,512.0,484.0,528.0,492.0
data/frames/A/000255.jpg,A,0.2405,sam,1,9.0,500.0,28.0,509.0
data/frames/A/000255.jpg,A,0.2369,sam,1,329.0,511.0,398.0,535.0
data/frames/A/000255.jpg,A,0.2357,sam,1,1032.0,385.0,1050.0,435.0
data/frames/A/000255.jpg,A,0.2307,sam,1,961.0,938.0,975.0,956.0
data/frames/A/000255.jpg,A,0.2248,sam,1,485.0,565.0,502.0,578.0
data/frames/A/000255.jpg,A,0.2117,sam,1,412.0,744.0,427.0,758.0
data/frames/A/000255.jpg,A,0.1982,sam,1,82.0,981.0,121.0,1015.0
data/frames/A/000255.jpg,A,0.1973,sam,1,971.0,408.0,981.0,417.0
data/frames/A/000255.jpg,A,0.1969,sam,1,889.0,830.0,903.0,849.0
data/frames/A/000255.jpg,A,0.1922,sam,1,836.0,301.0,847.0,313.0
data/frames/A/000255.jpg,A,0.1894,sam,1,828.0,616.0,838.0,631.0
data/frames/A/000255.jpg,A,0.1836,sam,1,939.0,438.0,949.0,455.0
data/frames/A/000255.jpg,A,0.1778,sam,1,887.0,578.0,900.0,592.0
data/frames/A/000255.jpg,A,0.1773,sam,1,1000.0,386.0,1050.0,439.0
data/frames/A/000255.jpg,A,0.1703,sam,1,1032.0,425.0,1051.0,434.0
data/frames/A/000255.jpg,A,0.1628,sam,1,1199.0,449.0,1216.0,458.0
data/frames/A/000255.jpg,A,0.1618,sam,1,0.0,801.0,33.0,851.0
data/frames/A/000255.jpg,A,0.1551,sam,1,1892.0,482.0,1909.0,490.0
data/frames/A/000255.jpg,A,0.1535,sam,1,1893.0,397.0,1920.0,444.0
data/frames/A/000255.jpg,A,0.1535,sam,1,417.0,622.0,433.0,637.0
data/frames/A/000255.jpg,A,0.1521,sam,1,0.0,854.0,22.0,873.0
data/frames/A/000270.jpg,A,0.4651,sam,1,1229.0,434.0,1289.0,461.0
data/frames/A/000270.jpg,A,0.3345,sam,1,980.0,464.0,994.0,481.0
data/frames/A/000270.jpg,A,0.3344,sam,1,985.0,516.0,1001.0,533.0
data/frames/A/000270.jpg,A,0.3049,sam,1,82.0,981.0,120.0,1016.0
data/frames/A/000270.jpg,A,0.2922,sam,1,901.0,512.0,914.0,527.0
data/frames/A/000270.jpg,A,0.2919,sam,1,835.0,580.0,849.0,597.0
data/frames/A/000270.jpg,A,0.2912,sam,1,160.0,362.0,177.0,373.0
data/frames/A/000270.jpg,A,0.2831,sam,1,74.0,465.0,89.0,474.0
data/frames/A/000270.jpg,A,0.2804,sam,1,355.0,488.0,375.0,497.0
data/frames/A/000270.jpg,A,0.2721,sam,1,1000.0,418.0,1021.0,434.0
data/frames/A/000270.jpg,A,0.2653,sam,1,900.0,596.0,913.0,613.0
data/frames/A/000270.jpg,A,0.2560,sam,1,404.0,728.0,418.0,743.0
data/frames/A/000270.jpg,A,0.2543,sam,1,63.0,498.0,82.0,508.0
data/frames/A/000270.jpg,A,0.2541,sam,1,804.0,715.0,828.0,730.0
data/frames/A/000270.jpg,A,0.2525,sam,1,460.0,477.0,479.0,488.0
data/frames/A/000270.jpg,A,0.2433,sam,1,653.0,449.0,670.0,459.0
data/frames/A/000270.jpg,A,0.2423,sam,1,1848.0,644.0,1861.0,658.0
data/frames/A/000270.jpg,A,0.2382,sam,1,1217.0,475.0,1233.0,485.0
data/frames/A/000270.jpg,A,0.2381,sam,1,21.0,473.0,40.0,483.0
data/frames/A/000270.jpg,A,0.2368,sam,1,1825.0,457.0,1842.0,465.0
data/frames/A/000270.jpg,A,0.2355,sam,1,501.0,557.0,517.0,570.0
data/frames/A/000270.jpg,A,0.2352,sam,1,819.0,633.0,831.0,651.0
data/frames/A/000270.jpg,A,0.2343,sam,1,844.0,775.0,857.0,793.0
data/frames/A/000270.jpg,A,0.2333,sam,1,969.0,388.0,980.0,400.0
data/frames/A/000270.jpg,A,0.2301,sam,1,1032.0,385.0,1049.0,435.0
data/frames/A/000270.jpg,A,0.2259,sam,1,1137.0,449.0,1152.0,459.0
data/frames/A/000270.jpg,A,0.2185,sam,1,937.0,411.0,946.0,427.0
data/frames/A/000270.jpg,A,0.2165,sam,1,1031.0,426.0,1050.0,435.0
data/frames/A/000270.jpg,A,0.2093,sam,1,958.0,873.0,973.0,891.0
data/frames/A/000270.jpg,A,0.2069,sam,1,889.0,898.0,902.0,918.0
data/frames/A/000270.jpg,A,0.2029,sam,1,0.0,751.0,53.0,788.0
data/frames/A/000270.jpg,A,0.2010,sam,1,416.0,509.0,430.0,526.0
data/frames/A/000270.jpg,A,0.1983,sam,1,82.0,981.0,160.0,1080.0
data/frames/A/000270.jpg,A,0.1930,sam,1,842.0,321.0,852.0,333.0
data/frames/A/000270.jpg,A,0.1860,sam,1,1000.0,418.0,1050.0,440.0
data/frames/A/000270.jpg,A,0.1860,sam,1,300.0,392.0,314.0,404.0
data/frames/A/000270.jpg,A,0.1858,sam,1,1264.0,466.0,1278.0,478.0
data/frames/A/000270.jpg,A,0.1813,sam,1,886.0,624.0,901.0,638.0
data/frames/A/000270.jpg,A,0.1775,sam,1,1840.0,480.0,1860.0,490.0
data/frames/A/000270.jpg,A,0.1739,sam,1,587.0,398.0,596.0,418.0
data/frames/A/000270.jpg,A,0.1656,sam,1,1825.0,455.0,1842.0,466.0
data/frames/A/000270.jpg,A,0.1654,sam,1,562.0,536.0,574.0,558.0
data/frames/A/000270.jpg,A,0.1645,sam,1,900.0,512.0,925.0,526.0
data/frames/A/000270.jpg,A,0.1550,sam,1,425.0,611.0,443.0,626.0
data/frames/A/000270.jpg,A,0.2185,merged,2,1892.0,397.0,1920.0,450.0
data/frames/A/000285.jpg,A,0.4716,sam,1,1191.0,436.0,1252.0,459.0
data/frames/A/000285.jpg,A,0.3300,sam,1,1848.0,643.0,1861.0,658.0
data/frames/A/000285.jpg,A,0.3124,sam,1,900.0,557.0,914.0,572.0
data/frames/A/000285.jpg,A,0.3103,sam,1,118.0,496.0,136.0,506.0
data/frames/A/000285.jpg,A,0.3081,sam,1,515.0,477.0,535.0,487.0
data/frames/A/000285.jpg,A,0.3045,sam,1,82.0,982.0,159.0,1080.0
data/frames/A/000285.jpg,A,0.2957,sam,1,435.0,600.0,453.0,615.0
data/frames/A/000285.jpg,A,0.2928,sam,1,831.0,600.0,843.0,615.0
data/frames/A/000285.jpg,A,0.2648,sam,1,1263.0,476.0,1280.0,485.0
data/frames/A/000285.jpg,A,0.2634,sam,1,1892.0,416.0,1920.0,449.0
data/frames/A/000285.jpg,A,0.2601,sam,1,1320.0,468.0,1337.0,477.0
data/frames/A/000285.jpg,A,0.2593,sam,1,82.0,982.0,119.0,1016.0
data/frames/A/000285.jpg,A,0.2549,sam,1,902.0,648.0,914.0,665.0
data/frames/A/000285.jpg,A,0.2509,sam,1,1772.0,454.0,1789.0,463.0
data/frames/A/000285.jpg,A,0.2405,sam,1,1893.0,481.0,1913.0,492.0
data/frames/A/000285.jpg,A,0.2391,sam,1,969.0,368.0,980.0,382.0
data/frames/A/000285.jpg,A,0.2363,sam,1,399.0,488.0,419.0,496.0
data/frames/A/000285.jpg,A,0.2333,sam,1,980.0,496.0,994.0,513.0
data/frames/A/000285.jpg,A,0.2295,sam,1,514.0,552.0,531.0,564.0
data/frames/A/000285.jpg,A,0.2288,sam,1,897.0,474.0,909.0,486.0
data/frames/A/000285.jpg,A,0.2284,sam,1,399.0,712.0,413.0,728.0
data/frames/A/000285.jpg,A,0.2269,sam,1,999.0,418.0,1049.0,440.0
data/frames/A/000285.jpg,A,0.2261,sam,1,999.0,418.0,1021.0,441.0
data/frames/A/000285.jpg,A,0.2238,sam,1,1032.0,385.0,1049.0,435.0
data/frames/A/000285.jpg,A,0.2209,sam,1,804.0,715.0,828.0,730.0
data/frames/A/000285.jpg,A,0.2152,sam,1,120.0,371.0,138.0,381.0
data/frames/A/000285.jpg,A,0.2124,sam,1,1000.0,419.0,1019.0,433.0
data/frames/A/000285.jpg,A,0.2055,sam,1,978.0,445.0,990.0,459.0
data/frames/A/000285.jpg,A,0.2024,sam,1,1031.0,426.0,1049.0,435.0
data/frames/A/000285.jpg,A,0.1969,sam,1,809.0,444.0,823.0,456.0
data/frames/A/000285.jpg,A,0.1914,sam,1,886.0,671.0,902.0,686.0
data/frames/A/000285.jpg,A,0.1890,sam,1,812.0,652.0,825.0,670.0
data/frames/A/000285.jpg,A,0.1873,sam,1,599.0,449.0,616.0,458.0
data/frames/A/000285.jpg,A,0.1871,sam,1,1076.0,449.0,1091.0,460.0
data/frames/A/000285.jpg,A,0.1827,sam,1,772.0,454.0,790.0,463.0
data/frames/A/000285.jpg,A,0.1808,sam,1,934.0,387.0,945.0,402.0
data/frames/A/000285.jpg,A,0.1807,sam,1,596.0,482.0,612.0,490.0
data/frames/A/000285.jpg,A,0.1765,sam,1,889.0,974.0,902.0,995.0
data/frames/A/000285.jpg,A,0.1760,sam,1,16.0,468.0,31.0,476.0
data/frames/A/000285.jpg,A,0.1760,sam,1,300.0,392.0,313.0,404.0
data/frames/A/000285.jpg,A,0.1713,sam,1,842.0,341.0,853.0,351.0
data/frames/A/000285.jpg,A,0.1701,sam,1,932.0,387.0,945.0,403.0
data/frames/A/000285.jpg,A,0.1696,sam,1,955.0,814.0,969.0,830.0
data/frames/A/000285.jpg,A,0.1691,sam,1,575.0,482.0,600.0,493.0
data/frames/A/000285.jpg,A,0.1659,sam,1,967.0,370.0,980.0,390.0
data/frames/A/000285.jpg,A,0.1640,sam,1,448.0,507.0,461.0,525.0
data/frames/A/000285.jpg,A,0.1615,sam,1,987.0,565.0,1001.0,588.0
data/frames/A/000285.jpg,A,0.1595,sam,1,915.0,511.0,925.0,523.0
data/frames/A/000285.jpg,A,0.1534,sam,1,1892.0,412.0,1920.0,449.0
data/frames/A/000300.jpg,A,0.4941,sam,1,1154.0,435.0,1215.0,459.0
data/frames/A/000300.jpg,A,0.3442,sam,1,978.0,475.0,990.0,492.0
data/frames/A/000300.jpg,A,0.3306,sam,1,1846.0,643.0,1860.0,658.0
data/frames/A/000300.jpg,A,0.2915,sam,1,827.0,617.0,840.0,633.0
data/frames/A/000300.jpg,A,0.2913,sam,1,900.0,605.0,915.0,621.0
data/frames/A/000300.jpg,A,0.2792,sam,1,952.0,757.0,965.0,774.0
data/frames/A/000300.jpg,A,0.2791,sam,1,1311.0,475.0,1328.0,485.0
data/frames/A/000300.jpg,A,0.2738,sam,1,80.0,982.0,159.0,1080.0
data/frames/A/000300.jpg,A,0.2697,sam,1,78.0,379.0,96.0,390.0
data/frames/A/000300.jpg,A,0.2639,sam,1,172.0,493.0,190.0,504.0
data/frames/A/000300.jpg,A,0.2598,sam,1,80.0,982.0,119.0,1017.0
data/frames/A/000300.jpg,A,0.2547,sam,1,803.0,715.0,827.0,730.0
data/frames/A/000300.jpg,A,0.2522,sam,1,999.0,418.0,1021.0,440.0
data/frames/A/000300.jpg,A,0.2511,sam,1,442.0,487.0,462.0,496.0
data/frames/A/000300.jpg,A,0.2476,sam,1,571.0,476.0,590.0,486.0
data/frames/A/000300.jpg,A,0.2467,sam,1,902.0,701.0,915.0,720.0
data/frames/A/000300.jpg,A,0.2450,sam,1,886.0,723.0,901.0,739.0
data/frames/A/000300.jpg,A,0.2413,sam,1,1377.0,468.0,1393.0,477.0
data/frames/A/000300.jpg,A,0.2395,sam,1,530.0,544.0,547.0,557.0
data/frames/A/000300.jpg,A,0.2347,sam,1,1719.0,453.0,1737.0,462.0
data/frames/A/000300.jpg,A,0.2199,sam,1,546.0,451.0,563.0,460.0
data/frames/A/000300.jpg,A,0.2168,sam,1,802.0,674.0,816.0,691.0
data/frames/A/000300.jpg,A,0.2152,sam,1,755.0,447.0,773.0,457.0
data/frames/A/000300.jpg,A,0.2109,sam,1,1030.0,425.0,1048.0,434.0
data/frames/A/000300.jpg,A,0.2001,sam,1,396.0,696.0,410.0,711.0
data/frames/A/000300.jpg,A,0.1992,sam,1,999.0,419.0,1020.0,434.0
data/frames/A/000300.jpg,A,0.1857,sam,1,711.0,455.0,731.0,464.0
data/frames/A/000300.jpg,A,0.1768,sam,1,960.0,340.0,997.0,368.0
data/frames/A/000300.jpg,A,0.1762,sam,1,929.0,340.0,997.0,388.0
data/frames/A/000300.jpg,A,0.1742,sam,1,978.0,478.0,990.0,492.0
data/frames/A/000300.jpg,A,0.1724,sam,1,898.0,516.0,910.0,528.0
data/frames/A/000300.jpg,A,0.1680,sam,1,445.0,591.0,465.0,605.0
data/frames/A/000300.jpg,A,0.1659,sam,1,974.0,426.0,987.0,441.0
data/frames/A/000300.jpg,A,0.1632,sam,1,999.0,418.0,1048.0,438.0
data/frames/A/000300.jpg,A,0.1629,sam,1,1006.0,505.0,1016.0,534.0
data/frames/A/000300.jpg,A,0.1609,sam,1,618.0,481.0,642.0,491.0
data/frames/A/000300.jpg,A,0.1591,sam,1,1015.0,449.0,1030.0,460.0
data/frames/A/000300.jpg,A,0.1579,sam,1,960.0,340.0,995.0,358.0
data/frames/A/000300.jpg,A,0.1558,sam,1,638.0,481.0,656.0,489.0
data/frames/A/000300.jpg,A,0.1557,sam,1,583.0,398.0,595.0,418.0
data/frames/A/000300.jpg,A,0.1510,sam,1,478.0,507.0,491.0,524.0
data/frames/A/000300.jpg,A,0.1501,sam,1,1008.0,417.0,1021.0,441.0
data/frames/A/000315.jpg,A,0.3545,sam,1,1846.0,643.0,1859.0,658.0
data/frames/A/000315.jpg,A,0.3286,sam,1,225.0,491.0,243.0,502.0
data/frames/A/000315.jpg,A,0.2871,sam,1,486.0,486.0,506.0,495.0
data/frames/A/000315.jpg,A,0.2868,sam,1,900.0,655.0,914.0,672.0
data/frames/A/000315.jpg,A,0.2795,sam,1,975.0,460.0,986.0,472.0
data/frames/A/000315.jpg,A,0.2736,sam,1,1359.0,476.0,1376.0,485.0
data/frames/A/000315.jpg,A,0.2670,sam,1,650.0,457.0,668.0,465.0
data/frames/A/000315.jpg,A,0.2653,sam,1,37.0,387.0,54.0,398.0
data/frames/A/000315.jpg,A,0.2603,sam,1,821.0,635.0,835.0,652.0
data/frames/A/000315.jpg,A,0.2579,sam,1,1667.0,452.0,1684.0,461.0
data/frames/A/000315.jpg,A,0.2557,sam,1,950.0,707.0,962.0,722.0
data/frames/A/000315.jpg,A,0.2506,sam,1,803.0,715.0,827.0,730.0
data/frames/A/000315.jpg,A,0.2480,sam,1,80.0,982.0,119.0,1016.0
data/frames/A/000315.jpg,A,0.2396,sam,1,492.0,453.0,509.0,462.0
data/frames/A/000315.jpg,A,0.2371,sam,1,902.0,758.0,916.0,779.0
data/frames/A/000315.jpg,A,0.2366,sam,1,396.0,679.0,409.0,695.0
data/frames/A/000315.jpg,A,0.2363,sam,1,971.0,408.0,982.0,421.0
data/frames/A/000315.jpg,A,0.2281,sam,1,704.0,447.0,721.0,457.0
data/frames/A/000315.jpg,A,0.2233,sam,1,887.0,777.0,904.0,794.0
data/frames/A/000315.jpg,A,0.2221,sam,1,459.0,580.0,478.0,595.0
data/frames/A/000315.jpg,A,0.2202,sam,1,546.0,539.0,564.0,551.0
data/frames/A/000315.jpg,A,0.2200,sam,1,1120.0,435.0,1178.0,455.0
data/frames/A/000315.jpg,A,0.2190,sam,1,927.0,339.0,942.0,355.0
data/frames/A/000315.jpg,A,0.2187,sam,1,626.0,474.0,645.0,484.0
data/frames/A/000315.jpg,A,0.2092,sam,1,791.0,693.0,804.0,710.0
data/frames/A/000315.jpg,A,0.2077,sam,1,998.0,386.0,1048.0,442.0
data/frames/A/000315.jpg,A,0.2065,sam,1,897.0,561.0,910.0,575.0
data/frames/A/000315.jpg,A,0.2039,sam,1,931.0,340.0,942.0,354.0
data/frames/A/000315.jpg,A,0.1973,sam,1,650.0,340.0,663.0,352.0
data/frames/A/000315.jpg,A,0.1951,sam,1,660.0,480.0,686.0,490.0
data/frames/A/000315.jpg,A,0.1909,sam,1,1890.0,420.0,1920.0,448.0
data/frames/A/000315.jpg,A,0.1903,sam,1,1435.0,469.0,1450.0,478.0
data/frames/A/000315.jpg,A,0.1870,sam,1,299.0,392.0,311.0,403.0
data/frames/A/000315.jpg,A,0.1866,sam,1,80.0,982.0,158.0,1080.0
data/frames/A/000315.jpg,A,0.1711,sam,1,837.0,865.0,851.0,884.0
data/frames/A/000315.jpg,A,0.1691,sam,1,508.0,506.0,521.0,523.0
data/frames/A/000315.jpg,A,0.1552,sam,1,958.0,339.0,997.0,354.0
data/frames/A/000315.jpg,A,0.2321,merged,5,999.0,417.0,1048.0,442.0
data/frames/A/000330.jpg,A,0.3672,sam,1,1079.0,435.0,1141.0,457.0
data/frames/A/000330.jpg,A,0.3606,sam,1,1845.0,643.0,1859.0,658.0
data/frames/A/000330.jpg,A,0.3417,sam,1,998.0,386.0,1047.0,441.0
data/frames/A/000330.jpg,A,0.3123,sam,1,999.0,418.0,1019.0,441.0
data/frames/A/000330.jpg,A,0.2804,sam,1,1406.0,475.0,1423.0,485.0
data/frames/A/000330.jpg,A,0.2677,sam,1,279.0,490.0,297.0,500.0
data/frames/A/000330.jpg,A,0.2635,sam,1,1030.0,384.0,1047.0,434.0
data/frames/A/000330.jpg,A,0.2559,sam,1,803.0,715.0,827.0,730.0
data/frames/A/000330.jpg,A,0.2495,sam,1,947.0,658.0,959.0,672.0
data/frames/A/000330.jpg,A,0.2483,sam,1,1613.0,450.0,1630.0,462.0
data/frames/A/000330.jpg,A,0.2386,sam,1,529.0,485.0,549.0,494.0
data/frames/A/000330.jpg,A,0.2383,sam,1,589.0,457.0,606.0,466.0
data/frames/A/000330.jpg,A,0.2355,sam,1,439.0,455.0,456.0,463.0
data/frames/A/000330.jpg,A,0.2348,sam,1,926.0,317.0,940.0,333.0
data/frames/A/000330.jpg,A,0.2330,sam,1,970.0,388.0,982.0,402.0
data/frames/A/000330.jpg,A,0.2308,sam,1,1079.0,437.0,1109.0,456.0
data/frames/A/000330.jpg,A,0.2304,sam,1,779.0,712.0,793.0,727.0
data/frames/A/000330.jpg,A,0.2300,sam,1,999.0,419.0,1019.0,435.0
data/frames/A/000330.jpg,A,0.2233,sam,1,398.0,665.0,411.0,679.0
data/frames/A/000330.jpg,A,0.2212,sam,1,900.0,710.0,915.0,728.0
data/frames/A/000330.jpg,A,0.2194,sam,1,681.0,473.0,701.0,484.0
data/frames/A/000330.jpg,A,0.2188,sam,1,972.0,441.0,983.0,454.0
data/frames/A/000330.jpg,A,0.2119,sam,1,897.0,610.0,910.0,624.0
data/frames/A/000330.jpg,A,0.2060,sam,1,80.0,982.0,119.0,1018.0
data/frames/A/000330.jpg,A,0.2011,sam,1,473.0,570.0,493.0,584.0
data/frames/A/000330.jpg,A,0.2005,sam,1,653.0,449.0,670.0,459.0
data/frames/A/000330.jpg,A,0.1968,sam,1,79.0,982.0,157.0,1080.0
data/frames/A/000330.jpg,A,0.1950,sam,1,844.0,409.0,854.0,421.0
data/frames/A/000330.jpg,A,0.1944,sam,1,814.0,653.0,830.0,671.0
data/frames/A/000330.jpg,A,0.1924,sam,1,903.0,822.0,918.0,844.0
data/frames/A/000330.jpg,A,0.1866,sam,1,999.0,418.0,1048.0,440.0
data/frames/A/000330.jpg,A,0.1770,sam,1,1493.0,469.0,1509.0,478.0
data/frames/A/000330.jpg,A,0.1710,sam,1,298.0,392.0,311.0,403.0
data/frames/A/000330.jpg,A,0.1690,sam,1,1029.0,425.0,1048.0,434.0
data/frames/A/000330.jpg,A,0.1641,sam,1,1087.0,436.0,1103.0,452.0
data/frames/A/000330.jpg,A,0.1547,sam,1,703.0,479.0,725.0,489.0
data/frames/A/000330.jpg,A,0.1524,sam,1,1890.0,395.0,1920.0,428.0
data/frames/A/000330.jpg,A,0.1504,sam,1,886.0,835.0,904.0,855.0
data/frames/A/000345.jpg,A,0.3921,sam,1,1845.0,642.0,1858.0,657.0
data/frames/A/000345.jpg,A,0.3424,sam,1,1454.0,476.0,1470.0,485.0
data/frames/A/000345.jpg,A,0.3238,sam,1,574.0,484.0,591.0,492.0
data/frames/A/000345.jpg,A,0.3154,sam,1,802.0,715.0,826.0,730.0
data/frames/A/000345.jpg,A,0.3133,sam,1,528.0,458.0,544.0,468.0
data/frames/A/000345.jpg,A,0.3125,sam,1,332.0,488.0,349.0,499.0
data/frames/A/000345.jpg,A,0.3040,sam,1,1043.0,435.0,1104.0,456.0
data/frames/A/000345.jpg,A,0.3020,sam,1,1562.0,451.0,1577.0,460.0
data/frames/A/000345.jpg,A,0.2950,sam,1,805.0,673.0,820.0,688.0
data/frames/A/000345.jpg,A,0.2895,sam,1,900.0,769.0,915.0,788.0
data/frames/A/000345.jpg,A,0.2791,sam,1,402.0,649.0,417.0,664.0
data/frames/A/000345.jpg,A,0.2749,sam,1,944.0,613.0,956.0,627.0
data/frames/A/000345.jpg,A,0.2737,sam,1,602.0,449.0,619.0,458.0
data/frames/A/000345.jpg,A,0.2724,sam,1,762.0,728.0,779.0,744.0
data/frames/A/000345.jpg,A,0.2618,sam,1,385.0,455.0,402.0,464.0
data/frames/A/000345.jpg,A,0.2411,sam,1,738.0,472.0,756.0,484.0
data/frames/A/000345.jpg,A,0.2367,sam,1,1552.0,470.0,1567.0,480.0
data/frames/A/000345.jpg,A,0.2339,sam,1,79.0,982.0,118.0,1017.0
data/frames/A/000345.jpg,A,0.2313,sam,1,489.0,565.0,508.0,577.0
data/frames/A/000345.jpg,A,0.2281,sam,1,999.0,419.0,1018.0,435.0
data/frames/A/000345.jpg,A,0.2165,sam,1,738.0,473.0,783.0,489.0
data/frames/A/000345.jpg,A,0.2096,sam,1,898.0,662.0,912.0,677.0
data/frames/A/000345.jpg,A,0.2012,sam,1,967.0,368.0,977.0,384.0
data/frames/A/000345.jpg,A,0.1948,sam,1,926.0,295.0,939.0,311.0
data/frames/A/000345.jpg,A,0.1930,sam,1,1028.0,425.0,1047.0,434.0
data/frames/A/000345.jpg,A,0.1890,sam,1,298.0,392.0,311.0,404.0
data/frames/A/000345.jpg,A,0.1879,sam,1,1890.0,412.0,1920.0,423.0
data/frames/A/000345.jpg,A,0.1850,sam,1,766.0,479.0,783.0,487.0
data/frames/A/000345.jpg,A,0.1832,sam,1,1000.0,386.0,1046.0,441.0
data/frames/A/000345.jpg,A,0.1826,sam,1,1890.0,414.0,1916.0,423.0
data/frames/A/000345.jpg,A,0.1783,sam,1,528.0,457.0,544.0,470.0
data/frames/A/000345.jpg,A,0.1722,sam,1,565.0,506.0,578.0,519.0
data/frames/A/000345.jpg,A,0.1665,sam,1,969.0,421.0,981.0,434.0
data/frames/A/000345.jpg,A,0.1560,sam,1,845.0,435.0,854.0,448.0
data/frames/A/000345.jpg,A,0.1535,sam,1,1008.0,417.0,1018.0,442.0
data/frames/A/000345.jpg,A,0.1522,sam,1,79.0,983.0,157.0,1080.0
data/frames/A/000345.jpg,A,0.1519,sam,1,903.0,893.0,919.0,914.0
data/frames/A/000360.jpg,A,0.4297,sam,1,1007.0,387.0,1067.0,458.0
data/frames/A/000360.jpg,A,0.3700,sam,1,1502.0,477.0,1519.0,485.0
data/frames/A/000360.jpg,A,0.3643,sam,1,789.0,472.0,811.0,490.0
data/frames/A/000360.jpg,A,0.3612,sam,1,1845.0,642.0,1858.0,657.0
data/frames/A/000360.jpg,A,0.3610,sam,1,844.0,463.0,855.0,476.0
data/frames/A/000360.jpg,A,0.3347,sam,1,1507.0,449.0,1525.0,459.0
data/frames/A/000360.jpg,A,0.3181,sam,1,410.0,634.0,425.0,648.0
data/frames/A/000360.jpg,A,0.3158,sam,1,796.0,693.0,810.0,709.0
data/frames/A/000360.jpg,A,0.3115,sam,1,333.0,458.0,348.0,466.0
data/frames/A/000360.jpg,A,0.3105,sam,1,1007.0,430.0,1067.0,457.0
data/frames/A/000360.jpg,A,0.2951,sam,1,1610.0,470.0,1626.0,481.0
data/frames/A/000360.jpg,A,0.2905,sam,1,464.0,461.0,484.0,470.0
data/frames/A/000360.jpg,A,0.2683,sam,1,504.0,556.0,525.0,568.0
data/frames/A/000360.jpg,A,0.2523,sam,1,617.0,483.0,635.0,491.0
data/frames/A/000360.jpg,A,0.2475,sam,1,385.0,487.0,402.0,497.0
data/frames/A/000360.jpg,A,0.2347,sam,1,550.0,451.0,567.0,461.0
data/frames/A/000360.jpg,A,0.2324,sam,1,942.0,572.0,953.0,585.0
data/frames/A/000360.jpg,A,0.2015,sam,1,902.0,833.0,917.0,854.0
data/frames/A/000360.jpg,A,0.2007,sam,1,998.0,419.0,1018.0,434.0
data/frames/A/000360.jpg,A,0.1913,sam,1,904.0,968.0,921.0,991.0
data/frames/A/000360.jpg,A,0.1883,sam,1,77.0,983.0,117.0,1020.0
data/frames/A/000360.jpg,A,0.1870,sam,1,743.0,745.0,762.0,762.0
data/frames/A/000360.jpg,A,0.1824,sam,1,886.0,965.0,903.0,991.0
data/frames/A/000360.jpg,A,0.1819,sam,1,77.0,983.0,156.0,1080.0
data/frames/A/000360.jpg,A,0.1810,sam,1,926.0,275.0,935.0,290.0
data/frames/A/000360.jpg,A,0.1790,sam,1,899.0,718.0,913.0,734.0
data/frames/A/000360.jpg,A,0.1748,sam,1,767.0,453.0,783.0,463.0
data/frames/A/000360.jpg,A,0.1743,sam,1,976.0,539.0,992.0,564.0
data/frames/A/000360.jpg,A,0.1714,sam,1,836.0,963.0,850.0,985.0
data/frames/A/000360.jpg,A,0.1710,sam,1,299.0,393.0,310.0,404.0
data/frames/A/000360.jpg,A,0.1695,sam,1,802.0,716.0,826.0,730.0
data/frames/A/000360.jpg,A,0.1686,sam,1,967.0,404.0,978.0,416.0
data/frames/A/000360.jpg,A,0.1677,sam,1,591.0,505.0,604.0,518.0
data/frames/A/000360.jpg,A,0.1652,sam,1,848.0,360.0,859.0,373.0
data/frames/A/000360.jpg,A,0.1601,sam,1,582.0,398.0,592.0,418.0
data/frames/A/000360.jpg,A,0.2770,merged,2,936.0,341.0,996.0,373.0
data/frames/A/000375.jpg,A,0.3629,sam,1,1845.0,642.0,1857.0,657.0
data/frames/A/000375.jpg,A,0.3480,sam,1,1549.0,477.0,1568.0,487.0
data/frames/A/000375.jpg,A,0.3368,sam,1,996.0,420.0,1029.0,458.0
data/frames/A/000375.jpg,A,0.3199,sam,1,1826.0,406.0,1852.0,416.0
data/frames/A/000375.jpg,A,0.3090,sam,1,844.0,492.0,856.0,507.0
data/frames/A/000375.jpg,A,0.3018,sam,1,782.0,711.0,798.0,727.0
data/frames/A/000375.jpg,A,0.2928,sam,1,420.0,621.0,434.0,633.0
data/frames/A/000375.jpg,A,0.2884,sam,1,902.0,904.0,917.0,924.0
data/frames/A/000375.jpg,A,0.2806,sam,1,1456.0,449.0,1471.0,458.0
data/frames/A/000375.jpg,A,0.2779,sam,1,998.0,419.0,1019.0,433.0
data/frames/A/000375.jpg,A,0.2725,sam,1,276.0,459.0,294.0,469.0
data/frames/A/000375.jpg,A,0.2663,sam,1,520.0,552.0,539.0,564.0
data/frames/A/000375.jpg,A,0.2466,sam,1,437.0,486.0,454.0,496.0
data/frames/A/000375.jpg,A,0.2441,sam,1,997.0,435.0,1030.0,457.0
data/frames/A/000375.jpg,A,0.2421,sam,1,401.0,463.0,418.0,473.0
data/frames/A/000375.jpg,A,0.2417,sam,1,658.0,482.0,678.0,490.0
data/frames/A/000375.jpg,A,0.2415,sam,1,1668.0,471.0,1682.0,481.0
data/frames/A/000375.jpg,A,0.2408,sam,1,497.0,453.0,515.0,462.0
data/frames/A/000375.jpg,A,0.2352,sam,1,939.0,533.0,950.0,545.0
data/frames/A/000375.jpg,A,0.2314,sam,1,802.0,716.0,826.0,730.0
data/frames/A/000375.jpg,A,0.2295,sam,1,964.0,383.0,976.0,398.0
data/frames/A/000375.jpg,A,0.2194,sam,1,76.0,984.0,156.0,1080.0
data/frames/A/000375.jpg,A,0.2175,sam,1,846.0,382.0,856.0,395.0
data/frames/A/000375.jpg,A,0.2080,sam,1,723.0,760.0,741.0,775.0
data/frames/A/000375.jpg,A,0.1807,sam,1,296.0,393.0,310.0,405.0
data/frames/A/000375.jpg,A,0.1799,sam,1,924.0,257.0,933.0,270.0
data/frames/A/000375.jpg,A,0.1687,sam,1,76.0,983.0,117.0,1019.0
data/frames/A/000375.jpg,A,0.1656,sam,1,906.0,1051.0,922.0,1075.0
data/frames/A/000375.jpg,A,0.1577,sam,1,885.0,1041.0,902.0,1067.0
data/frames/A/000375.jpg,A,0.1521,sam,1,976.0,539.0,992.0,564.0
data/frames/A/000390.jpg,A,0.3764,sam,1,1844.0,642.0,1857.0,657.0
data/frames/A/000390.jpg,A,0.3439,sam,1,1596.0,477.0,1614.0,487.0
data/frames/A/000390.jpg,A,0.3371,sam,1,1401.0,449.0,1419.0,459.0
data/frames/A/000390.jpg,A,0.3063,sam,1,997.0,420.0,1018.0,434.0
data/frames/A/000390.jpg,A,0.2932,sam,1,489.0,485.0,506.0,495.0
data/frames/A/000390.jpg,A,0.2873,sam,1,767.0,728.0,784.0,745.0
data/frames/A/000390.jpg,A,0.2722,sam,1,222.0,462.0,240.0,471.0
data/frames/A/000390.jpg,A,0.2621,sam,1,433.0,607.0,448.0,619.0
data/frames/A/000390.jpg,A,0.2600,sam,1,938.0,496.0,949.0,508.0
data/frames/A/000390.jpg,A,0.2554,sam,1,1726.0,472.0,1740.0,481.0
data/frames/A/000390.jpg,A,0.2476,sam,1,845.0,524.0,856.0,538.0
data/frames/A/000390.jpg,A,0.2258,sam,1,698.0,775.0,718.0,789.0
data/frames/A/000390.jpg,A,0.2249,sam,1,801.0,715.0,825.0,731.0
data/frames/A/000390.jpg,A,0.2220,sam,1,24.0,502.0,44.0,511.0
data/frames/A/000390.jpg,A,0.2164,sam,1,445.0,454.0,461.0,464.0
data/frames/A/000390.jpg,A,0.2105,sam,1,1887.0,415.0,1920.0,448.0
data/frames/A/000390.jpg,A,0.2066,sam,1,1027.0,425.0,1046.0,434.0
data/frames/A/000390.jpg,A,0.2036,sam,1,338.0,464.0,355.0,474.0
data/frames/A/000390.jpg,A,0.1984,sam,1,1025.0,386.0,1045.0,434.0
data/frames/A/000390.jpg,A,0.1910,sam,1,76.0,984.0,117.0,1023.0
data/frames/A/000390.jpg,A,0.1901,sam,1,539.0,543.0,560.0,555.0
data/frames/A/000390.jpg,A,0.1845,sam,1,844.0,406.0,855.0,419.0
data/frames/A/000390.jpg,A,0.1839,sam,1,76.0,984.0,155.0,1080.0
data/frames/A/000390.jpg,A,0.1792,sam,1,296.0,394.0,309.0,405.0
data/frames/A/000390.jpg,A,0.1729,sam,1,921.0,236.0,933.0,251.0
data/frames/A/000390.jpg,A,0.1677,sam,1,999.0,419.0,1046.0,440.0
data/frames/A/000390.jpg,A,0.1661,sam,1,641.0,457.0,658.0,465.0
data/frames/A/000390.jpg,A,0.1613,sam,1,641.0,505.0,656.0,515.0
data/frames/A/000390.jpg,A,0.1574,sam,1,976.0,539.0,992.0,564.0
data/frames/A/000405.jpg,A,0.3631,sam,1,1844.0,642.0,1857.0,657.0
data/frames/A/000405.jpg,A,0.3316,sam,1,1348.0,449.0,1365.0,459.0
data/frames/A/000405.jpg,A,0.3295,sam,1,541.0,485.0,557.0,493.0
data/frames/A/000405.jpg,A,0.3266,sam,1,1644.0,477.0,1661.0,487.0
data/frames/A/000405.jpg,A,0.3238,sam,1,1027.0,386.0,1045.0,435.0
data/frames/A/000405.jpg,A,0.3205,sam,1,169.0,463.0,187.0,472.0
data/frames/A/000405.jpg,A,0.2795,sam,1,80.0,499.0,100.0,509.0
data/frames/A/000405.jpg,A,0.2765,sam,1,393.0,457.0,409.0,466.0
data/frames/A/000405.jpg,A,0.2739,sam,1,1784.0,472.0,1799.0,481.0
data/frames/A/000405.jpg,A,0.2597,sam,1,446.0,594.0,463.0,606.0
data/frames/A/000405.jpg,A,0.2585,sam,1,1761.0,397.0,1787.0,407.0
data/frames/A/000405.jpg,A,0.2585,sam,1,275.0,467.0,291.0,476.0
data/frames/A/000405.jpg,A,0.2477,sam,1,74.0,984.0,116.0,1021.0
data/frames/A/000405.jpg,A,0.2436,sam,1,844.0,558.0,856.0,573.0
data/frames/A/000405.jpg,A,0.2362,sam,1,672.0,786.0,693.0,800.0
data/frames/A/000405.jpg,A,0.2299,sam,1,997.0,420.0,1017.0,436.0
data/frames/A/000405.jpg,A,0.2292,sam,1,1026.0,425.0,1045.0,435.0
data/frames/A/000405.jpg,A,0.2263,sam,1,958.0,341.0,993.0,393.0
data/frames/A/000405.jpg,A,0.2263,sam,1,749.0,744.0,768.0,763.0
data/frames/A/000405.jpg,A,0.2249,sam,1,800.0,716.0,825.0,731.0
data/frames/A/000405.jpg,A,0.2206,sam,1,1003.0,419.0,1017.0,443.0
data/frames/A/000405.jpg,A,0.2194,sam,1,578.0,457.0,594.0,466.0
data/frames/A/000405.jpg,A,0.2194,sam,1,918.0,219.0,931.0,232.0
data/frames/A/000405.jpg,A,0.2186,sam,1,935.0,461.0,945.0,472.0
data/frames/A/000405.jpg,A,0.2136,sam,1,745.0,481.0,764.0,489.0
data/frames/A/000405.jpg,A,0.2135,sam,1,957.0,301.0,969.0,313.0
data/frames/A/000405.jpg,A,0.1762,sam,1,957.0,341.0,974.0,361.0
data/frames/A/000405.jpg,A,0.1759,sam,1,934.0,341.0,994.0,383.0
data/frames/A/000405.jpg,A,0.1663,sam,1,664.0,505.0,675.0,513.0
data/frames/A/000405.jpg,A,0.1627,sam,1,1025.0,386.0,1045.0,435.0
data/frames/A/000405.jpg,A,0.1611,sam,1,1026.0,386.0,1041.0,417.0
data/frames/A/000405.jpg,A,0.1608,sam,1,1887.0,395.0,1920.0,448.0
data/frames/A/000405.jpg,A,0.1531,sam,1,998.0,420.0,1046.0,442.0
data/frames/A/000420.jpg,A,0.4102,sam,1,1010.0,468.0,1029.0,479.0
data/frames/A/000420.jpg,A,0.3881,sam,1,1692.0,478.0,1709.0,488.0
data/frames/A/000420.jpg,A,0.3619,sam,1,1843.0,642.0,1856.0,657.0
data/frames/A/000420.jpg,A,0.3411,sam,1,590.0,484.0,606.0,493.0
data/frames/A/000420.jpg,A,0.3335,sam,1,114.0,466.0,131.0,475.0
data/frames/A/000420.jpg,A,0.3331,sam,1,340.0,459.0,357.0,467.0
data/frames/A/000420.jpg,A,0.3283,sam,1,1296.0,449.0,1312.0,458.0
data/frames/A/000420.jpg,A,0.3275,sam,1,463.0,582.0,477.0,595.0
data/frames/A/000420.jpg,A,0.3242,sam,1,136.0,497.0,155.0,507.0
data/frames/A/000420.jpg,A,0.3072,sam,1,515.0,458.0,531.0,468.0
data/frames/A/000420.jpg,A,0.3032,sam,1,211.0,468.0,228.0,479.0
data/frames/A/000420.jpg,A,0.3017,sam,1,1841.0,473.0,1856.0,481.0
data/frames/A/000420.jpg,A,0.2882,sam,1,1026.0,385.0,1044.0,436.0
data/frames/A/000420.jpg,A,0.2881,sam,1,844.0,592.0,856.0,608.0
data/frames/A/000420.jpg,A,0.2599,sam,1,727.0,760.0,748.0,778.0
data/frames/A/000420.jpg,A,0.2577,sam,1,75.0,985.0,116.0,1022.0
data/frames/A/000420.jpg,A,0.2454,sam,1,1728.0,392.0,1753.0,402.0
data/frames/A/000420.jpg,A,0.2324,sam,1,957.0,336.0,972.0,351.0
data/frames/A/000420.jpg,A,0.2300,sam,1,800.0,716.0,824.0,731.0
data/frames/A/000420.jpg,A,0.2296,sam,1,645.0,797.0,665.0,809.0
data/frames/A/000420.jpg,A,0.2083,sam,1,1026.0,426.0,1044.0,436.0
data/frames/A/000420.jpg,A,0.2059,sam,1,788.0,481.0,806.0,490.0
data/frames/A/000420.jpg,A,0.2036,sam,1,840.0,452.0,850.0,465.0
data/frames/A/000420.jpg,A,0.2005,sam,1,1004.0,419.0,1017.0,443.0
data/frames/A/000420.jpg,A,0.1952,sam,1,841.0,457.0,849.0,465.0
data/frames/A/000420.jpg,A,0.1817,sam,1,920.0,202.0,930.0,214.0
data/frames/A/000420.jpg,A,0.1688,sam,1,996.0,420.0,1017.0,436.0
data/frames/A/000420.jpg,A,0.1686,sam,1,934.0,428.0,943.0,438.0
data/frames/A/000435.jpg,A,0.3662,sam,1,1739.0,479.0,1757.0,488.0
data/frames/A/000435.jpg,A,0.3448,sam,1,1026.0,386.0,1043.0,435.0
data/frames/A/000435.jpg,A,0.3430,sam,1,1065.0,468.0,1084.0,478.0
data/frames/A/000435.jpg,A,0.3408,sam,1,641.0,482.0,656.0,491.0
data/frames/A/000435.jpg,A,0.3154,sam,1,1243.0,448.0,1260.0,458.0
data/frames/A/000435.jpg,A,0.3110,sam,1,1842.0,642.0,1855.0,656.0
data/frames/A/000435.jpg,A,0.3070,sam,1,192.0,495.0,211.0,505.0
data/frames/A/000435.jpg,A,0.2969,sam,1,287.0,460.0,304.0,470.0
data/frames/A/000435.jpg,A,0.2921,sam,1,59.0,467.0,76.0,477.0
data/frames/A/000435.jpg,A,0.2811,sam,1,703.0,774.0,723.0,790.0
data/frames/A/000435.jpg,A,0.2691,sam,1,145.0,472.0,163.0,481.0
data/frames/A/000435.jpg,A,0.2594,sam,1,481.0,571.0,496.0,583.0
data/frames/A/000435.jpg,A,0.2563,sam,1,450.0,460.0,468.0,470.0
data/frames/A/000435.jpg,A,0.2384,sam,1,74.0,985.0,116.0,1022.0
data/frames/A/000435.jpg,A,0.2371,sam,1,843.0,633.0,854.0,647.0
data/frames/A/000435.jpg,A,0.2349,sam,1,1900.0,473.0,1914.0,482.0
data/frames/A/000435.jpg,A,0.2280,sam,1,1000.0,476.0,1021.0,486.0
data/frames/A/000435.jpg,A,0.2266,sam,1,837.0,477.0,849.0,490.0
data/frames/A/000435.jpg,A,0.2249,sam,1,1696.0,386.0,1720.0,396.0
data/frames/A/000435.jpg,A,0.2177,sam,1,800.0,716.0,824.0,731.0
data/frames/A/000435.jpg,A,0.2097,sam,1,1018.0,477.0,1036.0,485.0
data/frames/A/000435.jpg,A,0.2028,sam,1,1026.0,425.0,1044.0,435.0
data/frames/A/000435.jpg,A,0.1974,sam,1,957.0,317.0,968.0,328.0
data/frames/A/000435.jpg,A,0.1926,sam,1,617.0,804.0,637.0,816.0
data/frames/A/000435.jpg,A,0.1803,sam,1,17.0,533.0,35.0,543.0
data/frames/A/000435.jpg,A,0.1762,sam,1,932.0,396.0,941.0,405.0
data/frames/A/000435.jpg,A,0.1678,sam,1,652.0,451.0,669.0,463.0
data/frames/A/000435.jpg,A,0.1517,sam,1,1004.0,419.0,1017.0,443.0
data/frames/A/000450.jpg,A,0.3975,sam,1,1188.0,448.0,1207.0,459.0
data/frames/A/000450.jpg,A,0.3900,sam,1,1026.0,385.0,1043.0,435.0
data/frames/A/000450.jpg,A,0.3270,sam,1,499.0,561.0,516.0,574.0
data/frames/A/000450.jpg,A,0.3206,sam,1,678.0,786.0,700.0,801.0
data/frames/A/000450.jpg,A,0.3146,sam,1,1788.0,479.0,1805.0,488.0
data/frames/A/000450.jpg,A,0.3116,sam,1,836.0,498.0,846.0,514.0
data/frames/A/000450.jpg,A,0.2873,sam,1,786.0,439.0,833.0,457.0
data/frames/A/000450.jpg,A,0.2855,sam,1,232.0,462.0,250.0,472.0
data/frames/A/000450.jpg,A,0.2774,sam,1,1120.0,468.0,1138.0,477.0
data/frames/A/000450.jpg,A,0.2681,sam,1,800.0,715.0,823.0,730.0
data/frames/A/000450.jpg,A,0.2610,sam,1,1664.0,379.0,1682.0,389.0
data/frames/A/000450.jpg,A,0.2531,sam,1,73.0,985.0,115.0,1021.0
data/frames/A/000450.jpg,A,0.2507,sam,1,1841.0,642.0,1854.0,656.0
data/frames/A/000450.jpg,A,0.2391,sam,1,386.0,462.0,404.0,473.0
data/frames/A/000450.jpg,A,0.2376,sam,1,3.0,470.0,21.0,479.0
data/frames/A/000450.jpg,A,0.2360,sam,1,591.0,809.0,608.0,819.0
data/frames/A/000450.jpg,A,0.2301,sam,1,247.0,493.0,267.0,503.0
data/frames/A/000450.jpg,A,0.2276,sam,1,692.0,481.0,707.0,490.0
data/frames/A/000450.jpg,A,0.2266,sam,1,1004.0,386.0,1044.0,442.0
data/frames/A/000450.jpg,A,0.2203,sam,1,68.0,531.0,88.0,541.0
data/frames/A/000450.jpg,A,0.2153,sam,1,80.0,475.0,99.0,484.0
data/frames/A/000450.jpg,A,0.2124,sam,1,1041.0,476.0,1065.0,486.0
data/frames/A/000450.jpg,A,0.1967,sam,1,1027.0,426.0,1044.0,435.0
data/frames/A/000450.jpg,A,0.1920,sam,1,842.0,670.0,854.0,688.0
data/frames/A/000450.jpg,A,0.1875,sam,1,1062.0,476.0,1078.0,484.0
data/frames/A/000450.jpg,A,0.1759,sam,1,1884.0,394.0,1920.0,449.0
data/frames/A/000450.jpg,A,0.1688,sam,1,1001.0,419.0,1044.0,442.0
data/frames/A/000450.jpg,A,0.1650,sam,1,1005.0,418.0,1017.0,443.0
data/frames/A/000450.jpg,A,0.1637,sam,1,995.0,419.0,1017.0,435.0
data/frames/A/000465.jpg,A,0.3411,sam,1,652.0,797.0,673.0,812.0
data/frames/A/000465.jpg,A,0.3313,sam,1,1633.0,372.0,1658.0,384.0
data/frames/A/000465.jpg,A,0.3254,sam,1,179.0,465.0,197.0,473.0
data/frames/A/000465.jpg,A,0.3231,sam,1,744.0,440.0,808.0,462.0
data/frames/A/000465.jpg,A,0.3187,sam,1,1083.0,474.0,1108.0,486.0
data/frames/A/000465.jpg,A,0.3066,sam,1,1871.0,414.0,1898.0,437.0
data/frames/A/000465.jpg,A,0.2987,sam,1,519.0,552.0,536.0,565.0
data/frames/A/000465.jpg,A,0.2876,sam,1,1841.0,641.0,1854.0,656.0
data/frames/A/000465.jpg,A,0.2837,sam,1,962.0,1018.0,977.0,1059.0
data/frames/A/000465.jpg,A,0.2741,sam,1,301.0,491.0,322.0,501.0
data/frames/A/000465.jpg,A,0.2709,sam,1,1176.0,466.0,1195.0,477.0
data/frames/A/000465.jpg,A,0.2674,sam,1,841.0,714.0,854.0,731.0
data/frames/A/000465.jpg,A,0.2643,sam,1,1135.0,448.0,1153.0,459.0
data/frames/A/000465.jpg,A,0.2599,sam,1,834.0,520.0,846.0,537.0
data/frames/A/000465.jpg,A,0.2590,sam,1,120.0,527.0,140.0,539.0
data/frames/A/000465.jpg,A,0.2524,sam,1,322.0,463.0,340.0,474.0
data/frames/A/000465.jpg,A,0.2519,sam,1,741.0,480.0,756.0,489.0
data/frames/A/000465.jpg,A,0.2506,sam,1,12.0,502.0,34.0,512.0
data/frames/A/000465.jpg,A,0.2426,sam,1,799.0,715.0,823.0,731.0
data/frames/A/000465.jpg,A,0.2366,sam,1,1834.0,479.0,1852.0,488.0
data/frames/A/000465.jpg,A,0.1938,sam,1,73.0,985.0,115.0,1021.0
data/frames/A/000465.jpg,A,0.1908,sam,1,962.0,1018.0,977.0,1041.0
data/frames/A/000465.jpg,A,0.1785,sam,1,949.0,236.0,960.0,248.0
data/frames/A/000465.jpg,A,0.1742,sam,1,1004.0,386.0,1043.0,442.0
data/frames/A/000465.jpg,A,0.1712,sam,1,916.0,150.0,927.0,162.0
data/frames/A/000465.jpg,A,0.1704,sam,1,974.0,540.0,991.0,564.0
data/frames/A/000465.jpg,A,0.1687,sam,1,1871.0,414.0,1916.0,447.0
data/frames/A/000465.jpg,A,0.1658,sam,1,1001.0,419.0,1044.0,441.0
data/frames/A/000465.jpg,A,0.1617,sam,1,953.0,283.0,964.0,294.0
data/frames/A/000465.jpg,A,0.1614,sam,1,1003.0,386.0,1044.0,442.0
data/frames/A/000465.jpg,A,0.1596,sam,1,1005.0,418.0,1016.0,443.0
data/frames/A/000465.jpg,A,0.1545,sam,1,73.0,986.0,153.0,1080.0
data/frames/A/000465.jpg,A,0.1520,sam,1,1026.0,425.0,1043.0,436.0
data/frames/A/000480.jpg,A,0.3594,sam,1,624.0,806.0,645.0,820.0
data/frames/A/000480.jpg,A,0.3509,sam,1,711.0,440.0,770.0,461.0
data/frames/A/000480.jpg,A,0.3488,sam,1,1084.0,449.0,1101.0,459.0
data/frames/A/000480.jpg,A,0.3471,sam,1,960.0,969.0,974.0,1009.0
data/frames/A/000480.jpg,A,0.3381,sam,1,1024.0,385.0,1043.0,436.0
data/frames/A/000480.jpg,A,0.3274,sam,1,839.0,761.0,853.0,779.0
data/frames/A/000480.jpg,A,0.3012,sam,1,1835.0,421.0,1851.0,432.0
data/frames/A/000480.jpg,A,0.2778,sam,1,1789.0,447.0,1805.0,455.0
data/frames/A/000480.jpg,A,0.2757,sam,1,1840.0,641.0,1853.0,656.0
data/frames/A/000480.jpg,A,0.2723,sam,1,126.0,465.0,143.0,475.0
data/frames/A/000480.jpg,A,0.2723,sam,1,1810.0,455.0,1829.0,463.0
data/frames/A/000480.jpg,A,0.2660,sam,1,1231.0,466.0,1248.0,476.0
data/frames/A/000480.jpg,A,0.2567,sam,1,356.0,489.0,374.0,499.0
data/frames/A/000480.jpg,A,0.2550,sam,1,70.0,499.0,91.0,510.0
data/frames/A/000480.jpg,A,0.2517,sam,1,1602.0,364.0,1625.0,375.0
data/frames/A/000480.jpg,A,0.2492,sam,1,799.0,715.0,823.0,731.0
data/frames/A/000480.jpg,A,0.2446,sam,1,831.0,546.0,843.0,560.0
data/frames/A/000480.jpg,A,0.2432,sam,1,541.0,544.0,556.0,556.0
data/frames/A/000480.jpg,A,0.2375,sam,1,73.0,986.0,115.0,1020.0
data/frames/A/000480.jpg,A,0.2321,sam,1,170.0,526.0,189.0,537.0
data/frames/A/000480.jpg,A,0.2307,sam,1,791.0,478.0,806.0,489.0
data/frames/A/000480.jpg,A,0.2287,sam,1,960.0,969.0,973.0,992.0
data/frames/A/000480.jpg,A,0.2275,sam,1,567.0,398.0,590.0,423.0
data/frames/A/000480.jpg,A,0.2237,sam,1,259.0,466.0,275.0,475.0
data/frames/A/000480.jpg,A,0.2225,sam,1,528.0,811.0,548.0,823.0
data/frames/A/000480.jpg,A,0.2136,sam,1,1025.0,426.0,1043.0,436.0
data/frames/A/000480.jpg,A,0.2131,sam,1,1882.0,480.0,1899.0,489.0
data/frames/A/000480.jpg,A,0.2101,sam,1,1890.0,424.0,1908.0,439.0
data/frames/A/000480.jpg,A,0.2062,sam,1,1880.0,413.0,1908.0,440.0
data/frames/A/000480.jpg,A,0.2042,sam,1,995.0,419.0,1016.0,437.0
data/frames/A/000480.jpg,A,0.1839,sam,1,914.0,135.0,926.0,147.0
data/frames/A/000480.jpg,A,0.1781,sam,1,1880.0,413.0,1898.0,422.0
data/frames/A/000480.jpg,A,0.1781,sam,1,1003.0,386.0,1043.0,442.0
data/frames/A/000480.jpg,A,0.1762,sam,1,994.0,419.0,1044.0,442.0
data/frames/A/000480.jpg,A,0.1717,sam,1,1003.0,418.0,1016.0,442.0
data/frames/A/000480.jpg,A,0.1715,sam,1,993.0,386.0,1043.0,441.0
data/frames/A/000480.jpg,A,0.1698,sam,1,1126.0,474.0,1149.0,485.0
data/frames/A/000480.jpg,A,0.1624,sam,1,1115.0,883.0,1129.0,900.0
data/frames/A/000480.jpg,A,0.1541,sam,1,787.0,715.0,823.0,745.0
data/frames/A/000495.jpg,A,0.4258,sam,1,669.0,441.0,732.0,463.0
data/frames/A/000495.jpg,A,0.3906,sam,1,1169.0,473.0,1204.0,485.0
data/frames/A/000495.jpg,A,0.3278,sam,1,125.0,496.0,146.0,509.0
data/frames/A/000495.jpg,A,0.3007,sam,1,1030.0,449.0,1048.0,458.0
data/frames/A/000495.jpg,A,0.2928,sam,1,957.0,924.0,972.0,962.0
data/frames/A/000495.jpg,A,0.2865,sam,1,1286.0,466.0,1303.0,476.0
data/frames/A/000495.jpg,A,0.2821,sam,1,799.0,715.0,823.0,731.0
data/frames/A/000495.jpg,A,0.2803,sam,1,71.0,468.0,89.0,477.0
data/frames/A/000495.jpg,A,0.2789,sam,1,73.0,986.0,115.0,1023.0
data/frames/A/000495.jpg,A,0.2728,sam,1,1840.0,640.0,1853.0,656.0
data/frames/A/000495.jpg,A,0.2685,sam,1,1737.0,446.0,1754.0,454.0
data/frames/A/000495.jpg,A,0.2544,sam,1,411.0,487.0,429.0,497.0
data/frames/A/000495.jpg,A,0.2479,sam,1,957.0,924.0,971.0,945.0
data/frames/A/000495.jpg,A,0.2458,sam,1,218.0,524.0,238.0,536.0
data/frames/A/000495.jpg,A,0.2435,sam,1,501.0,807.0,520.0,817.0
data/frames/A/000495.jpg,A,0.2383,sam,1,73.0,986.0,151.0,1080.0
data/frames/A/000495.jpg,A,0.2345,sam,1,193.0,469.0,210.0,479.0
data/frames/A/000495.jpg,A,0.2313,sam,1,1756.0,453.0,1773.0,462.0
data/frames/A/000495.jpg,A,0.2159,sam,1,1165.0,505.0,1185.0,515.0
data/frames/A/000495.jpg,A,0.2118,sam,1,1849.0,409.0,1868.0,418.0
data/frames/A/000495.jpg,A,0.2113,sam,1,567.0,398.0,589.0,423.0
data/frames/A/000495.jpg,A,0.2091,sam,1,423.0,455.0,439.0,466.0
data/frames/A/000495.jpg,A,0.2064,sam,1,994.0,418.0,1015.0,437.0
data/frames/A/000495.jpg,A,0.2013,sam,1,839.0,811.0,852.0,830.0
data/frames/A/000495.jpg,A,0.1989,sam,1,1026.0,425.0,1043.0,435.0
data/frames/A/000495.jpg,A,0.1874,sam,1,1002.0,418.0,1016.0,442.0
data/frames/A/000495.jpg,A,0.1873,sam,1,600.0,812.0,617.0,821.0
data/frames/A/000495.jpg,A,0.1847,sam,1,1902.0,455.0,1920.0,464.0
data/frames/A/000495.jpg,A,0.1769,sam,1,913.0,120.0,925.0,132.0
data/frames/A/000495.jpg,A,0.1695,sam,1,994.0,418.0,1043.0,441.0
data/frames/A/000495.jpg,A,0.1680,sam,1,1002.0,385.0,1043.0,441.0
data/frames/A/000495.jpg,A,0.1676,sam,1,1852.0,422.0,1872.0,432.0
data/frames/A/000495.jpg,A,0.1670,sam,1,829.0,567.0,841.0,582.0
data/frames/A/000495.jpg,A,0.1597,sam,1,1571.0,357.0,1596.0,368.0
data/frames/A/000495.jpg,A,0.1545,sam,1,947.0,206.0,957.0,217.0
data/frames/A/000510.jpg,A,0.3734,sam,1,1840.0,640.0,1853.0,655.0
data/frames/A/000510.jpg,A,0.3618,sam,1,1178.0,503.0,1213.0,516.0
data/frames/A/000510.jpg,A,0.3420,sam,1,1024.0,385.0,1042.0,436.0
data/frames/A/000510.jpg,A,0.3237,sam,1,1046.0,477.0,1066.0,485.0
data/frames/A/000510.jpg,A,0.3069,sam,1,182.0,496.0,202.0,506.0
data/frames/A/000510.jpg,A,0.2839,sam,1,465.0,487.0,484.0,496.0
data/frames/A/000510.jpg,A,0.2681,sam,1,1685.0,444.0,1701.0,455.0
data/frames/A/000510.jpg,A,0.2632,sam,1,266.0,523.0,285.0,533.0
data/frames/A/000510.jpg,A,0.2619,sam,1,1699.0,450.0,1718.0,463.0
data/frames/A/000510.jpg,A,0.2568,sam,1,72.0,986.0,114.0,1022.0
data/frames/A/000510.jpg,A,0.2548,sam,1,16.0,471.0,33.0,479.0
data/frames/A/000510.jpg,A,0.2536,sam,1,954.0,881.0,969.0,916.0
data/frames/A/000510.jpg,A,0.2394,sam,1,1002.0,386.0,1042.0,442.0
data/frames/A/000510.jpg,A,0.2381,sam,1,127.0,472.0,144.0,481.0
data/frames/A/000510.jpg,A,0.2325,sam,1,1763.0,420.0,1778.0,428.0
data/frames/A/000510.jpg,A,0.2273,sam,1,798.0,715.0,823.0,731.0
data/frames/A/000510.jpg,A,0.2265,sam,1,1340.0,467.0,1359.0,477.0
data/frames/A/000510.jpg,A,0.2215,sam,1,994.0,418.0,1043.0,441.0
data/frames/A/000510.jpg,A,0.2132,sam,1,1542.0,348.0,1558.0,358.0
data/frames/A/000510.jpg,A,0.2118,sam,1,1687.0,445.0,1718.0,465.0
data/frames/A/000510.jpg,A,0.2093,sam,1,476.0,799.0,493.0,812.0
data/frames/A/000510.jpg,A,0.2080,sam,1,838.0,864.0,850.0,884.0
data/frames/A/000510.jpg,A,0.2075,sam,1,72.0,986.0,150.0,1080.0
data/frames/A/000510.jpg,A,0.1993,sam,1,365.0,457.0,382.0,467.0
data/frames/A/000510.jpg,A,0.1981,sam,1,1211.0,474.0,1234.0,484.0
data/frames/A/000510.jpg,A,0.1977,sam,1,993.0,386.0,1043.0,441.0
data/frames/A/000510.jpg,A,0.1974,sam,1,1025.0,426.0,1042.0,436.0
data/frames/A/000510.jpg,A,0.1916,sam,1,954.0,881.0,969.0,902.0
data/frames/A/000510.jpg,A,0.1886,sam,1,994.0,418.0,1015.0,438.0
data/frames/A/000510.jpg,A,0.1844,sam,1,946.0,1030.0,960.0,1050.0
data/frames/A/000510.jpg,A,0.1792,sam,1,948.0,235.0,958.0,245.0
data/frames/A/000510.jpg,A,0.1776,sam,1,828.0,589.0,838.0,604.0
data/frames/A/000510.jpg,A,0.1760,sam,1,1003.0,418.0,1016.0,443.0
data/frames/A/000510.jpg,A,0.1741,sam,1,1232.0,474.0,1247.0,483.0
data/frames/A/000510.jpg,A,0.1700,sam,1,944.0,192.0,956.0,202.0
data/frames/A/000510.jpg,A,0.1643,sam,1,579.0,398.0,588.0,418.0
data/frames/A/000510.jpg,A,0.1585,sam,1,1194.0,505.0,1213.0,515.0
data/frames/A/000510.jpg,A,0.1565,sam,1,786.0,715.0,822.0,745.0
data/frames/A/000510.jpg,A,0.1537,sam,1,1179.0,504.0,1200.0,516.0
data/frames/A/000510.jpg,A,0.2709,merged,3,1799.0,405.0,1876.0,432.0
data/frames/A/000525.jpg,A,0.4842,sam,1,594.0,442.0,657.0,464.0
data/frames/A/000525.jpg,A,0.4029,sam,1,952.0,840.0,967.0,874.0
data/frames/A/000525.jpg,A,0.3894,sam,1,1777.0,420.0,1797.0,432.0
data/frames/A/000525.jpg,A,0.3680,sam,1,1206.0,503.0,1243.0,517.0
data/frames/A/000525.jpg,A,0.3656,sam,1,1259.0,1040.0,1277.0,1062.0
data/frames/A/000525.jpg,A,0.3291,sam,1,517.0,486.0,537.0,495.0
data/frames/A/000525.jpg,A,0.3250,sam,1,1786.0,400.0,1804.0,409.0
data/frames/A/000525.jpg,A,0.3053,sam,1,1089.0,476.0,1108.0,485.0
data/frames/A/000525.jpg,A,0.3024,sam,1,1839.0,639.0,1853.0,655.0
data/frames/A/000525.jpg,A,0.2919,sam,1,237.0,492.0,258.0,505.0
data/frames/A/000525.jpg,A,0.2865,sam,1,313.0,521.0,334.0,532.0
data/frames/A/000525.jpg,A,0.2756,sam,1,1727.0,418.0,1742.0,427.0
data/frames/A/000525.jpg,A,0.2694,sam,1,1395.0,467.0,1414.0,476.0
data/frames/A/000525.jpg,A,0.2679,sam,1,822.0,607.0,834.0,625.0
data/frames/A/000525.jpg,A,0.2648,sam,1,1881.0,447.0,1899.0,456.0
data/frames/A/000525.jpg,A,0.2614,sam,1,1634.0,444.0,1651.0,454.0
data/frames/A/000525.jpg,A,0.2511,sam,1,1644.0,449.0,1661.0,460.0
data/frames/A/000525.jpg,A,0.2511,sam,1,62.0,475.0,78.0,484.0
data/frames/A/000525.jpg,A,0.2488,sam,1,72.0,986.0,114.0,1021.0
data/frames/A/000525.jpg,A,0.2423,sam,1,1226.0,504.0,1243.0,515.0
data/frames/A/000525.jpg,A,0.2382,sam,1,798.0,715.0,823.0,730.0
data/frames/A/000525.jpg,A,0.2361,sam,1,993.0,418.0,1015.0,442.0
data/frames/A/000525.jpg,A,0.2359,sam,1,1633.0,444.0,1661.0,460.0
data/frames/A/000525.jpg,A,0.2292,sam,1,1253.0,473.0,1276.0,485.0
data/frames/A/000525.jpg,A,0.2288,sam,1,1789.0,453.0,1807.0,462.0
data/frames/A/000525.jpg,A,0.2236,sam,1,1208.0,503.0,1230.0,516.0
data/frames/A/000525.jpg,A,0.2198,sam,1,837.0,920.0,849.0,942.0
data/frames/A/000525.jpg,A,0.2186,sam,1,73.0,986.0,180.0,1080.0
data/frames/A/000525.jpg,A,0.2148,sam,1,453.0,788.0,470.0,802.0
data/frames/A/000525.jpg,A,0.2143,sam,1,709.0,116.0,741.0,140.0
data/frames/A/000525.jpg,A,0.1996,sam,1,1025.0,425.0,1042.0,436.0
data/frames/A/000525.jpg,A,0.1937,sam,1,1019.0,386.0,1042.0,438.0
data/frames/A/000525.jpg,A,0.1897,sam,1,307.0,457.0,324.0,469.0
data/frames/A/000525.jpg,A,0.1855,sam,1,993.0,418.0,1017.0,441.0
data/frames/A/000525.jpg,A,0.1836,sam,1,786.0,715.0,822.0,745.0
data/frames/A/000525.jpg,A,0.1832,sam,1,566.0,398.0,588.0,423.0
data/frames/A/000525.jpg,A,0.1794,sam,1,943.0,956.0,956.0,976.0
data/frames/A/000525.jpg,A,0.1772,sam,1,1274.0,474.0,1290.0,482.0
data/frames/A/000525.jpg,A,0.1692,sam,1,1001.0,418.0,1015.0,442.0
data/frames/A/000525.jpg,A,0.1684,sam,1,1517.0,340.0,1527.0,350.0
data/frames/A/000525.jpg,A,0.1680,sam,1,1829.0,402.0,1843.0,411.0
data/frames/A/000525.jpg,A,0.1643,sam,1,1784.0,452.0,1808.0,467.0
data/frames/A/000525.jpg,A,0.1563,sam,1,1516.0,340.0,1532.0,351.0
data/frames/A/000525.jpg,A,0.2052,merged,2,537.0,802.0,600.0,828.0
data/frames/A/000540.jpg,A,0.4280,sam,1,951.0,801.0,965.0,834.0
data/frames/A/000540.jpg,A,0.3820,sam,1,1281.0,991.0,1300.0,1013.0
data/frames/A/000540.jpg,A,0.3540,sam,1,1449.0,468.0,1469.0,478.0
data/frames/A/000540.jpg,A,0.3360,sam,1,1840.0,640.0,1853.0,655.0
data/frames/A/000540.jpg,A,0.3360,sam,1,558.0,443.0,619.0,465.0
data/frames/A/000540.jpg,A,0.3160,sam,1,1582.0,443.0,1607.0,460.0
data/frames/A/000540.jpg,A,0.3046,sam,1,1131.0,476.0,1152.0,485.0
data/frames/A/000540.jpg,A,0.2963,sam,1,291.0,490.0,314.0,503.0
data/frames/A/000540.jpg,A,0.2924,sam,1,1236.0,503.0,1276.0,517.0
data/frames/A/000540.jpg,A,0.2915,sam,1,1742.0,420.0,1761.0,429.0
data/frames/A/000540.jpg,A,0.2886,sam,1,1822.0,446.0,1840.0,455.0
data/frames/A/000540.jpg,A,0.2842,sam,1,818.0,630.0,830.0,647.0
data/frames/A/000540.jpg,A,0.2715,sam,1,1582.0,444.0,1602.0,453.0
data/frames/A/000540.jpg,A,0.2589,sam,1,360.0,520.0,378.0,531.0
data/frames/A/000540.jpg,A,0.2488,sam,1,569.0,485.0,590.0,493.0
data/frames/A/000540.jpg,A,0.2487,sam,1,1754.0,397.0,1771.0,405.0
data/frames/A/000540.jpg,A,0.2462,sam,1,798.0,715.0,822.0,731.0
data/frames/A/000540.jpg,A,0.2372,sam,1,1732.0,451.0,1749.0,460.0
data/frames/A/000540.jpg,A,0.2333,sam,1,72.0,986.0,114.0,1023.0
data/frames/A/000540.jpg,A,0.2277,sam,1,1588.0,448.0,1607.0,459.0
data/frames/A/000540.jpg,A,0.2259,sam,1,1691.0,418.0,1708.0,427.0
data/frames/A/000540.jpg,A,0.2108,sam,1,433.0,776.0,449.0,790.0
data/frames/A/000540.jpg,A,0.2032,sam,1,1295.0,474.0,1319.0,484.0
data/frames/A/000540.jpg,A,0.2000,sam,1,951.0,801.0,964.0,822.0
data/frames/A/000540.jpg,A,0.1992,sam,1,1256.0,505.0,1275.0,515.0
data/frames/A/000540.jpg,A,0.1927,sam,1,514.0,811.0,531.0,823.0
data/frames/A/000540.jpg,A,0.1910,sam,1,1316.0,475.0,1331.0,483.0
data/frames/A/000540.jpg,A,0.1856,sam,1,1236.0,504.0,1260.0,517.0
data/frames/A/000540.jpg,A,0.1503,sam,1,579.0,398.0,588.0,419.0
data/frames/A/000540.jpg,A,0.3236,merged,7,991.6,384.0,1103.5,442.4
data/frames/A/000555.jpg,A,0.3982,sam,1,949.0,765.0,962.0,796.0
data/frames/A/000555.jpg,A,0.3782,sam,1,1706.0,418.0,1726.0,431.0
data/frames/A/000555.jpg,A,0.3687,sam,1,1306.0,946.0,1324.0,966.0
data/frames/A/000555.jpg,A,0.3616,sam,1,1531.0,443.0,1552.0,459.0
data/frames/A/000555.jpg,A,0.3586,sam,1,347.0,491.0,368.0,501.0
data/frames/A/000555.jpg,A,0.3463,sam,1,1840.0,640.0,1853.0,655.0
data/frames/A/000555.jpg,A,0.3266,sam,1,190.0,462.0,206.0,473.0
data/frames/A/000555.jpg,A,0.3171,sam,1,621.0,484.0,641.0,492.0
data/frames/A/000555.jpg,A,0.3127,sam,1,1504.0,470.0,1524.0,479.0
data/frames/A/000555.jpg,A,0.2915,sam,1,484.0,805.0,503.0,818.0
data/frames/A/000555.jpg,A,0.2869,sam,1,1176.0,476.0,1196.0,485.0
data/frames/A/000555.jpg,A,0.2787,sam,1,811.0,650.0,824.0,667.0
data/frames/A/000555.jpg,A,0.2700,sam,1,402.0,518.0,423.0,530.0
data/frames/A/000555.jpg,A,0.2654,sam,1,1763.0,446.0,1780.0,454.0
data/frames/A/000555.jpg,A,0.2624,sam,1,936.0,829.0,950.0,846.0
data/frames/A/000555.jpg,A,0.2353,sam,1,798.0,715.0,822.0,731.0
data/frames/A/000555.jpg,A,0.2253,sam,1,1339.0,474.0,1362.0,485.0
data/frames/A/000555.jpg,A,0.2242,sam,1,417.0,760.0,432.0,775.0
data/frames/A/000555.jpg,A,0.2224,sam,1,1036.0,474.0,1053.0,484.0
data/frames/A/000555.jpg,A,0.2177,sam,1,1265.0,502.0,1305.0,518.0
data/frames/A/000555.jpg,A,0.2120,sam,1,1166.0,505.0,1182.0,515.0
data/frames/A/000555.jpg,A,0.2093,sam,1,1675.0,449.0,1691.0,462.0
data/frames/A/000555.jpg,A,0.2067,sam,1,72.0,986.0,114.0,1027.0
data/frames/A/000555.jpg,A,0.1939,sam,1,1656.0,417.0,1672.0,426.0
data/frames/A/000555.jpg,A,0.1901,sam,1,1722.0,391.0,1739.0,400.0
data/frames/A/000555.jpg,A,0.1890,sam,1,567.0,399.0,588.0,423.0
data/frames/A/000555.jpg,A,0.1885,sam,1,1265.0,488.0,1304.0,518.0
data/frames/A/000555.jpg,A,0.1838,sam,1,1265.0,503.0,1288.0,518.0
data/frames/A/000555.jpg,A,0.1639,sam,1,72.0,986.0,155.0,1080.0
data/frames/A/000555.jpg,A,0.1616,sam,1,1359.0,475.0,1375.0,483.0
data/frames/A/000555.jpg,A,0.1601,sam,1,1285.0,487.0,1304.0,516.0
data/frames/A/000555.jpg,A,0.1594,sam,1,1286.0,505.0,1305.0,515.0
data/frames/A/000555.jpg,A,0.1514,sam,1,1532.0,444.0,1550.0,453.0
data/frames/A/000555.jpg,A,0.3306,merged,6,991.1,383.3,1103.5,442.0
data/frames/A/000570.jpg,A,0.4522,sam,1,1478.0,444.0,1496.0,459.0
data/frames/A/000570.jpg,A,0.4179,sam,1,483.0,445.0,545.0,467.0
data/frames/A/000570.jpg,A,0.3785,sam,1,948.0,730.0,961.0,759.0
data/frames/A/000570.jpg,A,0.3765,sam,1,1331.0,904.0,1349.0,923.0
data/frames/A/000570.jpg,A,0.3452,sam,1,1840.0,640.0,1853.0,655.0
data/frames/A/000570.jpg,A,0.3374,sam,1,675.0,482.0,693.0,491.0
data/frames/A/000570.jpg,A,0.3217,sam,1,403.0,488.0,424.0,499.0
data/frames/A/000570.jpg,A,0.3181,sam,1,459.0,797.0,481.0,810.0
data/frames/A/000570.jpg,A,0.3049,sam,1,1560.0,471.0,1579.0,480.0
data/frames/A/000570.jpg,A,0.2987,sam,1,1219.0,476.0,1240.0,485.0
data/frames/A/000570.jpg,A,0.2912,sam,1,1670.0,417.0,1690.0,429.0
data/frames/A/000570.jpg,A,0.2843,sam,1,802.0,669.0,817.0,689.0
data/frames/A/000570.jpg,A,0.2646,sam,1,933.0,771.0,946.0,787.0
data/frames/A/000570.jpg,A,0.2603,sam,1,1085.0,473.0,1101.0,483.0
data/frames/A/000570.jpg,A,0.2579,sam,1,446.0,517.0,465.0,528.0
data/frames/A/000570.jpg,A,0.2430,sam,1,1706.0,445.0,1722.0,455.0
data/frames/A/000570.jpg,A,0.2369,sam,1,767.0,455.0,783.0,465.0
data/frames/A/000570.jpg,A,0.2328,sam,1,1195.0,504.0,1213.0,515.0
data/frames/A/000570.jpg,A,0.2297,sam,1,72.0,986.0,114.0,1027.0
data/frames/A/000570.jpg,A,0.2113,sam,1,798.0,715.0,823.0,731.0
data/frames/A/000570.jpg,A,0.1936,sam,1,880.0,396.0,890.0,408.0
data/frames/A/000570.jpg,A,0.1903,sam,1,404.0,745.0,419.0,759.0
data/frames/A/000570.jpg,A,0.1892,sam,1,1297.0,503.0,1335.0,517.0
data/frames/A/000570.jpg,A,0.1889,sam,1,1617.0,449.0,1634.0,459.0
data/frames/A/000570.jpg,A,0.1869,sam,1,1382.0,474.0,1404.0,485.0
data/frames/A/000570.jpg,A,0.1773,sam,1,1622.0,416.0,1638.0,426.0
data/frames/A/000570.jpg,A,0.1758,sam,1,1690.0,385.0,1706.0,394.0
data/frames/A/000570.jpg,A,0.1729,sam,1,948.0,730.0,960.0,751.0
data/frames/A/000570.jpg,A,0.1696,sam,1,567.0,399.0,588.0,423.0
data/frames/A/000570.jpg,A,0.1657,sam,1,1282.0,502.0,1335.0,521.0
data/frames/A/000570.jpg,A,0.1617,sam,1,1299.0,503.0,1319.0,516.0
data/frames/A/000570.jpg,A,0.1590,sam,1,787.0,715.0,822.0,746.0
data/frames/A/000570.jpg,A,0.1565,sam,1,1882.0,392.0,1920.0,446.0
data/frames/A/000570.jpg,A,0.1528,sam,1,1317.0,505.0,1335.0,514.0
data/frames/A/000570.jpg,A,0.3973,merged,5,991.6,383.5,1103.5,442.0
data/frames/B/000000.jpg,B,0.4565,sam,1,1826.0,1543.0,1870.0,1583.0
data/frames/B/000000.jpg,B,0.3489,sam,1,1834.0,1367.0,1867.0,1398.0
data/frames/B/000000.jpg,B,0.2629,sam,1,623.0,1295.0,674.0,1320.0
data/frames/B/000000.jpg,B,0.2425,sam,1,509.0,1437.0,559.0,1469.0
data/frames/B/000000.jpg,B,0.2243,sam,1,3649.0,1299.0,3727.0,1327.0
data/frames/B/000000.jpg,B,0.2075,sam,1,1408.0,1291.0,1643.0,1411.0
data/frames/B/000000.jpg,B,0.2053,sam,1,1310.0,1238.0,1347.0,1265.0
data/frames/B/000000.jpg,B,0.2005,sam,1,0.0,787.0,391.0,862.0
data/frames/B/000000.jpg,B,0.1924,sam,1,1719.0,875.0,1774.0,901.0
data/frames/B/000000.jpg,B,0.1588,sam,1,1161.0,1359.0,1216.0,1407.0
data/frames/B/000000.jpg,B,0.1575,sam,1,3197.0,1092.0,3299.0,1143.0
data/frames/B/000000.jpg,B,0.1573,sam,1,3176.0,2093.0,3245.0,2149.0
data/frames/B/000000.jpg,B,0.1523,sam,1,369.0,1422.0,432.0,1448.0
data/frames/B/000000.jpg,B,0.1635,merged,2,1547.0,943.0,1670.0,1002.0
data/frames/B/000012.jpg,B,0.3805,sam,1,1825.0,1533.0,1866.0,1573.0
data/frames/B/000012.jpg,B,0.3479,sam,1,1835.0,1361.0,1866.0,1393.0
data/frames/B/000012.jpg,B,0.2791,sam,1,1718.0,875.0,1773.0,904.0
data/frames/B/000012.jpg,B,0.2526,sam,1,1400.0,1303.0,1637.0,1432.0
data/frames/B/000012.jpg,B,0.2319,sam,1,591.0,1306.0,656.0,1331.0
data/frames/B/000012.jpg,B,0.2204,sam,1,473.0,1456.0,522.0,1492.0
data/frames/B/000012.jpg,B,0.2057,sam,1,1138.0,1374.0,1197.0,1424.0
data/frames/B/000012.jpg,B,0.2026,sam,1,59.0,1411.0,251.0,1456.0
data/frames/B/000012.jpg,B,0.1866,sam,1,1543.0,948.0,1654.0,1000.0
data/frames/B/000012.jpg,B,0.1832,sam,1,1287.0,1246.0,1339.0,1276.0
data/frames/B/000012.jpg,B,0.1804,sam,1,0.0,787.0,373.0,862.0
data/frames/B/000012.jpg,B,0.1706,sam,1,3682.0,1311.0,3760.0,1338.0
data/frames/B/000012.jpg,B,0.1594,sam,1,497.0,1443.0,614.0,1487.0
data/frames/B/000024.jpg,B,0.4526,sam,1,1827.0,1525.0,1867.0,1565.0
data/frames/B/000024.jpg,B,0.3773,sam,1,1835.0,1358.0,1866.0,1389.0
data/frames/B/000024.jpg,B,0.2991,sam,1,563.0,1317.0,625.0,1342.0
data/frames/B/000024.jpg,B,0.2534,sam,1,1542.0,948.0,1649.0,998.0
data/frames/B/000024.jpg,B,0.2024,sam,1,431.0,1476.0,485.0,1513.0
data/frames/B/000024.jpg,B,0.2006,sam,1,1717.0,876.0,1770.0,906.0
data/frames/B/000024.jpg,B,0.1976,sam,1,1299.0,1100.0,1594.0,1205.0
data/frames/B/000024.jpg,B,0.1803,sam,1,3715.0,1320.0,3801.0,1350.0
data/frames/B/000024.jpg,B,0.1776,sam,1,286.0,1461.0,352.0,1487.0
data/frames/B/000024.jpg,B,0.1643,sam,1,1119.0,1391.0,1179.0,1443.0
data/frames/B/000024.jpg,B,0.1633,sam,1,1383.0,1318.0,1631.0,1450.0
data/frames/B/000024.jpg,B,0.1559,sam,1,0.0,787.0,360.0,865.0
data/frames/B/000036.jpg,B,0.5272,sam,1,1825.0,1513.0,1867.0,1556.0
data/frames/B/000036.jpg,B,0.4291,sam,1,1835.0,1353.0,1867.0,1386.0
data/frames/B/000036.jpg,B,0.2317,sam,1,534.0,1332.0,598.0,1357.0
data/frames/B/000036.jpg,B,0.2230,sam,1,0.0,788.0,345.0,864.0
data/frames/B/000036.jpg,B,0.2139,sam,1,1287.0,1106.0,1589.0,1215.0
data/frames/B/000036.jpg,B,0.2133,sam,1,391.0,1496.0,445.0,1535.0
data/frames/B/000036.jpg,B,0.1946,sam,1,1716.0,877.0,1768.0,907.0
data/frames/B/000036.jpg,B,0.1927,sam,1,1273.0,1262.0,1309.0,1295.0
data/frames/B/000036.jpg,B,0.1830,sam,1,2971.0,1271.0,3014.0,1305.0
data/frames/B/000048.jpg,B,0.4728,sam,1,1826.0,1506.0,1868.0,1546.0
data/frames/B/000048.jpg,B,0.3852,sam,1,1833.0,1349.0,1866.0,1380.0
data/frames/B/000048.jpg,B,0.2563,sam,1,503.0,1344.0,567.0,1371.0
data/frames/B/000048.jpg,B,0.2366,sam,1,1255.0,1280.0,1298.0,1306.0
data/frames/B/000048.jpg,B,0.1839,sam,1,2993.0,1282.0,3038.0,1317.0
data/frames/B/000048.jpg,B,0.1742,sam,1,1715.0,877.0,1766.0,907.0
data/frames/B/000048.jpg,B,0.1719,sam,1,1534.0,950.0,1648.0,1012.0
data/frames/B/000048.jpg,B,0.1587,sam,1,1363.0,1346.0,1619.0,1487.0
data/frames/B/000048.jpg,B,0.1540,sam,1,0.0,787.0,330.0,867.0
data/frames/B/000048.jpg,B,0.1502,sam,1,3052.0,1397.0,3376.0,1592.0
data/frames/B/000048.jpg,B,0.2962,merged,2,345.0,1504.0,501.0,1556.0
data/frames/B/000060.jpg,B,0.4545,sam,1,1825.0,1496.0,1867.0,1536.0
data/frames/B/000060.jpg,B,0.3922,sam,1,1833.0,1347.0,1867.0,1377.0
data/frames/B/000060.jpg,B,0.2184,sam,1,1248.0,1289.0,1281.0,1320.0
data/frames/B/000060.jpg,B,0.2112,sam,1,298.0,1540.0,357.0,1582.0
data/frames/B/000060.jpg,B,0.1999,sam,1,3084.0,1415.0,3424.0,1619.0
data/frames/B/000060.jpg,B,0.1872,sam,1,1714.0,879.0,1767.0,909.0
data/frames/B/000060.jpg,B,0.1821,sam,1,471.0,1359.0,535.0,1387.0
data/frames/B/000060.jpg,B,0.1715,sam,1,2389.0,1460.0,2551.0,1499.0
data/frames/B/000060.jpg,B,0.1636,sam,1,1532.0,950.0,1644.0,1015.0
data/frames/B/000060.jpg,B,0.1597,sam,1,3195.0,1087.0,3253.0,1131.0
data/frames/B/000060.jpg,B,0.1557,sam,1,1349.0,1362.0,1609.0,1496.0
data/frames/B/000060.jpg,B,0.1539,sam,1,0.0,787.0,320.0,865.0
data/frames/B/000072.jpg,B,0.4088,sam,1,1824.0,1488.0,1866.0,1528.0
data/frames/B/000072.jpg,B,0.3515,sam,1,1833.0,1341.0,1867.0,1373.0
data/frames/B/000072.jpg,B,0.2901,sam,1,248.0,1565.0,310.0,1607.0
data/frames/B/000072.jpg,B,0.2789,sam,1,0.0,1867.0,1089.0,2160.0
data/frames/B/000072.jpg,B,0.2138,sam,1,1337.0,1379.0,1603.0,1519.0
data/frames/B/000072.jpg,B,0.2034,sam,1,436.0,1372.0,502.0,1399.0
data/frames/B/000072.jpg,B,0.1906,sam,1,3229.0,1095.0,3289.0,1139.0
data/frames/B/000072.jpg,B,0.1722,sam,1,1031.0,1464.0,1099.0,1527.0
data/frames/B/000072.jpg,B,0.1615,sam,1,1713.0,881.0,1766.0,909.0
data/frames/B/000072.jpg,B,0.1549,sam,1,1640.0,1109.0,1711.0,1204.0
data/frames/B/000072.jpg,B,0.1513,sam,1,1531.0,952.0,1640.0,1015.0
data/frames/B/000084.jpg,B,0.4662,sam,1,1822.0,1481.0,1863.0,1518.0
data/frames/B/000084.jpg,B,0.3795,sam,1,1833.0,1337.0,1866.0,1368.0
data/frames/B/000084.jpg,B,0.2278,sam,1,193.0,1591.0,260.0,1636.0
data/frames/B/000084.jpg,B,0.2212,sam,1,1628.0,1116.0,1706.0,1243.0
data/frames/B/000084.jpg,B,0.2099,sam,1,399.0,1387.0,470.0,1416.0
data/frames/B/000084.jpg,B,0.1964,sam,1,1527.0,953.0,1637.0,1017.0
data/frames/B/000084.jpg,B,0.1856,sam,1,0.0,1937.0,1043.0,2158.0
data/frames/B/000084.jpg,B,0.1834,sam,1,1711.0,881.0,1765.0,909.0
data/frames/B/000084.jpg,B,0.1758,sam,1,3272.0,1101.0,3330.0,1150.0
data/frames/B/000084.jpg,B,0.1665,sam,1,1000.0,1484.0,1075.0,1550.0
data/frames/B/000084.jpg,B,0.1631,sam,1,3166.0,1453.0,3525.0,1673.0
data/frames/B/000084.jpg,B,0.1584,sam,1,1802.0,954.0,1826.0,975.0
data/frames/B/000084.jpg,B,0.1539,sam,1,1805.0,1006.0,1821.0,1016.0
data/frames/B/000084.jpg,B,0.2416,merged,2,1319.0,1396.0,1604.0,1540.0
data/frames/B/000096.jpg,B,0.4307,sam,1,1820.0,1473.0,1860.0,1512.0
data/frames/B/000096.jpg,B,0.4263,sam,1,1830.0,1334.0,1864.0,1365.0
data/frames/B/000096.jpg,B,0.4012,sam,1,136.0,1618.0,206.0,1658.0
data/frames/B/000096.jpg,B,0.2584,sam,1,361.0,1402.0,430.0,1434.0
data/frames/B/000096.jpg,B,0.2547,sam,1,1298.0,1414.0,1587.0,1564.0
data/frames/B/000096.jpg,B,0.2344,sam,1,1202.0,1329.0,1237.0,1360.0
data/frames/B/000096.jpg,B,0.1773,sam,1,1520.0,953.0,1633.0,1022.0
data/frames/B/000096.jpg,B,0.1772,sam,1,3196.0,1472.0,3580.0,1702.0
data/frames/B/000096.jpg,B,0.1754,sam,1,0.0,787.0,285.0,868.0
data/frames/B/000096.jpg,B,0.1659,sam,1,1801.0,1010.0,1819.0,1024.0
data/frames/B/000108.jpg,B,0.4358,sam,1,1818.0,1465.0,1858.0,1506.0
data/frames/B/000108.jpg,B,0.3831,sam,1,1830.0,1331.0,1863.0,1362.0
data/frames/B/000108.jpg,B,0.2842,sam,1,76.0,1650.0,148.0,1698.0
data/frames/B/000108.jpg,B,0.2681,sam,1,317.0,1421.0,391.0,1453.0
data/frames/B/000108.jpg,B,0.2267,sam,1,1518.0,956.0,1686.0,1027.0
data/frames/B/000108.jpg,B,0.2135,sam,1,1273.0,1435.0,1576.0,1590.0
data/frames/B/000108.jpg,B,0.2029,sam,1,1184.0,1341.0,1220.0,1375.0
data/frames/B/000108.jpg,B,0.1866,sam,1,1797.0,1016.0,1815.0,1030.0
data/frames/B/000108.jpg,B,0.1813,sam,1,1798.0,960.0,1821.0,979.0
data/frames/B/000108.jpg,B,0.1784,sam,1,3233.0,1496.0,3637.0,1735.0
data/frames/B/000108.jpg,B,0.1595,sam,1,1704.0,882.0,1754.0,910.0
data/frames/B/000108.jpg,B,0.1537,sam,1,1617.0,1126.0,1700.0,1270.0
data/frames/B/000108.jpg,B,0.1526,sam,1,1543.0,1125.0,1701.0,1238.0
data/frames/B/000120.jpg,B,0.4380,sam,1,1818.0,1458.0,1855.0,1496.0
data/frames/B/000120.jpg,B,0.3742,sam,1,1828.0,1327.0,1860.0,1360.0
data/frames/B/000120.jpg,B,0.3300,sam,1,276.0,1439.0,349.0,1471.0
data/frames/B/000120.jpg,B,0.2762,sam,1,3397.0,1143.0,3462.0,1185.0
data/frames/B/000120.jpg,B,0.2582,sam,1,1792.0,963.0,1818.0,982.0
data/frames/B/000120.jpg,B,0.2344,sam,1,11.0,1681.0,86.0,1722.0
data/frames/B/000120.jpg,B,0.2310,sam,1,1795.0,1021.0,1814.0,1037.0
data/frames/B/000120.jpg,B,0.2072,sam,1,1701.0,883.0,1753.0,911.0
data/frames/B/000120.jpg,B,0.1756,sam,1,1262.0,1455.0,1565.0,1617.0
data/frames/B/000120.jpg,B,0.1694,sam,1,0.0,788.0,260.0,858.0
data/frames/B/000120.jpg,B,0.1542,sam,1,3431.0,1163.0,3461.0,1187.0
data/frames/B/000120.jpg,B,0.2382,merged,2,1507.0,937.0,1773.0,1044.0
data/frames/B/000120.jpg,B,0.2195,merged,2,1134.0,1358.0,1225.0,1394.0
data/frames/B/000132.jpg,B,0.4576,sam,1,1817.0,1451.0,1858.0,1488.0
data/frames/B/000132.jpg,B,0.3857,sam,1,1827.0,1326.0,1858.0,1358.0
data/frames/B/000132.jpg,B,0.3139,sam,1,230.0,1458.0,305.0,1491.0
data/frames/B/000132.jpg,B,0.2603,sam,1,1507.0,962.0,1617.0,1030.0
data/frames/B/000132.jpg,B,0.2259,sam,1,1115.0,1371.0,1193.0,1408.0
data/frames/B/000132.jpg,B,0.1965,sam,1,1790.0,965.0,1819.0,985.0
data/frames/B/000132.jpg,B,0.1804,sam,1,0.0,788.0,249.0,854.0
data/frames/B/000132.jpg,B,0.1802,sam,1,3450.0,1147.0,3513.0,1204.0
data/frames/B/000132.jpg,B,0.1786,sam,1,1794.0,1026.0,1810.0,1045.0
data/frames/B/000132.jpg,B,0.1785,sam,1,1699.0,884.0,1752.0,912.0
data/frames/B/000132.jpg,B,0.1702,sam,1,1526.0,1132.0,1693.0,1213.0
data/frames/B/000132.jpg,B,0.1625,sam,1,1241.0,1476.0,1553.0,1644.0
data/frames/B/000132.jpg,B,0.1521,sam,1,2387.0,1127.0,2428.0,1159.0
data/frames/B/000144.jpg,B,0.4033,sam,1,1816.0,1447.0,1858.0,1483.0
data/frames/B/000144.jpg,B,0.3773,sam,1,1825.0,1325.0,1856.0,1356.0
data/frames/B/000144.jpg,B,0.3150,sam,1,863.0,1611.0,927.0,1696.0
data/frames/B/000144.jpg,B,0.3114,sam,1,183.0,1478.0,260.0,1512.0
data/frames/B/000144.jpg,B,0.2932,sam,1,1217.0,1500.0,1543.0,1677.0
data/frames/B/000144.jpg,B,0.2421,sam,1,1789.0,1030.0,1809.0,1053.0
data/frames/B/000144.jpg,B,0.2265,sam,1,1504.0,962.0,1692.0,1035.0
data/frames/B/000144.jpg,B,0.2053,sam,1,3495.0,1163.0,3565.0,1219.0
data/frames/B/000144.jpg,B,0.1911,sam,1,1247.0,1039.0,1292.0,1111.0
data/frames/B/000144.jpg,B,0.1895,sam,1,0.0,789.0,483.0,888.0
data/frames/B/000144.jpg,B,0.1605,sam,1,1695.0,886.0,1750.0,916.0
data/frames/B/000144.jpg,B,0.1592,sam,1,1786.0,969.0,1816.0,989.0
data/frames/B/000144.jpg,B,0.1583,sam,1,578.0,1459.0,644.0,1511.0
data/frames/B/000144.jpg,B,0.1559,sam,1,3814.0,1269.0,3840.0,1312.0
data/frames/B/000144.jpg,B,0.2312,merged,3,1092.0,1388.0,1202.0,1436.0
data/frames/B/000144.jpg,B,0.1804,merged,2,1517.0,1138.0,1689.0,1231.0
data/frames/B/000156.jpg,B,0.4165,sam,1,1814.0,1442.0,1859.0,1477.0
data/frames/B/000156.jpg,B,0.3407,sam,1,1824.0,1325.0,1855.0,1356.0
data/frames/B/000156.jpg,B,0.3284,sam,1,131.0,1499.0,213.0,1535.0
data/frames/B/000156.jpg,B,0.2967,sam,1,1071.0,1406.0,1147.0,1452.0
data/frames/B/000156.jpg,B,0.2726,sam,1,1788.0,1040.0,1806.0,1059.0
data/frames/B/000156.jpg,B,0.2640,sam,1,1194.0,1526.0,1546.0,1709.0
data/frames/B/000156.jpg,B,0.2182,sam,1,1497.0,959.0,1692.0,1041.0
data/frames/B/000156.jpg,B,0.1966,sam,1,3548.0,1181.0,3622.0,1230.0
data/frames/B/000156.jpg,B,0.1894,sam,1,1235.0,1044.0,1282.0,1117.0
data/frames/B/000156.jpg,B,0.1770,sam,1,800.0,1641.0,893.0,1726.0
data/frames/B/000156.jpg,B,0.1682,sam,1,1622.0,1152.0,1688.0,1238.0
data/frames/B/000156.jpg,B,0.1578,sam,1,3266.0,1398.0,3296.0,1440.0
data/frames/B/000156.jpg,B,0.1571,sam,1,1694.0,887.0,1748.0,918.0
data/frames/B/000156.jpg,B,0.1547,sam,1,1795.0,981.0,1815.0,997.0
data/frames/B/000156.jpg,B,0.1516,sam,1,1780.0,974.0,1814.0,996.0
data/frames/B/000168.jpg,B,0.3927,sam,1,1814.0,1434.0,1855.0,1473.0
data/frames/B/000168.jpg,B,0.3665,sam,1,1823.0,1326.0,1853.0,1356.0
data/frames/B/000168.jpg,B,0.3417,sam,1,1163.0,1552.0,1517.0,1748.0
data/frames/B/000168.jpg,B,0.2935,sam,1,754.0,1674.0,856.0,1761.0
data/frames/B/000168.jpg,B,0.2531,sam,1,3609.0,1184.0,3684.0,1244.0
data/frames/B/000168.jpg,B,0.2271,sam,1,1782.0,1048.0,1804.0,1064.0
data/frames/B/000168.jpg,B,0.2213,sam,1,1223.0,1048.0,1272.0,1123.0
data/frames/B/000168.jpg,B,0.2133,sam,1,77.0,1523.0,163.0,1560.0
data/frames/B/000168.jpg,B,0.1913,sam,1,3038.0,1413.0,3254.0,1508.0
data/frames/B/000168.jpg,B,0.1801,sam,1,0.0,1415.0,51.0,1528.0
data/frames/B/000168.jpg,B,0.1710,sam,1,1691.0,889.0,1746.0,919.0
data/frames/B/000168.jpg,B,0.1630,sam,1,2411.0,1145.0,2476.0,1180.0
data/frames/B/000168.jpg,B,0.1590,sam,1,1778.0,978.0,1802.0,992.0
data/frames/B/000168.jpg,B,0.1564,sam,1,1690.0,888.0,1746.0,982.0
data/frames/B/000168.jpg,B,0.2298,merged,2,1045.0,1423.0,1133.0,1462.0
data/frames/B/000168.jpg,B,0.2288,merged,2,1324.0,1156.0,1680.0,1242.0
data/frames/B/000180.jpg,B,0.3668,sam,1,1137.0,1581.0,1502.0,1782.0
data/frames/B/000180.jpg,B,0.3659,sam,1,1814.0,1429.0,1853.0,1467.0
data/frames/B/000180.jpg,B,0.3243,sam,1,1821.0,1326.0,1850.0,1356.0
data/frames/B/000180.jpg,B,0.2809,sam,1,716.0,1710.0,816.0,1800.0
data/frames/B/000180.jpg,B,0.2446,sam,1,23.0,1549.0,107.0,1586.0
data/frames/B/000180.jpg,B,0.2392,sam,1,3087.0,1432.0,3297.0,1528.0
data/frames/B/000180.jpg,B,0.1991,sam,1,386.0,1491.0,522.0,1575.0
data/frames/B/000180.jpg,B,0.1942,sam,1,1688.0,890.0,1741.0,919.0
data/frames/B/000180.jpg,B,0.1580,sam,1,0.0,792.0,451.0,894.0
data/frames/B/000180.jpg,B,0.1545,sam,1,3669.0,1199.0,3757.0,1261.0
data/frames/B/000180.jpg,B,0.3203,merged,2,1330.0,1162.0,1674.0,1244.0
data/frames/B/000180.jpg,B,0.2952,merged,3,1015.0,1443.0,1112.0,1493.0
data/frames/B/000192.jpg,B,0.4101,sam,1,1819.0,1327.0,1850.0,1357.0
data/frames/B/000192.jpg,B,0.4098,sam,1,1813.0,1427.0,1851.0,1461.0
data/frames/B/000192.jpg,B,0.2294,sam,1,1684.0,891.0,1737.0,920.0
data/frames/B/000192.jpg,B,0.2231,sam,1,670.0,1748.0,773.0,1842.0
data/frames/B/000192.jpg,B,0.2204,sam,1,1103.0,1610.0,1489.0,1824.0
data/frames/B/000192.jpg,B,0.2056,sam,1,1782.0,1060.0,1799.0,1076.0
data/frames/B/000192.jpg,B,0.1820,sam,1,2437.0,1230.0,2472.0,1253.0
data/frames/B/000192.jpg,B,0.1779,sam,1,0.0,791.0,439.0,895.0
data/frames/B/000192.jpg,B,0.1616,sam,1,668.0,1749.0,773.0,1843.0
data/frames/B/000192.jpg,B,0.1601,sam,1,2431.0,1166.0,2478.0,1193.0
data/frames/B/000192.jpg,B,0.2825,merged,2,1319.0,1169.0,1668.0,1254.0
data/frames/B/000192.jpg,B,0.2318,merged,3,989.0,1462.0,1106.0,1514.0
data/frames/B/000204.jpg,B,0.4389,sam,1,1811.0,1424.0,1849.0,1458.0
data/frames/B/000204.jpg,B,0.3477,sam,1,1818.0,1328.0,1850.0,1359.0
data/frames/B/000204.jpg,B,0.2588,sam,1,1679.0,893.0,1732.0,921.0
data/frames/B/000204.jpg,B,0.2357,sam,1,1777.0,1070.0,1797.0,1085.0
data/frames/B/000204.jpg,B,0.2315,sam,1,2437.0,1171.0,2486.0,1201.0
data/frames/B/000204.jpg,B,0.2256,sam,1,1005.0,1445.0,1033.0,1481.0
data/frames/B/000204.jpg,B,0.1938,sam,1,1073.0,1644.0,1473.0,1872.0
data/frames/B/000204.jpg,B,0.1830,sam,1,623.0,1791.0,728.0,1891.0
data/frames/B/000204.jpg,B,0.1710,sam,1,2425.0,1164.0,2486.0,1202.0
data/frames/B/000204.jpg,B,0.1600,sam,1,1786.0,1004.0,1803.0,1017.0
data/frames/B/000204.jpg,B,0.2481,merged,3,958.0,1485.0,1084.0,1537.0
data/frames/B/000204.jpg,B,0.2831,merged,3,1305.0,1177.0,1663.0,1259.0
data/frames/B/000216.jpg,B,0.4478,sam,1,1807.0,1423.0,1846.0,1456.0
data/frames/B/000216.jpg,B,0.3667,sam,1,1815.0,1328.0,1850.0,1359.0
data/frames/B/000216.jpg,B,0.2275,sam,1,1043.0,1680.0,1456.0,1919.0
data/frames/B/000216.jpg,B,0.2274,sam,1,2442.0,1184.0,2494.0,1209.0
data/frames/B/000216.jpg,B,0.2144,sam,1,1672.0,894.0,1735.0,925.0
data/frames/B/000216.jpg,B,0.2131,sam,1,974.0,1464.0,1005.0,1500.0
data/frames/B/000216.jpg,B,0.2124,sam,1,570.0,1836.0,679.0,1940.0
data/frames/B/000216.jpg,B,0.2006,sam,1,280.0,1609.0,389.0,1676.0
data/frames/B/000216.jpg,B,0.1986,sam,1,1178.0,1067.0,1227.0,1149.0
data/frames/B/000216.jpg,B,0.1949,sam,1,1772.0,1077.0,1791.0,1094.0
data/frames/B/000216.jpg,B,0.1919,sam,1,304.0,1609.0,369.0,1659.0
data/frames/B/000216.jpg,B,0.1787,sam,1,926.0,1462.0,1059.0,1557.0
data/frames/B/000216.jpg,B,0.1720,sam,1,1474.0,1185.0,1657.0,1250.0
data/frames/B/000216.jpg,B,0.1572,sam,1,1779.0,1008.0,1799.0,1023.0
data/frames/B/000216.jpg,B,0.1526,sam,1,1769.0,992.0,1783.0,1003.0
data/frames/B/000216.jpg,B,0.2012,merged,3,924.0,1508.0,1060.0,1567.0
data/frames/B/000228.jpg,B,0.4424,sam,1,1807.0,1422.0,1846.0,1457.0
data/frames/B/000228.jpg,B,0.3822,sam,1,1817.0,1330.0,1849.0,1360.0
data/frames/B/000228.jpg,B,0.3018,sam,1,951.0,1537.0,1003.0,1583.0
data/frames/B/000228.jpg,B,0.2811,sam,1,1466.0,1193.0,1654.0,1254.0
data/frames/B/000228.jpg,B,0.2715,sam,1,895.0,1545.0,934.0,1580.0
data/frames/B/000228.jpg,B,0.2655,sam,1,942.0,1485.0,980.0,1525.0
data/frames/B/000228.jpg,B,0.2573,sam,1,1769.0,1083.0,1791.0,1102.0
data/frames/B/000228.jpg,B,0.2336,sam,1,1670.0,895.0,1735.0,930.0
data/frames/B/000228.jpg,B,0.2312,sam,1,1007.0,1719.0,1441.0,1972.0
data/frames/B/000228.jpg,B,0.2293,sam,1,2467.0,1255.0,2506.0,1280.0
data/frames/B/000228.jpg,B,0.2256,sam,1,510.0,1885.0,629.0,1996.0
data/frames/B/000228.jpg,B,0.1979,sam,1,1163.0,1072.0,1217.0,1155.0
data/frames/B/000228.jpg,B,0.1614,sam,1,2444.0,1183.0,2499.0,1214.0
data/frames/B/000240.jpg,B,0.4596,sam,1,1806.0,1424.0,1845.0,1457.0
data/frames/B/000240.jpg,B,0.3726,sam,1,1817.0,1333.0,1850.0,1360.0
data/frames/B/000240.jpg,B,0.2840,sam,1,1468.0,1202.0,1651.0,1244.0
data/frames/B/000240.jpg,B,0.2738,sam,1,2479.0,1267.0,2525.0,1291.0
data/frames/B/000240.jpg,B,0.2520,sam,1,1773.0,1094.0,1792.0,1113.0
data/frames/B/000240.jpg,B,0.2301,sam,1,452.0,1942.0,576.0,2057.0
data/frames/B/000240.jpg,B,0.2277,sam,1,2444.0,1186.0,2514.0,1222.0
data/frames/B/000240.jpg,B,0.2275,sam,1,912.0,1510.0,950.0,1555.0
data/frames/B/000240.jpg,B,0.2034,sam,1,1779.0,1021.0,1798.0,1036.0
data/frames/B/000240.jpg,B,0.2022,sam,1,966.0,1763.0,1427.0,2033.0
data/frames/B/000240.jpg,B,0.2006,sam,1,478.0,1084.0,523.0,1124.0
data/frames/B/000240.jpg,B,0.1904,sam,1,3525.0,1519.0,3582.0,1579.0
data/frames/B/000240.jpg,B,0.1899,sam,1,1667.0,898.0,1732.0,930.0
data/frames/B/000240.jpg,B,0.1784,sam,1,3660.0,1568.0,3776.0,1642.0
data/frames/B/000240.jpg,B,0.1705,sam,1,1666.0,899.0,1736.0,964.0
data/frames/B/000240.jpg,B,0.1562,sam,1,0.0,809.0,393.0,904.0
data/frames/B/000240.jpg,B,0.2857,merged,4,863.0,1554.0,996.0,1609.0
data/frames/B/000252.jpg,B,0.4727,sam,1,1806.0,1424.0,1843.0,1457.0
data/frames/B/000252.jpg,B,0.3716,sam,1,1816.0,1333.0,1850.0,1363.0
data/frames/B/000252.jpg,B,0.2824,sam,1,1767.0,1103.0,1788.0,1124.0
data/frames/B/000252.jpg,B,0.2787,sam,1,1662.0,899.0,1728.0,934.0
data/frames/B/000252.jpg,B,0.2588,sam,1,391.0,1998.0,517.0,2123.0
data/frames/B/000252.jpg,B,0.2092,sam,1,1144.0,1084.0,1197.0,1171.0
data/frames/B/000252.jpg,B,0.2077,sam,1,877.0,1535.0,931.0,1571.0
data/frames/B/000252.jpg,B,0.2042,sam,1,829.0,1535.0,965.0,1645.0
data/frames/B/000252.jpg,B,0.2011,sam,1,2492.0,1274.0,2532.0,1300.0
data/frames/B/000252.jpg,B,0.1770,sam,1,1777.0,1029.0,1795.0,1044.0
data/frames/B/000252.jpg,B,0.1768,sam,1,2472.0,1202.0,2526.0,1232.0
data/frames/B/000252.jpg,B,0.1650,sam,1,1449.0,982.0,1667.0,1063.0
data/frames/B/000252.jpg,B,0.1573,sam,1,2887.0,1210.0,2944.0,1239.0
data/frames/B/000252.jpg,B,0.1548,sam,1,918.0,1809.0,1411.0,2097.0
data/frames/B/000252.jpg,B,0.2717,merged,3,828.0,1591.0,965.0,1647.0
data/frames/B/000264.jpg,B,0.4562,sam,1,1806.0,1423.0,1844.0,1458.0
data/frames/B/000264.jpg,B,0.3793,sam,1,1816.0,1333.0,1850.0,1363.0
data/frames/B/000264.jpg,B,0.2810,sam,1,1765.0,1114.0,1788.0,1134.0
data/frames/B/000264.jpg,B,0.2399,sam,1,850.0,1562.0,903.0,1595.0
data/frames/B/000264.jpg,B,0.2231,sam,1,1660.0,901.0,1725.0,934.0
data/frames/B/000264.jpg,B,0.2026,sam,1,1776.0,1039.0,1795.0,1051.0
data/frames/B/000264.jpg,B,0.2020,sam,1,793.0,1562.0,934.0,1678.0
data/frames/B/000264.jpg,B,0.1950,sam,1,879.0,1861.0,1392.0,2160.0
data/frames/B/000264.jpg,B,0.1782,sam,1,151.0,830.0,371.0,907.0
data/frames/B/000264.jpg,B,0.1771,sam,1,2504.0,1284.0,2543.0,1312.0
data/frames/B/000264.jpg,B,0.1656,sam,1,2483.0,1208.0,2536.0,1241.0
data/frames/B/000264.jpg,B,0.1727,merged,2,794.0,1623.0,933.0,1678.0
data/frames/B/000276.jpg,B,0.4619,sam,1,1808.0,1424.0,1845.0,1458.0
data/frames/B/000276.jpg,B,0.4060,sam,1,1817.0,1334.0,1850.0,1365.0
data/frames/B/000276.jpg,B,0.2981,sam,1,1760.0,1126.0,1788.0,1147.0
data/frames/B/000276.jpg,B,0.2481,sam,1,815.0,1590.0,867.0,1621.0
data/frames/B/000276.jpg,B,0.2299,sam,1,823.0,1915.0,1373.0,2160.0
data/frames/B/000276.jpg,B,0.2155,sam,1,2481.0,1209.0,2549.0,1248.0
data/frames/B/000276.jpg,B,0.2063,sam,1,2495.0,1215.0,2548.0,1248.0
data/frames/B/000276.jpg,B,0.1979,sam,1,1659.0,904.0,1722.0,936.0
data/frames/B/000276.jpg,B,0.1886,sam,1,1774.0,1048.0,1793.0,1061.0
data/frames/B/000276.jpg,B,0.2919,merged,3,753.0,1654.0,899.0,1709.0
data/frames/B/000288.jpg,B,0.4628,sam,1,1809.0,1424.0,1848.0,1458.0
data/frames/B/000288.jpg,B,0.4019,sam,1,1816.0,1336.0,1849.0,1366.0
data/frames/B/000288.jpg,B,0.3305,sam,1,1757.0,1136.0,1787.0,1158.0
data/frames/B/000288.jpg,B,0.2582,sam,1,2535.0,1307.0,2579.0,1334.0
data/frames/B/000288.jpg,B,0.2354,sam,1,787.0,1620.0,828.0,1651.0
data/frames/B/000288.jpg,B,0.2238,sam,1,1658.0,906.0,1721.0,938.0
data/frames/B/000288.jpg,B,0.2080,sam,1,1771.0,1055.0,1791.0,1069.0
data/frames/B/000288.jpg,B,0.2058,sam,1,714.0,1699.0,770.0,1743.0
data/frames/B/000288.jpg,B,0.2023,sam,1,787.0,1689.0,853.0,1739.0
data/frames/B/000288.jpg,B,0.1883,sam,1,786.0,1975.0,1352.0,2160.0
data/frames/B/000288.jpg,B,0.1685,sam,1,1269.0,1006.0,1372.0,1073.0
data/frames/B/000288.jpg,B,0.1644,sam,1,1657.0,906.0,1726.0,992.0
data/frames/B/000288.jpg,B,0.1597,sam,1,3309.0,1391.0,3340.0,1419.0
data/frames/B/000288.jpg,B,0.1536,sam,1,0.0,829.0,351.0,912.0
data/frames/B/000288.jpg,B,0.1510,sam,1,776.0,1337.0,1400.0,1746.0
data/frames/B/000288.jpg,B,0.2583,merged,3,2481.0,1216.0,2566.0,1257.0
data/frames/B/000300.jpg,B,0.4646,sam,1,1809.0,1425.0,1849.0,1459.0
data/frames/B/000300.jpg,B,0.4064,sam,1,1816.0,1336.0,1849.0,1367.0
data/frames/B/000300.jpg,B,0.3381,sam,1,1755.0,1149.0,1786.0,1171.0
data/frames/B/000300.jpg,B,0.2661,sam,1,766.0,2043.0,1329.0,2160.0
data/frames/B/000300.jpg,B,0.2441,sam,1,1773.0,1066.0,1791.0,1081.0
data/frames/B/000300.jpg,B,0.2280,sam,1,1260.0,1009.0,1364.0,1073.0
data/frames/B/000300.jpg,B,0.1844,sam,1,1657.0,908.0,1723.0,939.0
data/frames/B/000300.jpg,B,0.1580,sam,1,3346.0,1413.0,3376.0,1437.0
data/frames/B/000300.jpg,B,0.1536,sam,1,1754.0,1023.0,1776.0,1039.0
data/frames/B/000300.jpg,B,0.1524,sam,1,743.0,1649.0,791.0,1696.0
data/frames/B/000300.jpg,B,0.3363,merged,2,671.0,1725.0,776.0,1782.0
data/frames/B/000300.jpg,B,0.3124,merged,2,747.0,1649.0,820.0,1787.0
data/frames/B/000312.jpg,B,0.4354,sam,1,1811.0,1428.0,1850.0,1461.0
data/frames/B/000312.jpg,B,0.3865,sam,1,1816.0,1339.0,1848.0,1368.0
data/frames/B/000312.jpg,B,0.3189,sam,1,1757.0,1165.0,1785.0,1186.0
data/frames/B/000312.jpg,B,0.2612,sam,1,1656.0,909.0,1721.0,942.0
data/frames/B/000312.jpg,B,0.2209,sam,1,1770.0,1074.0,1790.0,1093.0
data/frames/B/000312.jpg,B,0.2055,sam,1,2564.0,1331.0,2609.0,1359.0
data/frames/B/000312.jpg,B,0.1755,sam,1,1301.0,1045.0,1357.0,1080.0
data/frames/B/000312.jpg,B,0.2477,merged,2,2515.0,1239.0,2592.0,1276.0
data/frames/B/000312.jpg,B,0.1821,merged,3,626.0,1760.0,780.0,1833.0
data/frames/B/000324.jpg,B,0.4114,sam,1,1813.0,1428.0,1851.0,1461.0
data/frames/B/000324.jpg,B,0.3945,sam,1,1817.0,1340.0,1849.0,1369.0
data/frames/B/000324.jpg,B,0.2943,sam,1,1754.0,1179.0,1783.0,1199.0
data/frames/B/000324.jpg,B,0.2926,sam,1,1655.0,909.0,1719.0,943.0
data/frames/B/000324.jpg,B,0.2235,sam,1,2584.0,1343.0,2628.0,1370.0
data/frames/B/000324.jpg,B,0.2234,sam,1,601.0,1389.0,641.0,1492.0
data/frames/B/000324.jpg,B,0.2024,sam,1,1436.0,1799.0,1461.0,1831.0
data/frames/B/000324.jpg,B,0.1935,sam,1,1767.0,1084.0,1790.0,1101.0
data/frames/B/000324.jpg,B,0.1699,sam,1,1338.0,1009.0,1377.0,1034.0
data/frames/B/000324.jpg,B,0.1608,sam,1,1423.0,1001.0,1660.0,1095.0
data/frames/B/000324.jpg,B,0.2259,merged,3,575.0,1807.0,731.0,1879.0
data/frames/B/000324.jpg,B,0.1664,merged,2,2529.0,1249.0,2604.0,1287.0
data/frames/B/000336.jpg,B,0.3510,sam,1,1815.0,1342.0,1847.0,1371.0
data/frames/B/000336.jpg,B,0.3429,sam,1,1815.0,1429.0,1853.0,1460.0
data/frames/B/000336.jpg,B,0.3264,sam,1,1751.0,1193.0,1783.0,1216.0
data/frames/B/000336.jpg,B,0.3108,sam,1,528.0,1867.0,589.0,1921.0
data/frames/B/000336.jpg,B,0.2675,sam,1,606.0,1862.0,674.0,1916.0
data/frames/B/000336.jpg,B,0.2298,sam,1,1766.0,1096.0,1791.0,1112.0
data/frames/B/000336.jpg,B,0.2027,sam,1,1416.0,1002.0,1732.0,1111.0
data/frames/B/000336.jpg,B,0.1926,sam,1,2602.0,1356.0,2646.0,1384.0
data/frames/B/000336.jpg,B,0.1877,sam,1,1652.0,910.0,1720.0,947.0
data/frames/B/000336.jpg,B,0.1817,sam,1,519.0,1865.0,590.0,1920.0
data/frames/B/000336.jpg,B,0.1759,sam,1,1335.0,1011.0,1371.0,1038.0
data/frames/B/000336.jpg,B,0.1743,sam,1,3471.0,1466.0,3503.0,1493.0
data/frames/B/000336.jpg,B,0.1622,sam,1,3552.0,1445.0,3603.0,1475.0
data/frames/B/000336.jpg,B,0.1594,sam,1,1749.0,1037.0,1770.0,1053.0
data/frames/B/000336.jpg,B,0.1591,sam,1,1043.0,773.0,1069.0,850.0
data/frames/B/000336.jpg,B,0.1953,merged,2,2548.0,1261.0,2621.0,1297.0
data/frames/B/000348.jpg,B,0.3270,sam,1,1813.0,1342.0,1845.0,1371.0
data/frames/B/000348.jpg,B,0.3157,sam,1,1815.0,1429.0,1854.0,1462.0
data/frames/B/000348.jpg,B,0.3157,sam,1,465.0,1920.0,534.0,1980.0
data/frames/B/000348.jpg,B,0.2916,sam,1,548.0,1917.0,618.0,1976.0
data/frames/B/000348.jpg,B,0.2840,sam,1,1748.0,1211.0,1779.0,1234.0
data/frames/B/000348.jpg,B,0.2618,sam,1,1763.0,1107.0,1788.0,1126.0
data/frames/B/000348.jpg,B,0.2263,sam,1,2549.0,1260.0,2633.0,1305.0
data/frames/B/000348.jpg,B,0.1884,sam,1,1368.0,1299.0,1616.0,1435.0
data/frames/B/000348.jpg,B,0.1670,sam,1,465.0,1896.0,578.0,1980.0
data/frames/B/000348.jpg,B,0.1652,sam,1,2624.0,1371.0,2666.0,1399.0
data/frames/B/000348.jpg,B,0.1593,sam,1,907.0,896.0,936.0,933.0
data/frames/B/000348.jpg,B,0.1540,sam,1,1651.0,911.0,1717.0,948.0
data/frames/B/000348.jpg,B,0.1504,sam,1,1748.0,1040.0,1765.0,1057.0
data/frames/B/000348.jpg,B,0.2328,merged,2,3491.0,1463.0,3651.0,1511.0
data/frames/B/000360.jpg,B,0.3514,sam,1,1817.0,1430.0,1855.0,1462.0
data/frames/B/000360.jpg,B,0.3448,sam,1,1811.0,1343.0,1841.0,1372.0
data/frames/B/000360.jpg,B,0.3300,sam,1,1760.0,1119.0,1787.0,1142.0
data/frames/B/000360.jpg,B,0.3222,sam,1,404.0,1973.0,478.0,2045.0
data/frames/B/000360.jpg,B,0.2883,sam,1,1744.0,1229.0,1778.0,1253.0
data/frames/B/000360.jpg,B,0.2791,sam,1,493.0,1966.0,567.0,2039.0
data/frames/B/000360.jpg,B,0.2449,sam,1,2643.0,1380.0,2686.0,1411.0
data/frames/B/000360.jpg,B,0.2179,sam,1,1647.0,912.0,1714.0,952.0
data/frames/B/000360.jpg,B,0.1794,sam,1,2587.0,1280.0,2650.0,1315.0
data/frames/B/000360.jpg,B,0.1788,sam,1,1735.0,1044.0,1756.0,1064.0
data/frames/B/000360.jpg,B,0.1675,sam,1,1847.0,1000.0,1881.0,1018.0
data/frames/B/000372.jpg,B,0.3334,sam,1,1821.0,1429.0,1862.0,1462.0
data/frames/B/000372.jpg,B,0.3277,sam,1,1809.0,1342.0,1841.0,1372.0
data/frames/B/000372.jpg,B,0.3243,sam,1,1762.0,1133.0,1787.0,1156.0
data/frames/B/000372.jpg,B,0.2623,sam,1,1742.0,1246.0,1776.0,1273.0
data/frames/B/000372.jpg,B,0.2533,sam,1,335.0,2043.0,419.0,2114.0
data/frames/B/000372.jpg,B,0.1960,sam,1,2660.0,1394.0,2708.0,1424.0
data/frames/B/000372.jpg,B,0.1844,sam,1,1642.0,915.0,1710.0,949.0
data/frames/B/000372.jpg,B,0.1678,sam,1,241.0,1456.0,498.0,1628.0
data/frames/B/000372.jpg,B,0.1613,sam,1,1352.0,1323.0,1609.0,1471.0
data/frames/B/000384.jpg,B,0.3624,sam,1,1764.0,1149.0,1786.0,1173.0
data/frames/B/000384.jpg,B,0.3546,sam,1,1826.0,1428.0,1866.0,1462.0
data/frames/B/000384.jpg,B,0.3320,sam,1,1808.0,1342.0,1841.0,1373.0
data/frames/B/000384.jpg,B,0.2998,sam,1,1744.0,1271.0,1778.0,1298.0
data/frames/B/000384.jpg,B,0.2658,sam,1,1641.0,915.0,1710.0,953.0
data/frames/B/000384.jpg,B,0.2135,sam,1,2623.0,1298.0,2690.0,1335.0
data/frames/B/000384.jpg,B,0.2073,sam,1,1829.0,1143.0,1842.0,1165.0
data/frames/B/000384.jpg,B,0.2002,sam,1,1723.0,1149.0,1787.0,1171.0
data/frames/B/000384.jpg,B,0.1950,sam,1,1640.0,915.0,1709.0,1015.0
data/frames/B/000384.jpg,B,0.1804,sam,1,2690.0,1407.0,2735.0,1438.0
data/frames/B/000384.jpg,B,0.1654,sam,1,3339.0,1516.0,3458.0,1573.0
data/frames/B/000384.jpg,B,0.1551,sam,1,3760.0,1509.0,3815.0,1543.0
data/frames/B/000384.jpg,B,0.1545,sam,1,1339.0,1340.0,1609.0,1488.0
data/frames/B/000384.jpg,B,0.1530,sam,1,1832.0,1009.0,1855.0,1023.0
data/frames/B/000396.jpg,B,0.3946,sam,1,1833.0,1427.0,1875.0,1464.0
data/frames/B/000396.jpg,B,0.3666,sam,1,1808.0,1344.0,1840.0,1375.0
data/frames/B/000396.jpg,B,0.3269,sam,1,1762.0,1164.0,1788.0,1187.0
data/frames/B/000396.jpg,B,0.2836,sam,1,1640.0,918.0,1708.0,958.0
data/frames/B/000396.jpg,B,0.2725,sam,1,1747.0,1296.0,1780.0,1324.0
data/frames/B/000396.jpg,B,0.2193,sam,1,2718.0,1422.0,2767.0,1456.0
data/frames/B/000396.jpg,B,0.1854,sam,1,1639.0,918.0,1708.0,1013.0
data/frames/B/000396.jpg,B,0.1814,sam,1,598.0,1956.0,1263.0,2158.0
data/frames/B/000396.jpg,B,0.1801,sam,1,240.0,1760.0,749.0,1989.0
data/frames/B/000396.jpg,B,0.1617,sam,1,1834.0,1152.0,1848.0,1171.0
data/frames/B/000396.jpg,B,0.1604,sam,1,1332.0,1355.0,1610.0,1510.0
data/frames/B/000396.jpg,B,0.1523,sam,1,1388.0,1012.0,1541.0,1119.0
data/frames/B/000396.jpg,B,0.1788,merged,2,2627.0,1302.0,2712.0,1346.0
data/frames/B/000396.jpg,B,0.1763,merged,2,3396.0,1540.0,3516.0,1606.0
data/frames/B/000408.jpg,B,0.3672,sam,1,1843.0,1428.0,1882.0,1464.0
data/frames/B/000408.jpg,B,0.3123,sam,1,1811.0,1347.0,1843.0,1377.0
data/frames/B/000408.jpg,B,0.2638,sam,1,1763.0,1184.0,1791.0,1206.0
data/frames/B/000408.jpg,B,0.2379,sam,1,1749.0,1324.0,1786.0,1353.0
data/frames/B/000408.jpg,B,0.1948,sam,1,1330.0,1374.0,1614.0,1537.0
data/frames/B/000408.jpg,B,0.1938,sam,1,166.0,1810.0,714.0,2055.0
data/frames/B/000408.jpg,B,0.1812,sam,1,2748.0,1440.0,2794.0,1474.0
data/frames/B/000408.jpg,B,0.1817,merged,2,1639.0,921.0,1739.0,1106.0
data/frames/B/000420.jpg,B,0.3546,sam,1,1850.0,1429.0,1889.0,1465.0
data/frames/B/000420.jpg,B,0.3199,sam,1,1765.0,1207.0,1795.0,1230.0
data/frames/B/000420.jpg,B,0.3114,sam,1,1813.0,1351.0,1846.0,1379.0
data/frames/B/000420.jpg,B,0.2485,sam,1,1754.0,1352.0,1791.0,1384.0
data/frames/B/000420.jpg,B,0.2233,sam,1,1322.0,1392.0,1617.0,1562.0
data/frames/B/000420.jpg,B,0.2194,sam,1,1640.0,924.0,1708.0,960.0
data/frames/B/000420.jpg,B,0.1968,sam,1,2783.0,1460.0,2830.0,1491.0
data/frames/B/000420.jpg,B,0.1944,sam,1,845.0,915.0,881.0,953.0
data/frames/B/000420.jpg,B,0.1698,sam,1,1639.0,924.0,1709.0,1019.0
data/frames/B/000420.jpg,B,0.1624,sam,1,945.0,1545.0,1032.0,1574.0
data/frames/B/000432.jpg,B,0.3495,sam,1,1859.0,1425.0,1899.0,1462.0
data/frames/B/000432.jpg,B,0.3041,sam,1,1770.0,1228.0,1802.0,1253.0
data/frames/B/000432.jpg,B,0.2930,sam,1,1818.0,1352.0,1851.0,1382.0
data/frames/B/000432.jpg,B,0.2560,sam,1,2818.0,1480.0,2867.0,1513.0
data/frames/B/000432.jpg,B,0.2459,sam,1,1759.0,1385.0,1800.0,1420.0
data/frames/B/000432.jpg,B,0.2325,sam,1,1641.0,927.0,1713.0,966.0
data/frames/B/000432.jpg,B,0.2255,sam,1,1318.0,1409.0,1619.0,1588.0
data/frames/B/000432.jpg,B,0.2138,sam,1,934.0,1567.0,1012.0,1603.0
data/frames/B/000432.jpg,B,0.2068,sam,1,2725.0,1348.0,2793.0,1389.0
data/frames/B/000432.jpg,B,0.1919,sam,1,845.0,915.0,876.0,956.0
data/frames/B/000432.jpg,B,0.1889,sam,1,1640.0,927.0,1719.0,1023.0
data/frames/B/000432.jpg,B,0.1648,sam,1,1277.0,1085.0,1310.0,1165.0
data/frames/B/000432.jpg,B,0.1604,sam,1,1911.0,1225.0,1936.0,1251.0
data/frames/B/000444.jpg,B,0.3073,sam,1,1823.0,1356.0,1858.0,1384.0
data/frames/B/000444.jpg,B,0.3035,sam,1,835.0,914.0,870.0,964.0
data/frames/B/000444.jpg,B,0.2907,sam,1,1645.0,927.0,1720.0,969.0
data/frames/B/000444.jpg,B,0.2881,sam,1,1778.0,1253.0,1806.0,1277.0
data/frames/B/000444.jpg,B,0.2785,sam,1,1768.0,1422.0,1805.0,1458.0
data/frames/B/000444.jpg,B,0.2780,sam,1,1867.0,1423.0,1909.0,1461.0
data/frames/B/000444.jpg,B,0.2551,sam,1,1310.0,1431.0,1621.0,1614.0
data/frames/B/000444.jpg,B,0.2397,sam,1,1000.0,781.0,1026.0,857.0
data/frames/B/000444.jpg,B,0.2296,sam,1,917.0,1593.0,994.0,1635.0
data/frames/B/000444.jpg,B,0.1918,sam,1,2754.0,1366.0,2822.0,1401.0
data/frames/B/000444.jpg,B,0.1609,sam,1,597.0,1939.0,658.0,1994.0
data/frames/B/000444.jpg,B,0.1507,sam,1,2853.0,1504.0,2906.0,1539.0
data/frames/B/000456.jpg,B,0.3436,sam,1,1826.0,1360.0,1862.0,1388.0
data/frames/B/000456.jpg,B,0.3143,sam,1,1873.0,1422.0,1913.0,1461.0
data/frames/B/000456.jpg,B,0.3104,sam,1,1648.0,930.0,1721.0,972.0
data/frames/B/000456.jpg,B,0.2640,sam,1,1779.0,1281.0,1812.0,1306.0
data/frames/B/000456.jpg,B,0.2393,sam,1,1766.0,1462.0,1811.0,1502.0
data/frames/B/000456.jpg,B,0.2285,sam,1,1011.0,1369.0,1066.0,1415.0
data/frames/B/000456.jpg,B,0.2187,sam,1,2780.0,1384.0,2850.0,1424.0
data/frames/B/000456.jpg,B,0.2127,sam,1,1301.0,1445.0,1622.0,1641.0
data/frames/B/000456.jpg,B,0.1847,sam,1,2889.0,1530.0,2937.0,1563.0
data/frames/B/000456.jpg,B,0.1750,sam,1,865.0,1483.0,912.0,1518.0
data/frames/B/000456.jpg,B,0.1674,sam,1,1645.0,930.0,1726.0,1015.0
data/frames/B/000456.jpg,B,0.1618,sam,1,1424.0,1474.0,1477.0,1501.0
data/frames/B/000456.jpg,B,0.1539,sam,1,937.0,1518.0,986.0,1548.0
data/frames/B/000456.jpg,B,0.1530,sam,1,1233.0,1097.0,1301.0,1130.0
data/frames/B/000468.jpg,B,0.3446,sam,1,1648.0,932.0,1725.0,973.0
data/frames/B/000468.jpg,B,0.3062,sam,1,1826.0,1359.0,1864.0,1391.0
data/frames/B/000468.jpg,B,0.3007,sam,1,1876.0,1420.0,1915.0,1459.0
data/frames/B/000468.jpg,B,0.2736,sam,1,861.0,1646.0,933.0,1701.0
data/frames/B/000468.jpg,B,0.2522,sam,1,1765.0,1508.0,1814.0,1549.0
data/frames/B/000468.jpg,B,0.2451,sam,1,2924.0,1556.0,2975.0,1590.0
data/frames/B/000468.jpg,B,0.2333,sam,1,1782.0,1311.0,1815.0,1340.0
data/frames/B/000468.jpg,B,0.2100,sam,1,834.0,1502.0,888.0,1554.0
data/frames/B/000468.jpg,B,0.2011,sam,1,1288.0,1466.0,1619.0,1672.0
data/frames/B/000468.jpg,B,0.1879,sam,1,1647.0,932.0,1732.0,1040.0
data/frames/B/000468.jpg,B,0.1689,sam,1,1284.0,1055.0,1332.0,1080.0
data/frames/B/000468.jpg,B,0.1674,sam,1,3724.0,1752.0,3784.0,1790.0
data/frames/B/000468.jpg,B,0.1641,sam,1,2788.0,1401.0,2872.0,1437.0
data/frames/B/000468.jpg,B,0.1637,sam,1,473.0,2056.0,552.0,2134.0
data/frames/B/000468.jpg,B,0.1561,sam,1,1983.0,1308.0,2010.0,1349.0
data/frames/B/000468.jpg,B,0.1550,sam,1,1868.0,1203.0,1884.0,1221.0
data/frames/B/000468.jpg,B,0.1538,sam,1,1197.0,1605.0,1286.0,1636.0
data/frames/B/000468.jpg,B,0.1515,sam,1,1244.0,1748.0,1311.0,1813.0
data/frames/B/000480.jpg,B,0.3290,sam,1,1875.0,1419.0,1916.0,1456.0
data/frames/B/000480.jpg,B,0.3124,sam,1,1829.0,1363.0,1864.0,1395.0
data/frames/B/000480.jpg,B,0.3112,sam,1,1766.0,1561.0,1812.0,1603.0
data/frames/B/000480.jpg,B,0.2620,sam,1,2813.0,1420.0,2902.0,1461.0
data/frames/B/000480.jpg,B,0.2546,sam,1,997.0,780.0,1022.0,852.0
data/frames/B/000480.jpg,B,0.2495,sam,1,1781.0,1346.0,1815.0,1377.0
data/frames/B/000480.jpg,B,0.2232,sam,1,2957.0,1583.0,3009.0,1618.0
data/frames/B/000480.jpg,B,0.2188,sam,1,1282.0,1055.0,1328.0,1081.0
data/frames/B/000480.jpg,B,0.2186,sam,1,1268.0,1486.0,1613.0,1704.0
data/frames/B/000480.jpg,B,0.2142,sam,1,812.0,1673.0,911.0,1736.0
data/frames/B/000480.jpg,B,0.2074,sam,1,1175.0,1631.0,1269.0,1672.0
data/frames/B/000480.jpg,B,0.1627,sam,1,859.0,2087.0,935.0,2136.0
data/frames/B/000480.jpg,B,0.1578,sam,1,1385.0,941.0,1748.0,1203.0
data/frames/B/000480.jpg,B,0.1503,sam,1,1220.0,1801.0,1287.0,1858.0
data/frames/B/000480.jpg,B,0.2494,merged,4,1641.0,933.0,1758.0,1220.0
data/frames/B/000492.jpg,B,0.3765,sam,1,771.0,1705.0,873.0,1775.0
data/frames/B/000492.jpg,B,0.3436,sam,1,1876.0,1416.0,1915.0,1454.0
data/frames/B/000492.jpg,B,0.3267,sam,1,1760.0,1615.0,1812.0,1662.0
data/frames/B/000492.jpg,B,0.2894,sam,1,1829.0,1369.0,1864.0,1398.0
data/frames/B/000492.jpg,B,0.2564,sam,1,1777.0,1385.0,1814.0,1419.0
data/frames/B/000492.jpg,B,0.2548,sam,1,994.0,780.0,1019.0,849.0
data/frames/B/000492.jpg,B,0.2502,sam,1,1276.0,1056.0,1323.0,1085.0
data/frames/B/000492.jpg,B,0.2330,sam,1,2991.0,1611.0,3046.0,1644.0
data/frames/B/000492.jpg,B,0.2003,sam,1,1152.0,1659.0,1280.0,1710.0
data/frames/B/000492.jpg,B,0.1979,sam,1,2827.0,1435.0,2932.0,1484.0
data/frames/B/000492.jpg,B,0.1910,sam,1,1247.0,1506.0,1606.0,1738.0
data/frames/B/000492.jpg,B,0.1798,sam,1,853.0,1583.0,907.0,1615.0
data/frames/B/000492.jpg,B,0.1796,sam,1,806.0,909.0,844.0,969.0
data/frames/B/000492.jpg,B,0.1554,sam,1,1507.0,1787.0,1551.0,1826.0
data/frames/B/000492.jpg,B,0.2178,merged,2,1642.0,933.0,1757.0,1189.0
data/frames/B/000504.jpg,B,0.3099,sam,1,1874.0,1413.0,1913.0,1452.0
data/frames/B/000504.jpg,B,0.2958,sam,1,1750.0,1681.0,1807.0,1730.0
data/frames/B/000504.jpg,B,0.2810,sam,1,726.0,1739.0,828.0,1815.0
data/frames/B/000504.jpg,B,0.2782,sam,1,1826.0,1371.0,1863.0,1403.0
data/frames/B/000504.jpg,B,0.2631,sam,1,1127.0,1687.0,1220.0,1738.0
data/frames/B/000504.jpg,B,0.2428,sam,1,3027.0,1639.0,3083.0,1674.0
data/frames/B/000504.jpg,B,0.2331,sam,1,1126.0,1648.0,1234.0,1737.0
data/frames/B/000504.jpg,B,0.2159,sam,1,1269.0,1060.0,1317.0,1088.0
data/frames/B/000504.jpg,B,0.2143,sam,1,1646.0,935.0,1725.0,979.0
data/frames/B/000504.jpg,B,0.2098,sam,1,689.0,1567.0,793.0,1649.0
data/frames/B/000504.jpg,B,0.2019,sam,1,991.0,784.0,1017.0,848.0
data/frames/B/000504.jpg,B,0.2016,sam,1,797.0,910.0,832.0,971.0
data/frames/B/000504.jpg,B,0.1997,sam,1,1775.0,1427.0,1813.0,1464.0
data/frames/B/000504.jpg,B,0.1919,sam,1,1222.0,1530.0,1596.0,1774.0
data/frames/B/000504.jpg,B,0.1798,sam,1,1166.0,1899.0,1225.0,1957.0
data/frames/B/000504.jpg,B,0.1781,sam,1,750.0,1449.0,810.0,1488.0
data/frames/B/000504.jpg,B,0.1769,sam,1,1850.0,1035.0,1881.0,1054.0
data/frames/B/000504.jpg,B,0.1759,sam,1,1488.0,1830.0,1537.0,1871.0
data/frames/B/000504.jpg,B,0.1686,sam,1,1371.0,1571.0,1432.0,1598.0
data/frames/B/000504.jpg,B,0.1661,sam,1,2828.0,1419.0,2860.0,1452.0
data/frames/B/000504.jpg,B,0.1575,sam,1,1644.0,935.0,1733.0,986.0
data/frames/B/000504.jpg,B,0.1507,sam,1,1872.0,1232.0,1886.0,1251.0
data/frames/B/000516.jpg,B,0.3398,sam,1,1191.0,1554.0,1585.0,1812.0
data/frames/B/000516.jpg,B,0.3007,sam,1,1871.0,1410.0,1910.0,1448.0
data/frames/B/000516.jpg,B,0.2787,sam,1,1823.0,1372.0,1860.0,1407.0
data/frames/B/000516.jpg,B,0.2711,sam,1,2887.0,1475.0,2978.0,1514.0
data/frames/B/000516.jpg,B,0.2710,sam,1,785.0,909.0,820.0,965.0
data/frames/B/000516.jpg,B,0.2632,sam,1,1745.0,1757.0,1798.0,1810.0
data/frames/B/000516.jpg,B,0.2603,sam,1,1644.0,938.0,1723.0,980.0
data/frames/B/000516.jpg,B,0.2576,sam,1,985.0,774.0,1014.0,849.0
data/frames/B/000516.jpg,B,0.2516,sam,1,1260.0,1063.0,1309.0,1089.0
data/frames/B/000516.jpg,B,0.2458,sam,1,1095.0,1720.0,1191.0,1770.0
data/frames/B/000516.jpg,B,0.2442,sam,1,682.0,1774.0,769.0,1851.0
data/frames/B/000516.jpg,B,0.2375,sam,1,1766.0,1480.0,1808.0,1519.0
data/frames/B/000516.jpg,B,0.2137,sam,1,3061.0,1670.0,3122.0,1707.0
data/frames/B/000516.jpg,B,0.2117,sam,1,2849.0,1435.0,2886.0,1474.0
data/frames/B/000516.jpg,B,0.2044,sam,1,645.0,1590.0,753.0,1689.0
data/frames/B/000516.jpg,B,0.2021,sam,1,716.0,1476.0,779.0,1509.0
data/frames/B/000516.jpg,B,0.2010,sam,1,2958.0,1007.0,3019.0,1038.0
data/frames/B/000516.jpg,B,0.1968,sam,1,676.0,1774.0,781.0,1862.0
data/frames/B/000516.jpg,B,0.1865,sam,1,1639.0,1060.0,1737.0,1125.0
data/frames/B/000516.jpg,B,0.1801,sam,1,1467.0,1876.0,1517.0,1920.0
data/frames/B/000516.jpg,B,0.1576,sam,1,533.0,1526.0,754.0,1691.0
data/frames/B/000516.jpg,B,0.1503,sam,1,1401.0,1868.0,1448.0,1902.0
data/frames/B/000528.jpg,B,0.2983,sam,1,1730.0,1846.0,1789.0,1906.0
data/frames/B/000528.jpg,B,0.2751,sam,1,1817.0,1382.0,1853.0,1414.0
data/frames/B/000528.jpg,B,0.2657,sam,1,1443.0,1926.0,1495.0,1974.0
data/frames/B/000528.jpg,B,0.2577,sam,1,1869.0,1409.0,1905.0,1446.0
data/frames/B/000528.jpg,B,0.2553,sam,1,1371.0,1917.0,1421.0,1958.0
data/frames/B/000528.jpg,B,0.2458,sam,1,982.0,769.0,1010.0,848.0
data/frames/B/000528.jpg,B,0.2454,sam,1,769.0,908.0,810.0,971.0
data/frames/B/000528.jpg,B,0.2348,sam,1,3098.0,1702.0,3158.0,1741.0
data/frames/B/000528.jpg,B,0.2326,sam,1,1061.0,1756.0,1157.0,1809.0
data/frames/B/000528.jpg,B,0.2281,sam,1,1253.0,1066.0,1298.0,1093.0
data/frames/B/000528.jpg,B,0.2245,sam,1,622.0,1810.0,711.0,1894.0
data/frames/B/000528.jpg,B,0.2230,sam,1,1844.0,1039.0,1891.0,1060.0
data/frames/B/000528.jpg,B,0.2144,sam,1,1103.0,2039.0,1140.0,2087.0
data/frames/B/000528.jpg,B,0.2070,sam,1,1759.0,1540.0,1802.0,1582.0
data/frames/B/000528.jpg,B,0.2029,sam,1,1157.0,1581.0,1570.0,1854.0
data/frames/B/000528.jpg,B,0.1904,sam,1,1325.0,1628.0,1393.0,1657.0
data/frames/B/000528.jpg,B,0.1813,sam,1,596.0,1877.0,658.0,1920.0
data/frames/B/000528.jpg,B,0.1787,sam,1,951.0,1813.0,1116.0,1843.0
data/frames/B/000528.jpg,B,0.1761,sam,1,2915.0,1493.0,2966.0,1525.0
data/frames/B/000528.jpg,B,0.1717,sam,1,1079.0,2018.0,1140.0,2087.0
data/frames/B/000528.jpg,B,0.1522,sam,1,1055.0,2039.0,1140.0,2105.0
data/frames/B/000528.jpg,B,0.1512,sam,1,736.0,1663.0,797.0,1700.0
data/frames/B/000528.jpg,B,0.1511,sam,1,1898.0,1029.0,1954.0,1059.0
data/frames/B/000528.jpg,B,0.3064,merged,3,1635.0,940.0,1736.0,1127.0
data/frames/B/000540.jpg,B,0.3311,sam,1,1636.0,941.0,1717.0,990.0
data/frames/B/000540.jpg,B,0.2968,sam,1,1809.0,1389.0,1845.0,1420.0
data/frames/B/000540.jpg,B,0.2893,sam,1,1863.0,1408.0,1901.0,1443.0
data/frames/B/000540.jpg,B,0.2712,sam,1,1715.0,1953.0,1778.0,2021.0
data/frames/B/000540.jpg,B,0.2562,sam,1,903.0,1855.0,1079.0,1896.0
data/frames/B/000540.jpg,B,0.2501,sam,1,1339.0,1972.0,1392.0,2022.0
data/frames/B/000540.jpg,B,0.2499,sam,1,3136.0,1735.0,3197.0,1775.0
data/frames/B/000540.jpg,B,0.2394,sam,1,1022.0,1792.0,1121.0,1848.0
data/frames/B/000540.jpg,B,0.2376,sam,1,977.0,768.0,1005.0,847.0
data/frames/B/000540.jpg,B,0.2346,sam,1,524.0,1921.0,596.0,1980.0
data/frames/B/000540.jpg,B,0.2341,sam,1,1746.0,1610.0,1793.0,1658.0
data/frames/B/000540.jpg,B,0.2134,sam,1,1414.0,1982.0,1470.0,2034.0
data/frames/B/000540.jpg,B,0.2128,sam,1,1841.0,1040.0,1877.0,1061.0
data/frames/B/000540.jpg,B,0.2122,sam,1,2944.0,1514.0,3039.0,1559.0
data/frames/B/000540.jpg,B,0.1941,sam,1,1635.0,940.0,1717.0,1019.0
data/frames/B/000540.jpg,B,0.1905,sam,1,758.0,908.0,797.0,951.0
data/frames/B/000540.jpg,B,0.1744,sam,1,2894.0,1475.0,2933.0,1512.0
data/frames/B/000540.jpg,B,0.1699,sam,1,562.0,1850.0,648.0,1944.0
data/frames/B/000540.jpg,B,0.1657,sam,1,1243.0,1070.0,1289.0,1099.0
data/frames/B/000540.jpg,B,0.1583,sam,1,1896.0,1031.0,1957.0,1062.0
data/frames/B/000540.jpg,B,0.1571,sam,1,3558.0,1024.0,3626.0,1065.0
data/frames/B/000540.jpg,B,0.1557,sam,1,1866.0,1257.0,1884.0,1279.0
data/frames/B/000540.jpg,B,0.1520,sam,1,1995.0,1394.0,2034.0,1437.0
data/frames/B/000540.jpg,B,0.1503,sam,1,1183.0,944.0,1221.0,1012.0
data/frames/B/000540.jpg,B,0.2878,merged,2,835.0,2086.0,1086.0,2160.0
data/frames/B/000552.jpg,B,0.3228,sam,1,1858.0,1407.0,1896.0,1440.0
data/frames/B/000552.jpg,B,0.3152,sam,1,1382.0,2042.0,1439.0,2100.0
data/frames/B/000552.jpg,B,0.3060,sam,1,972.0,790.0,998.0,845.0
data/frames/B/000552.jpg,B,0.3048,sam,1,1790.0,1393.0,1834.0,1425.0
data/frames/B/000552.jpg,B,0.2887,sam,1,452.0,1965.0,530.0,2037.0
data/frames/B/000552.jpg,B,0.2699,sam,1,1303.0,2032.0,1360.0,2091.0
data/frames/B/000552.jpg,B,0.2670,sam,1,1732.0,1697.0,1780.0,1746.0
data/frames/B/000552.jpg,B,0.2586,sam,1,2917.0,1494.0,2959.0,1532.0
data/frames/B/000552.jpg,B,0.2544,sam,1,3177.0,1771.0,3241.0,1813.0
data/frames/B/000552.jpg,B,0.2477,sam,1,748.0,908.0,785.0,950.0
data/frames/B/000552.jpg,B,0.2411,sam,1,981.0,1834.0,1080.0,1890.0
data/frames/B/000552.jpg,B,0.2389,sam,1,1270.0,1693.0,1342.0,1727.0
data/frames/B/000552.jpg,B,0.2299,sam,1,852.0,1901.0,1040.0,1950.0
data/frames/B/000552.jpg,B,0.2257,sam,1,1693.0,2082.0,1760.0,2160.0
data/frames/B/000552.jpg,B,0.2246,sam,1,1630.0,941.0,1712.0,990.0
data/frames/B/000552.jpg,B,0.2245,sam,1,480.0,1898.0,581.0,1993.0
data/frames/B/000552.jpg,B,0.2244,sam,1,452.0,1895.0,682.0,2037.0
data/frames/B/000552.jpg,B,0.2145,sam,1,538.0,1677.0,613.0,1729.0
data/frames/B/000552.jpg,B,0.2050,sam,1,1213.0,1742.0,1403.0,1817.0
data/frames/B/000552.jpg,B,0.1905,sam,1,627.0,1887.0,725.0,1937.0
data/frames/B/000552.jpg,B,0.1890,sam,1,2971.0,1535.0,3065.0,1581.0
data/frames/B/000552.jpg,B,0.1867,sam,1,1079.0,1641.0,1537.0,1952.0
data/frames/B/000552.jpg,B,0.1817,sam,1,1235.0,1074.0,1280.0,1102.0
data/frames/B/000552.jpg,B,0.1700,sam,1,1416.0,1014.0,1457.0,1032.0
data/frames/B/000552.jpg,B,0.1651,sam,1,1630.0,941.0,1712.0,1054.0
data/frames/B/000552.jpg,B,0.1603,sam,1,453.0,1896.0,581.0,2036.0
data/frames/B/000552.jpg,B,0.1584,sam,1,594.0,1527.0,659.0,1572.0
data/frames/B/000552.jpg,B,0.1569,sam,1,1133.0,1197.0,1206.0,1236.0
data/frames/B/000552.jpg,B,0.1547,sam,1,1839.0,1045.0,1866.0,1062.0
data/frames/B/000552.jpg,B,0.1519,sam,1,1866.0,1267.0,1882.0,1292.0
data/frames/B/000564.jpg,B,0.3624,sam,1,1853.0,1405.0,1892.0,1440.0
data/frames/B/000564.jpg,B,0.2968,sam,1,1762.0,1399.0,1815.0,1433.0
data/frames/B/000564.jpg,B,0.2812,sam,1,1712.0,1798.0,1765.0,1853.0
data/frames/B/000564.jpg,B,0.2653,sam,1,1222.0,1077.0,1270.0,1109.0
data/frames/B/000564.jpg,B,0.2458,sam,1,1343.0,2109.0,1409.0,2160.0
data/frames/B/000564.jpg,B,0.2346,sam,1,3220.0,1811.0,3293.0,1855.0
data/frames/B/000564.jpg,B,0.2319,sam,1,795.0,1953.0,990.0,2014.0
data/frames/B/000564.jpg,B,0.2316,sam,1,1263.0,2099.0,1323.0,2160.0
data/frames/B/000564.jpg,B,0.2167,sam,1,1237.0,1732.0,1313.0,1768.0
data/frames/B/000564.jpg,B,0.2138,sam,1,481.0,1711.0,559.0,1768.0
data/frames/B/000564.jpg,B,0.1991,sam,1,935.0,1881.0,1033.0,1939.0
data/frames/B/000564.jpg,B,0.1947,sam,1,364.0,2026.0,458.0,2099.0
data/frames/B/000564.jpg,B,0.1890,sam,1,497.0,1951.0,619.0,2001.0
data/frames/B/000564.jpg,B,0.1826,sam,1,1031.0,1675.0,1517.0,2007.0
data/frames/B/000564.jpg,B,0.1814,sam,1,366.0,1954.0,510.0,2099.0
data/frames/B/000564.jpg,B,0.1811,sam,1,3001.0,1559.0,3060.0,1602.0
data/frames/B/000564.jpg,B,0.1765,sam,1,732.0,909.0,771.0,952.0
data/frames/B/000564.jpg,B,0.1662,sam,1,2370.0,1017.0,2429.0,1041.0
data/frames/B/000564.jpg,B,0.1563,sam,1,2942.0,1516.0,2986.0,1554.0
data/frames/B/000564.jpg,B,0.1874,merged,2,1627.0,944.0,1708.0,1132.0
data/frames/B/000576.jpg,B,0.3446,sam,1,1850.0,1402.0,1884.0,1438.0
data/frames/B/000576.jpg,B,0.2998,sam,1,1721.0,1405.0,1784.0,1439.0
data/frames/B/000576.jpg,B,0.2922,sam,1,1687.0,1920.0,1747.0,1983.0
data/frames/B/000576.jpg,B,0.2718,sam,1,981.0,1709.0,1495.0,2071.0
data/frames/B/000576.jpg,B,0.2456,sam,1,1118.0,986.0,1195.0,1051.0
data/frames/B/000576.jpg,B,0.2450,sam,1,3266.0,1853.0,3338.0,1898.0
data/frames/B/000576.jpg,B,0.2338,sam,1,734.0,2008.0,937.0,2072.0
data/frames/B/000576.jpg,B,0.2329,sam,1,416.0,1748.0,498.0,1808.0
data/frames/B/000576.jpg,B,0.2227,sam,1,884.0,1928.0,983.0,1992.0
data/frames/B/000576.jpg,B,0.2034,sam,1,1624.0,945.0,1704.0,991.0
data/frames/B/000576.jpg,B,0.1959,sam,1,717.0,910.0,757.0,954.0
data/frames/B/000576.jpg,B,0.1731,sam,1,295.0,2007.0,443.0,2149.0
data/frames/B/000576.jpg,B,0.1608,sam,1,2967.0,1539.0,3012.0,1576.0
data/frames/B/000576.jpg,B,0.1604,sam,1,296.0,2097.0,377.0,2158.0
data/frames/B/000576.jpg,B,0.1557,sam,1,1994.0,1445.0,2034.0,1493.0
data/frames/B/000576.jpg,B,0.1548,sam,1,1512.0,1019.0,1547.0,1034.0
data/frames/B/000576.jpg,B,0.1910,merged,2,3030.0,1584.0,3122.0,1634.0
data/frames/B/000588.jpg,B,0.4350,sam,1,1668.0,1413.0,1740.0,1445.0
data/frames/B/000588.jpg,B,0.3951,sam,1,1843.0,1397.0,1879.0,1433.0
data/frames/B/000588.jpg,B,0.2839,sam,1,664.0,2070.0,879.0,2140.0
data/frames/B/000588.jpg,B,0.2745,sam,1,699.0,911.0,741.0,953.0
data/frames/B/000588.jpg,B,0.2712,sam,1,1617.0,948.0,1700.0,992.0
data/frames/B/000588.jpg,B,0.2626,sam,1,1105.0,990.0,1184.0,1052.0
data/frames/B/000588.jpg,B,0.2511,sam,1,195.0,2066.0,385.0,2158.0
data/frames/B/000588.jpg,B,0.2419,sam,1,827.0,1980.0,926.0,2046.0
data/frames/B/000588.jpg,B,0.2407,sam,1,923.0,1748.0,1470.0,2141.0
data/frames/B/000588.jpg,B,0.2297,sam,1,343.0,1787.0,433.0,1851.0
data/frames/B/000588.jpg,B,0.2219,sam,1,2994.0,1561.0,3037.0,1599.0
data/frames/B/000588.jpg,B,0.2080,sam,1,1023.0,1098.0,1111.0,1197.0
data/frames/B/000588.jpg,B,0.1983,sam,1,442.0,1596.0,517.0,1650.0
data/frames/B/000588.jpg,B,0.1949,sam,1,1652.0,2073.0,1722.0,2149.0
data/frames/B/000588.jpg,B,0.1826,sam,1,3313.0,1897.0,3384.0,1943.0
data/frames/B/000588.jpg,B,0.1726,sam,1,3059.0,1611.0,3119.0,1651.0
data/frames/B/000588.jpg,B,0.1564,sam,1,1355.0,1179.0,1428.0,1226.0
data/frames/B/000588.jpg,B,0.1512,sam,1,1609.0,949.0,1738.0,1177.0
data/frames/B/000600.jpg,B,0.4383,sam,1,1835.0,1396.0,1873.0,1429.0
data/frames/B/000600.jpg,B,0.3369,sam,1,3021.0,1585.0,3068.0,1624.0
data/frames/B/000600.jpg,B,0.3152,sam,1,859.0,1789.0,1442.0,2160.0
data/frames/B/000600.jpg,B,0.3068,sam,1,1634.0,1421.0,1689.0,1455.0
data/frames/B/000600.jpg,B,0.2885,sam,1,3365.0,1944.0,3440.0,1993.0
data/frames/B/000600.jpg,B,0.2463,sam,1,765.0,2039.0,863.0,2107.0
data/frames/B/000600.jpg,B,0.2441,sam,1,684.0,911.0,725.0,947.0
data/frames/B/000600.jpg,B,0.2433,sam,1,1614.0,948.0,1696.0,996.0
data/frames/B/000600.jpg,B,0.2268,sam,1,1093.0,989.0,1171.0,1057.0
data/frames/B/000600.jpg,B,0.2148,sam,1,266.0,1830.0,361.0,1901.0
data/frames/B/000600.jpg,B,0.2053,sam,1,1631.0,1420.0,1687.0,1454.0
data/frames/B/000600.jpg,B,0.1911,sam,1,1002.0,1102.0,1090.0,1204.0
data/frames/B/000600.jpg,B,0.1578,sam,1,1114.0,1867.0,1202.0,1909.0
data/frames/B/000600.jpg,B,0.1542,sam,1,476.0,1889.0,651.0,1975.0
data/frames/B/000600.jpg,B,0.1523,sam,1,317.0,2105.0,452.0,2160.0
data/frames/B/000600.jpg,B,0.2188,merged,2,3091.0,1636.0,3186.0,1687.0
data/frames/B/000612.jpg,B,0.3863,sam,1,1826.0,1393.0,1865.0,1427.0
data/frames/B/000612.jpg,B,0.3335,sam,1,790.0,1836.0,1412.0,2160.0
data/frames/B/000612.jpg,B,0.2799,sam,1,664.0,912.0,706.0,950.0
data/frames/B/000612.jpg,B,0.2584,sam,1,182.0,1876.0,284.0,1954.0
data/frames/B/000612.jpg,B,0.2426,sam,1,1606.0,951.0,1688.0,998.0
data/frames/B/000612.jpg,B,0.2353,sam,1,3047.0,1611.0,3095.0,1650.0
data/frames/B/000612.jpg,B,0.2292,sam,1,1078.0,982.0,1155.0,1037.0
data/frames/B/000612.jpg,B,0.2097,sam,1,888.0,1322.0,963.0,1381.0
data/frames/B/000612.jpg,B,0.2037,sam,1,1059.0,1245.0,1106.0,1295.0
data/frames/B/000612.jpg,B,0.1992,sam,1,321.0,1673.0,403.0,1710.0
data/frames/B/000612.jpg,B,0.1954,sam,1,3420.0,1996.0,3502.0,2047.0
data/frames/B/000612.jpg,B,0.1739,sam,1,411.0,951.0,475.0,999.0
data/frames/B/000612.jpg,B,0.1704,sam,1,981.0,1105.0,1073.0,1212.0
data/frames/B/000612.jpg,B,0.1608,sam,1,1173.0,1073.0,1221.0,1116.0
data/frames/B/000624.jpg,B,0.3122,sam,1,1601.0,953.0,1681.0,1002.0
data/frames/B/000624.jpg,B,0.2595,sam,1,3077.0,1637.0,3126.0,1679.0
data/frames/B/000624.jpg,B,0.2539,sam,1,644.0,914.0,688.0,956.0
data/frames/B/000624.jpg,B,0.2428,sam,1,762.0,1887.0,1378.0,2160.0
data/frames/B/000624.jpg,B,0.2307,sam,1,1032.0,1255.0,1082.0,1303.0
data/frames/B/000624.jpg,B,0.2156,sam,1,89.0,1927.0,199.0,2011.0
data/frames/B/000624.jpg,B,0.1978,sam,1,929.0,764.0,959.0,842.0
data/frames/B/000624.jpg,B,0.1975,sam,1,3155.0,1694.0,3259.0,1750.0
data/frames/B/000624.jpg,B,0.1921,sam,1,3479.0,2051.0,3559.0,2106.0
data/frames/B/000624.jpg,B,0.1904,sam,1,1667.0,968.0,1726.0,1221.0
data/frames/B/000624.jpg,B,0.1835,sam,1,416.0,1538.0,465.0,1577.0
data/frames/B/000624.jpg,B,0.1669,sam,1,852.0,1333.0,928.0,1387.0
data/frames/B/000624.jpg,B,0.1541,sam,1,1062.0,991.0,1143.0,1057.0
data/frames/B/000624.jpg,B,0.1505,sam,1,1080.0,1398.0,1350.0,1549.0
data/frames/B/000624.jpg,B,0.4159,merged,3,1817.0,1340.0,1859.0,1426.0
data/frames/B/000636.jpg,B,0.3238,sam,1,3109.0,1665.0,3161.0,1707.0
data/frames/B/000636.jpg,B,0.2816,sam,1,1593.0,957.0,1674.0,1004.0
data/frames/B/000636.jpg,B,0.2494,sam,1,1005.0,1268.0,1055.0,1316.0
data/frames/B/000636.jpg,B,0.2066,sam,1,933.0,1121.0,1032.0,1227.0
data/frames/B/000636.jpg,B,0.2002,sam,1,365.0,1563.0,412.0,1602.0
data/frames/B/000636.jpg,B,0.1778,sam,1,743.0,1940.0,1340.0,2160.0
data/frames/B/000636.jpg,B,0.1630,sam,1,923.0,764.0,951.0,835.0
data/frames/B/000636.jpg,B,0.1621,sam,1,1734.0,719.0,1935.0,792.0
data/frames/B/000636.jpg,B,0.1575,sam,1,3546.0,2113.0,3637.0,2160.0
data/frames/B/000636.jpg,B,0.1529,sam,1,1050.0,1003.0,1129.0,1050.0
data/frames/B/000636.jpg,B,0.1513,sam,1,828.0,1347.0,867.0,1378.0
data/frames/B/000636.jpg,B,0.1502,sam,1,3191.0,1723.0,3298.0,1784.0
data/frames/B/000636.jpg,B,0.4580,merged,2,1811.0,1354.0,1849.0,1425.0
data/frames/B/000636.jpg,B,0.2528,merged,3,350.9,916.0,670.0,1025.8
data/frames/B/000648.jpg,B,0.5052,sam,1,1801.0,1378.0,1841.0,1421.0
data/frames/B/000648.jpg,B,0.2726,sam,1,3144.0,1694.0,3198.0,1738.0
data/frames/B/000648.jpg,B,0.2505,sam,1,1584.0,958.0,1665.0,1006.0
data/frames/B/000648.jpg,B,0.2416,sam,1,977.0,1280.0,1030.0,1329.0
data/frames/B/000648.jpg,B,0.2246,sam,1,607.0,917.0,653.0,956.0
data/frames/B/000648.jpg,B,0.1912,sam,1,3081.0,1039.0,3162.0,1081.0
data/frames/B/000648.jpg,B,0.1816,sam,1,911.0,1127.0,1011.0,1235.0
data/frames/B/000648.jpg,B,0.1803,sam,1,304.0,1589.0,354.0,1630.0
data/frames/B/000648.jpg,B,0.1757,sam,1,1013.0,999.0,1116.0,1065.0
data/frames/B/000648.jpg,B,0.1653,sam,1,3231.0,1758.0,3343.0,1818.0
data/frames/B/000648.jpg,B,0.1637,sam,1,793.0,1361.0,837.0,1393.0
data/frames/B/000648.jpg,B,0.1610,sam,1,1873.0,1386.0,1886.0,1409.0
data/frames/B/000648.jpg,B,0.1559,sam,1,730.0,2000.0,1300.0,2160.0
data/frames/B/000648.jpg,B,0.1500,sam,1,1431.0,1009.0,1566.0,1047.0
data/frames/B/000660.jpg,B,0.3630,sam,1,1794.0,1388.0,1829.0,1421.0
data/frames/B/000660.jpg,B,0.3100,sam,1,1574.0,960.0,1656.0,1010.0
data/frames/B/000660.jpg,B,0.2851,sam,1,947.0,1295.0,1001.0,1345.0
data/frames/B/000660.jpg,B,0.2749,sam,1,3189.0,1720.0,3236.0,1765.0
data/frames/B/000660.jpg,B,0.2171,sam,1,986.0,989.0,1098.0,1055.0
data/frames/B/000660.jpg,B,0.1895,sam,1,585.0,921.0,630.0,958.0
data/frames/B/000660.jpg,B,0.1760,sam,1,973.0,1458.0,1275.0,1621.0
data/frames/B/000660.jpg,B,0.1636,sam,1,1238.0,986.0,1359.0,1049.0
data/frames/B/000660.jpg,B,0.1597,sam,1,885.0,1134.0,988.0,1247.0
data/frames/B/000660.jpg,B,0.1586,sam,1,1725.0,717.0,1925.0,791.0
data/frames/B/000660.jpg,B,0.1546,sam,1,488.0,1750.0,1155.0,2064.0
data/frames/B/000660.jpg,B,0.1610,merged,2,692.0,1362.0,842.0,1443.0
data/frames/B/000672.jpg,B,0.3951,sam,1,1784.0,1386.0,1820.0,1423.0
data/frames/B/000672.jpg,B,0.3419,sam,1,1562.0,964.0,1645.0,1012.0
data/frames/B/000672.jpg,B,0.2792,sam,1,3240.0,1749.0,3282.0,1795.0
data/frames/B/000672.jpg,B,0.2003,sam,1,1221.0,989.0,1346.0,1054.0
data/frames/B/000672.jpg,B,0.1956,sam,1,916.0,1311.0,969.0,1356.0
data/frames/B/000672.jpg,B,0.1886,sam,1,1784.0,1385.0,1821.0,1437.0
data/frames/B/000672.jpg,B,0.1882,sam,1,1284.0,1088.0,1418.0,1153.0
data/frames/B/000672.jpg,B,0.1838,sam,1,858.0,1145.0,965.0,1259.0
data/frames/B/000672.jpg,B,0.1707,sam,1,936.0,1484.0,1251.0,1653.0
data/frames/B/000672.jpg,B,0.1644,sam,1,725.0,1397.0,770.0,1432.0
data/frames/B/000672.jpg,B,0.1579,sam,1,3094.0,1034.0,3185.0,1076.0
data/frames/B/000672.jpg,B,0.1578,sam,1,561.0,927.0,606.0,960.0
data/frames/B/000672.jpg,B,0.1704,merged,2,960.0,1010.0,1081.0,1065.0
data/frames/B/000684.jpg,B,0.4600,sam,1,1781.0,1385.0,1818.0,1417.0
data/frames/B/000684.jpg,B,0.2853,sam,1,1551.0,967.0,1637.0,1017.0
data/frames/B/000684.jpg,B,0.2209,sam,1,539.0,933.0,583.0,970.0
data/frames/B/000684.jpg,B,0.2155,sam,1,1073.0,1104.0,1116.0,1157.0
data/frames/B/000684.jpg,B,0.2140,sam,1,889.0,1329.0,944.0,1374.0
data/frames/B/000684.jpg,B,0.2102,sam,1,946.0,1231.0,1015.0,1260.0
data/frames/B/000684.jpg,B,0.2081,sam,1,1550.0,967.0,1647.0,1062.0
data/frames/B/000684.jpg,B,0.2045,sam,1,690.0,1418.0,736.0,1453.0
data/frames/B/000684.jpg,B,0.1826,sam,1,1791.0,1435.0,1811.0,1458.0
data/frames/B/000684.jpg,B,0.1655,sam,1,901.0,1510.0,1224.0,1687.0
data/frames/B/000684.jpg,B,0.1610,sam,1,1708.0,716.0,1912.0,790.0
data/frames/B/000684.jpg,B,0.1599,sam,1,3104.0,1030.0,3196.0,1078.0
data/frames/B/000684.jpg,B,0.1540,sam,1,1209.0,1173.0,1260.0,1205.0
data/frames/B/000696.jpg,B,0.4148,sam,1,1781.0,1384.0,1818.0,1416.0
data/frames/B/000696.jpg,B,0.2840,sam,1,1547.0,971.0,1633.0,1021.0
data/frames/B/000696.jpg,B,0.2697,sam,1,862.0,1347.0,921.0,1398.0
data/frames/B/000696.jpg,B,0.2345,sam,1,518.0,939.0,564.0,974.0
data/frames/B/000696.jpg,B,0.2037,sam,1,3348.0,1815.0,3398.0,1861.0
data/frames/B/000696.jpg,B,0.2023,sam,1,1195.0,998.0,1324.0,1068.0
data/frames/B/000696.jpg,B,0.1883,sam,1,1525.0,1122.0,1650.0,1190.0
data/frames/B/000696.jpg,B,0.1745,sam,1,928.0,1245.0,989.0,1274.0
data/frames/B/000696.jpg,B,0.1726,sam,1,916.0,1018.0,1051.0,1071.0
data/frames/B/000696.jpg,B,0.1700,sam,1,2394.0,1034.0,2485.0,1072.0
data/frames/B/000696.jpg,B,0.1665,sam,1,1793.0,1460.0,1815.0,1486.0
data/frames/B/000696.jpg,B,0.1592,sam,1,871.0,1540.0,1205.0,1723.0
data/frames/B/000696.jpg,B,0.1573,sam,1,261.0,1928.0,1050.0,2160.0
data/frames/B/000696.jpg,B,0.1948,merged,2,3116.0,1029.0,3364.0,1108.0
data/frames/B/000696.jpg,B,0.3241,merged,3,3445.0,1895.0,3586.0,1972.0
data/frames/B/000708.jpg,B,0.4307,sam,1,1781.0,1382.0,1821.0,1417.0
data/frames/B/000708.jpg,B,0.2811,sam,1,3599.0,1956.0,3668.0,2018.0
data/frames/B/000708.jpg,B,0.2729,sam,1,1542.0,973.0,1630.0,1027.0
data/frames/B/000708.jpg,B,0.2723,sam,1,746.0,1597.0,854.0,1633.0
data/frames/B/000708.jpg,B,0.2618,sam,1,838.0,1368.0,897.0,1421.0
data/frames/B/000708.jpg,B,0.2575,sam,1,498.0,944.0,546.0,983.0
data/frames/B/000708.jpg,B,0.2410,sam,1,898.0,1011.0,1038.0,1085.0
data/frames/B/000708.jpg,B,0.2152,sam,1,909.0,1257.0,984.0,1286.0
data/frames/B/000708.jpg,B,0.1882,sam,1,1188.0,1003.0,1316.0,1071.0
data/frames/B/000708.jpg,B,0.1846,sam,1,841.0,1571.0,1186.0,1764.0
data/frames/B/000708.jpg,B,0.1839,sam,1,1523.0,1128.0,1649.0,1196.0
data/frames/B/000708.jpg,B,0.1831,sam,1,2394.0,1018.0,2496.0,1077.0
data/frames/B/000708.jpg,B,0.1814,sam,1,2673.0,1012.0,2769.0,1082.0
data/frames/B/000708.jpg,B,0.1684,sam,1,1048.0,1123.0,1094.0,1168.0
data/frames/B/000708.jpg,B,0.1667,sam,1,2394.0,1039.0,2494.0,1077.0
data/frames/B/000708.jpg,B,0.1664,sam,1,1796.0,1488.0,1818.0,1509.0
data/frames/B/000708.jpg,B,0.1610,sam,1,1186.0,1193.0,1236.0,1231.0
data/frames/B/000708.jpg,B,0.1534,sam,1,225.0,2001.0,1015.0,2160.0
data/frames/B/000708.jpg,B,0.1525,sam,1,1384.0,1134.0,1453.0,1178.0
data/frames/B/000720.jpg,B,0.3943,sam,1,1785.0,1382.0,1825.0,1417.0
data/frames/B/000720.jpg,B,0.3152,sam,1,1537.0,978.0,1626.0,1030.0
data/frames/B/000720.jpg,B,0.3033,sam,1,618.0,1628.0,727.0,1666.0
data/frames/B/000720.jpg,B,0.2912,sam,1,483.0,950.0,529.0,992.0
data/frames/B/000720.jpg,B,0.2343,sam,1,893.0,1268.0,969.0,1298.0
data/frames/B/000720.jpg,B,0.2323,sam,1,3689.0,2008.0,3762.0,2071.0
data/frames/B/000720.jpg,B,0.2294,sam,1,1176.0,1008.0,1308.0,1078.0
data/frames/B/000720.jpg,B,0.2218,sam,1,812.0,1389.0,876.0,1436.0
data/frames/B/000720.jpg,B,0.2167,sam,1,382.0,1567.0,452.0,1603.0
data/frames/B/000720.jpg,B,0.2161,sam,1,1514.0,1133.0,1645.0,1203.0
data/frames/B/000720.jpg,B,0.1935,sam,1,1992.0,1549.0,2053.0,1615.0
data/frames/B/000720.jpg,B,0.1886,sam,1,1033.0,1134.0,1080.0,1178.0
data/frames/B/000720.jpg,B,0.1819,sam,1,599.0,1485.0,651.0,1526.0
data/frames/B/000720.jpg,B,0.1673,sam,1,1802.0,1510.0,1827.0,1534.0
data/frames/B/000720.jpg,B,0.1657,sam,1,1371.0,1142.0,1445.0,1184.0
data/frames/B/000720.jpg,B,0.1521,sam,1,1600.0,1091.0,1645.0,1133.0
data/frames/B/000720.jpg,B,0.1517,sam,1,809.0,1604.0,1168.0,1807.0
data/frames/B/000720.jpg,B,0.2248,merged,2,1168.0,1203.0,1280.0,1240.0
data/frames/B/000720.jpg,B,0.1966,merged,2,884.0,1011.0,1025.0,1087.0
data/frames/B/000732.jpg,B,0.3975,sam,1,1535.0,981.0,1623.0,1034.0
data/frames/B/000732.jpg,B,0.3873,sam,1,483.0,1661.0,598.0,1701.0
data/frames/B/000732.jpg,B,0.3473,sam,1,1790.0,1384.0,1830.0,1417.0
data/frames/B/000732.jpg,B,0.3116,sam,1,462.0,954.0,512.0,997.0
data/frames/B/000732.jpg,B,0.2917,sam,1,343.0,1596.0,415.0,1633.0
data/frames/B/000732.jpg,B,0.2423,sam,1,2014.0,1560.0,2070.0,1654.0
data/frames/B/000732.jpg,B,0.2273,sam,1,780.0,1639.0,1149.0,1850.0
data/frames/B/000732.jpg,B,0.2196,sam,1,1514.0,1138.0,1646.0,1210.0
data/frames/B/000732.jpg,B,0.2157,sam,1,872.0,1278.0,952.0,1313.0
data/frames/B/000732.jpg,B,0.2030,sam,1,572.0,1511.0,622.0,1551.0
data/frames/B/000732.jpg,B,0.1899,sam,1,2694.0,1014.0,2793.0,1087.0
data/frames/B/000732.jpg,B,0.1869,sam,1,788.0,1410.0,853.0,1457.0
data/frames/B/000732.jpg,B,0.1837,sam,1,1812.0,1541.0,1835.0,1561.0
data/frames/B/000732.jpg,B,0.1730,sam,1,1171.0,1013.0,1301.0,1089.0
data/frames/B/000732.jpg,B,0.1621,sam,1,867.0,1015.0,1015.0,1093.0
data/frames/B/000732.jpg,B,0.1573,sam,1,1514.0,1034.0,1647.0,1209.0
data/frames/B/000732.jpg,B,0.1568,sam,1,751.0,1224.0,871.0,1327.0
data/frames/B/000732.jpg,B,0.1558,sam,1,1371.0,1150.0,1443.0,1191.0
data/frames/B/000744.jpg,B,0.3760,sam,1,358.0,1696.0,458.0,1738.0
data/frames/B/000744.jpg,B,0.3129,sam,1,1534.0,985.0,1622.0,1042.0
data/frames/B/000744.jpg,B,0.3118,sam,1,1795.0,1385.0,1835.0,1419.0
data/frames/B/000744.jpg,B,0.2661,sam,1,3661.0,1748.0,3734.0,1792.0
data/frames/B/000744.jpg,B,0.2660,sam,1,1513.0,1148.0,1645.0,1220.0
data/frames/B/000744.jpg,B,0.2651,sam,1,856.0,1292.0,933.0,1331.0
data/frames/B/000744.jpg,B,0.2528,sam,1,445.0,959.0,495.0,999.0
data/frames/B/000744.jpg,B,0.2364,sam,1,1512.0,1042.0,1647.0,1220.0
data/frames/B/000744.jpg,B,0.2322,sam,1,1162.0,1016.0,1295.0,1091.0
data/frames/B/000744.jpg,B,0.2186,sam,1,540.0,1537.0,595.0,1581.0
data/frames/B/000744.jpg,B,0.1977,sam,1,765.0,1432.0,831.0,1484.0
data/frames/B/000744.jpg,B,0.1922,sam,1,3184.0,1034.0,3245.0,1075.0
data/frames/B/000744.jpg,B,0.1902,sam,1,1225.0,1130.0,1374.0,1205.0
data/frames/B/000744.jpg,B,0.1887,sam,1,1374.0,1471.0,1410.0,1501.0
data/frames/B/000744.jpg,B,0.1584,sam,1,748.0,1678.0,1132.0,1900.0
data/frames/B/000744.jpg,B,0.1577,sam,1,726.0,1205.0,854.0,1344.0
data/frames/B/000744.jpg,B,0.1574,sam,1,1820.0,1565.0,1841.0,1590.0
data/frames/B/000744.jpg,B,0.3748,merged,2,277.0,1628.0,376.0,1676.0
data/frames/C/000000.jpg,C,0.7911,sam,1,2042.0,1318.0,2185.0,1613.0
data/frames/C/000000.jpg,C,0.6593,sam,1,2794.0,1683.0,3290.0,2160.0
data/frames/C/000000.jpg,C,0.5376,sam,1,2014.0,517.0,2231.0,890.0
data/frames/C/000000.jpg,C,0.5142,sam,1,1820.0,0.0,2155.0,577.0
data/frames/C/000000.jpg,C,0.4854,sam,1,2930.0,0.0,3104.0,133.0
data/frames/C/000000.jpg,C,0.3836,sam,1,1704.0,357.0,1840.0,566.0
data/frames/C/000000.jpg,C,0.3669,sam,1,2421.0,917.0,2611.0,1129.0
data/frames/C/000000.jpg,C,0.3552,sam,1,2371.0,785.0,2612.0,1129.0
data/frames/C/000000.jpg,C,0.2923,sam,1,2012.0,0.0,2115.0,80.0
data/frames/C/000000.jpg,C,0.2266,sam,1,2437.0,135.0,2595.0,295.0
data/frames/C/000000.jpg,C,0.2125,sam,1,2645.0,138.0,2805.0,289.0
data/frames/C/000000.jpg,C,0.1770,sam,1,2043.0,1321.0,2282.0,1609.0
data/frames/C/000012.jpg,C,0.7442,sam,1,2076.0,928.0,2214.0,1188.0
data/frames/C/000012.jpg,C,0.6638,sam,1,2192.0,1819.0,2498.0,2160.0
data/frames/C/000012.jpg,C,0.6462,sam,1,3569.0,1665.0,3840.0,2146.0
data/frames/C/000012.jpg,C,0.6331,sam,1,2103.0,991.0,2310.0,1189.0
data/frames/C/000012.jpg,C,0.4241,sam,1,2464.0,1096.0,2729.0,1471.0
data/frames/C/000012.jpg,C,0.4226,sam,1,1593.0,62.0,1697.0,221.0
data/frames/C/000012.jpg,C,0.4033,sam,1,2925.0,7.0,3108.0,276.0
data/frames/C/000012.jpg,C,0.2932,sam,1,1768.0,690.0,1917.0,927.0
data/frames/C/000012.jpg,C,0.2801,sam,1,2926.0,146.0,3044.0,269.0
data/frames/C/000012.jpg,C,0.2455,sam,1,2465.0,1096.0,2625.0,1240.0
data/frames/C/000012.jpg,C,0.1940,sam,1,2482.0,0.0,2616.0,121.0
data/frames/C/000012.jpg,C,0.1619,sam,1,2337.0,87.0,2478.0,226.0
data/frames/C/000012.jpg,C,0.4972,merged,2,1857.0,131.0,2226.0,861.0
data/frames/C/000024.jpg,C,0.5437,sam,1,2146.0,1086.0,2400.0,1510.0
data/frames/C/000024.jpg,C,0.4825,sam,1,2921.0,124.0,3102.0,378.0
data/frames/C/000024.jpg,C,0.4770,sam,1,2567.0,1423.0,2861.0,1834.0
data/frames/C/000024.jpg,C,0.4675,sam,1,3292.0,1346.0,3682.0,1706.0
data/frames/C/000024.jpg,C,0.4402,sam,1,3513.0,1547.0,3840.0,2160.0
data/frames/C/000024.jpg,C,0.4363,sam,1,1839.0,1054.0,2010.0,1317.0
data/frames/C/000024.jpg,C,0.4266,sam,1,2146.0,1162.0,2200.0,1388.0
data/frames/C/000024.jpg,C,0.3887,sam,1,1636.0,344.0,1748.0,520.0
data/frames/C/000024.jpg,C,0.2924,sam,1,2090.0,387.0,2216.0,554.0
data/frames/C/000024.jpg,C,0.2180,sam,1,2146.0,1085.0,2405.0,1510.0
data/frames/C/000024.jpg,C,0.1956,sam,1,2164.0,1087.0,2359.0,1231.0
data/frames/C/000024.jpg,C,0.1875,sam,1,2921.0,263.0,3040.0,370.0
data/frames/C/000024.jpg,C,0.1558,sam,1,2251.0,60.0,2378.0,183.0
data/frames/C/000024.jpg,C,0.4747,merged,2,2037.9,918.4,2205.9,1227.0
data/frames/C/000036.jpg,C,0.6465,dino_fallback,1,1986.7,918.8,2206.8,1498.8
data/frames/C/000036.jpg,C,0.5467,sam,1,2226.0,1393.0,2497.0,1847.0
data/frames/C/000036.jpg,C,0.5252,sam,1,2026.0,951.0,2391.0,1489.0
data/frames/C/000036.jpg,C,0.5037,sam,1,1942.0,616.0,2140.0,1235.0
data/frames/C/000036.jpg,C,0.4764,sam,1,1928.0,1452.0,2118.0,1750.0
data/frames/C/000036.jpg,C,0.4450,sam,1,1697.0,0.0,1827.0,145.0
data/frames/C/000036.jpg,C,0.4435,sam,1,2688.0,1771.0,3008.0,2160.0
data/frames/C/000036.jpg,C,0.4411,sam,1,1684.0,646.0,1813.0,846.0
data/frames/C/000036.jpg,C,0.4402,sam,1,3045.0,1092.0,3383.0,1407.0
data/frames/C/000036.jpg,C,0.4266,sam,1,1850.0,0.0,1971.0,117.0
data/frames/C/000036.jpg,C,0.4069,sam,1,2918.0,240.0,3096.0,481.0
data/frames/C/000036.jpg,C,0.3162,sam,1,2917.0,378.0,3035.0,483.0
data/frames/C/000036.jpg,C,0.2681,sam,1,1553.0,0.0,1623.0,33.0
data/frames/C/000036.jpg,C,0.2677,sam,1,2178.0,64.0,2193.0,107.0
data/frames/C/000036.jpg,C,0.2666,sam,1,3044.0,1091.0,3355.0,1231.0
data/frames/C/000036.jpg,C,0.2420,sam,1,2142.0,632.0,2195.0,791.0
data/frames/C/000036.jpg,C,0.2276,sam,1,2142.0,626.0,2278.0,808.0
data/frames/C/000036.jpg,C,0.2248,sam,1,2178.0,50.0,2292.0,159.0
data/frames/C/000048.jpg,C,0.5487,sam,1,1744.0,979.0,1888.0,1209.0
data/frames/C/000048.jpg,C,0.5486,sam,1,1821.0,0.0,1996.0,301.0
data/frames/C/000048.jpg,C,0.5081,sam,1,2309.0,1727.0,2605.0,2160.0
data/frames/C/000048.jpg,C,0.4856,sam,1,2034.0,1896.0,2234.0,2160.0
data/frames/C/000048.jpg,C,0.4679,sam,1,1560.0,119.0,1639.0,251.0
data/frames/C/000048.jpg,C,0.4405,sam,1,2833.0,901.0,3126.0,1167.0
data/frames/C/000048.jpg,C,0.3541,sam,1,2911.0,353.0,3089.0,596.0
data/frames/C/000048.jpg,C,0.3276,sam,1,2202.0,888.0,2345.0,1072.0
data/frames/C/000048.jpg,C,0.3081,sam,1,2829.0,898.0,3127.0,1171.0
data/frames/C/000048.jpg,C,0.2890,sam,1,2115.0,55.0,2217.0,148.0
data/frames/C/000048.jpg,C,0.2858,sam,1,3182.0,1022.0,3384.0,1262.0
data/frames/C/000048.jpg,C,0.2389,sam,1,2911.0,492.0,3031.0,597.0
data/frames/C/000048.jpg,C,0.1895,sam,1,2536.0,0.0,2563.0,44.0
data/frames/C/000048.jpg,C,0.1824,sam,1,2577.0,25.0,2605.0,70.0
data/frames/C/000048.jpg,C,0.1625,sam,1,1331.0,907.0,1427.0,979.0
data/frames/C/000048.jpg,C,0.5700,merged,2,1687.0,0.0,1843.0,330.0
data/frames/C/000048.jpg,C,0.4697,merged,2,1987.9,843.1,2206.4,1580.6
data/frames/C/000060.jpg,C,0.4911,sam,1,1824.0,1355.0,1988.0,1620.0
data/frames/C/000060.jpg,C,0.4624,sam,1,1797.0,0.0,2024.0,490.0
data/frames/C/000060.jpg,C,0.3575,sam,1,1578.0,337.0,1659.0,477.0
data/frames/C/000060.jpg,C,0.3482,sam,1,2911.0,468.0,3085.0,707.0
data/frames/C/000060.jpg,C,0.3458,sam,1,2654.0,758.0,2905.0,1082.0
data/frames/C/000060.jpg,C,0.3445,sam,1,1543.0,72.0,1618.0,188.0
data/frames/C/000060.jpg,C,0.3166,dino_fallback,1,1632.0,337.9,1661.2,479.3
data/frames/C/000060.jpg,C,0.3028,sam,1,2656.0,758.0,2904.0,987.0
data/frames/C/000060.jpg,C,0.2862,sam,1,2910.0,605.0,3027.0,722.0
data/frames/C/000060.jpg,C,0.2702,sam,1,2485.0,41.0,2544.0,101.0
data/frames/C/000060.jpg,C,0.2545,sam,1,2265.0,1141.0,2428.0,1360.0
data/frames/C/000060.jpg,C,0.2160,sam,1,2492.0,0.0,2533.0,71.0
data/frames/C/000060.jpg,C,0.1952,sam,1,2069.0,75.0,2159.0,159.0
data/frames/C/000060.jpg,C,0.1726,sam,1,2574.0,143.0,2603.0,188.0
data/frames/C/000060.jpg,C,0.1716,sam,1,2825.0,836.0,3178.0,1109.0
data/frames/C/000060.jpg,C,0.1696,sam,1,2533.0,118.0,2560.0,162.0
data/frames/C/000060.jpg,C,0.5845,merged,2,2047.6,1111.6,2284.6,1684.6
data/frames/C/000060.jpg,C,0.4822,merged,2,1690.0,0.0,1868.0,526.0
data/frames/C/000072.jpg,C,0.7206,sam,1,2667.0,905.0,3178.0,1412.0
data/frames/C/000072.jpg,C,0.6318,dino_fallback,1,2116.8,1413.4,2206.9,1838.2
data/frames/C/000072.jpg,C,0.5228,sam,1,1828.0,124.0,2054.0,680.0
data/frames/C/000072.jpg,C,0.4335,sam,1,1925.0,1784.0,2114.0,2095.0
data/frames/C/000072.jpg,C,0.3839,sam,1,2914.0,643.0,3083.0,732.0
data/frames/C/000072.jpg,C,0.3805,sam,1,2514.0,658.0,3182.0,1410.0
data/frames/C/000072.jpg,C,0.3640,sam,1,2126.0,1406.0,2655.0,2158.0
data/frames/C/000072.jpg,C,0.3576,sam,1,2512.0,655.0,2727.0,865.0
data/frames/C/000072.jpg,C,0.3575,sam,1,1599.0,567.0,1687.0,722.0
data/frames/C/000072.jpg,C,0.3121,sam,1,2344.0,1424.0,2523.0,1667.0
data/frames/C/000072.jpg,C,0.2961,sam,1,3175.0,1999.0,3400.0,2160.0
data/frames/C/000072.jpg,C,0.2484,sam,1,1551.0,266.0,1634.0,390.0
data/frames/C/000072.jpg,C,0.2400,sam,1,1548.0,0.0,1610.0,58.0
data/frames/C/000072.jpg,C,0.2076,sam,1,1670.0,0.0,1737.0,37.0
data/frames/C/000072.jpg,C,0.1774,sam,1,2034.0,106.0,2112.0,180.0
data/frames/C/000072.jpg,C,0.1605,sam,1,2572.0,257.0,2599.0,301.0
data/frames/C/000072.jpg,C,0.1605,sam,1,2908.0,717.0,3025.0,838.0
data/frames/C/000072.jpg,C,0.1595,sam,1,3173.0,983.0,3216.0,1046.0
data/frames/C/000072.jpg,C,0.1588,sam,1,2659.0,720.0,3070.0,1158.0
data/frames/C/000072.jpg,C,0.1565,sam,1,2632.0,916.0,2679.0,956.0
data/frames/C/000072.jpg,C,0.1540,sam,1,2531.0,233.0,2557.0,277.0
data/frames/C/000072.jpg,C,0.5461,merged,2,1701.0,150.0,1901.0,731.0
data/frames/C/000072.jpg,C,0.3713,merged,3,2489.0,16.0,2544.0,240.0
data/frames/C/000084.jpg,C,0.6675,dino_fallback,1,2574.4,918.2,2959.7,1237.8
data/frames/C/000084.jpg,C,0.5269,sam,1,2404.0,588.0,2953.0,1233.0
data/frames/C/000084.jpg,C,0.5224,sam,1,2211.0,1724.0,2615.0,2160.0
data/frames/C/000084.jpg,C,0.5024,sam,1,1847.0,288.0,2090.0,874.0
data/frames/C/000084.jpg,C,0.3884,sam,1,1635.0,917.0,1726.0,986.0
data/frames/C/000084.jpg,C,0.3643,sam,1,2907.0,686.0,3079.0,968.0
data/frames/C/000084.jpg,C,0.3419,sam,1,1985.0,0.0,2065.0,42.0
data/frames/C/000084.jpg,C,0.3379,sam,1,2909.0,826.0,3024.0,952.0
data/frames/C/000084.jpg,C,0.3337,sam,1,1622.0,816.0,1726.0,986.0
data/frames/C/000084.jpg,C,0.2518,sam,1,2872.0,1638.0,3089.0,1864.0
data/frames/C/000084.jpg,C,0.2373,sam,1,2438.0,1731.0,2634.0,1999.0
data/frames/C/000084.jpg,C,0.2290,sam,1,1549.0,144.0,1614.0,237.0
data/frames/C/000084.jpg,C,0.2199,sam,1,2399.0,587.0,2588.0,761.0
data/frames/C/000084.jpg,C,0.2176,sam,1,1563.0,468.0,1651.0,602.0
data/frames/C/000084.jpg,C,0.2176,sam,1,2108.0,0.0,2164.0,34.0
data/frames/C/000084.jpg,C,0.1895,sam,1,2007.0,147.0,2078.0,214.0
data/frames/C/000084.jpg,C,0.1746,sam,1,1406.0,1300.0,1658.0,1728.0
data/frames/C/000084.jpg,C,0.1684,sam,1,1324.0,1210.0,1382.0,1299.0
data/frames/C/000084.jpg,C,0.1621,sam,1,3351.0,1970.0,3592.0,2160.0
data/frames/C/000084.jpg,C,0.1502,sam,1,1793.0,90.0,1851.0,164.0
data/frames/C/000084.jpg,C,0.3060,merged,3,1667.0,17.0,1751.0,185.0
data/frames/C/000084.jpg,C,0.5169,merged,3,1714.0,323.0,1936.0,950.0
data/frames/C/000084.jpg,C,0.2763,merged,4,2486.0,128.0,2541.0,353.0
data/frames/C/000096.jpg,C,0.5823,sam,1,1660.0,1086.0,1776.0,1275.0
data/frames/C/000096.jpg,C,0.4818,sam,1,2305.0,551.0,2770.0,1103.0
data/frames/C/000096.jpg,C,0.4732,sam,1,2905.0,798.0,3078.0,1045.0
data/frames/C/000096.jpg,C,0.4655,sam,1,1979.0,0.0,2060.0,109.0
data/frames/C/000096.jpg,C,0.4569,sam,1,2529.0,950.0,2745.0,1110.0
data/frames/C/000096.jpg,C,0.4088,sam,1,2904.0,934.0,3026.0,1051.0
data/frames/C/000096.jpg,C,0.2807,sam,1,2094.0,31.0,2148.0,82.0
data/frames/C/000096.jpg,C,0.2450,sam,1,1576.0,679.0,1673.0,825.0
data/frames/C/000096.jpg,C,0.2423,sam,1,1562.0,68.0,1635.0,151.0
data/frames/C/000096.jpg,C,0.2306,sam,1,2302.0,549.0,2467.0,717.0
data/frames/C/000096.jpg,C,0.2239,sam,1,1783.0,73.0,1850.0,155.0
data/frames/C/000096.jpg,C,0.1910,sam,1,1552.0,323.0,1620.0,423.0
data/frames/C/000096.jpg,C,0.1851,sam,1,1990.0,199.0,2052.0,260.0
data/frames/C/000096.jpg,C,0.1829,sam,1,1637.0,683.0,1674.0,825.0
data/frames/C/000096.jpg,C,0.4788,merged,2,1865.0,455.0,2135.0,1091.0
data/frames/C/000096.jpg,C,0.4594,merged,3,1565.0,0.0,1646.0,150.0
data/frames/C/000096.jpg,C,0.5190,merged,3,1731.0,504.0,1980.0,1180.0
data/frames/C/000096.jpg,C,0.3132,merged,3,2482.0,244.0,2537.0,443.0
data/frames/C/000096.jpg,C,0.4334,merged,3,1668.0,147.0,1756.0,340.0
data/frames/C/000108.jpg,C,0.5648,sam,1,2913.0,972.0,3076.0,1062.0
data/frames/C/000108.jpg,C,0.5472,sam,1,2431.0,926.0,2601.0,1020.0
data/frames/C/000108.jpg,C,0.5395,sam,1,2234.0,539.0,2619.0,1015.0
data/frames/C/000108.jpg,C,0.4772,sam,1,1676.0,0.0,1787.0,128.0
data/frames/C/000108.jpg,C,0.4685,sam,1,1704.0,1384.0,1840.0,1601.0
data/frames/C/000108.jpg,C,0.4172,sam,1,1746.0,695.0,1983.0,1199.0
data/frames/C/000108.jpg,C,0.2974,sam,1,1614.0,904.0,1702.0,1064.0
data/frames/C/000108.jpg,C,0.2539,sam,1,1640.0,0.0,1689.0,34.0
data/frames/C/000108.jpg,C,0.2310,sam,1,2903.0,1045.0,3021.0,1153.0
data/frames/C/000108.jpg,C,0.2304,sam,1,2088.0,98.0,2133.0,143.0
data/frames/C/000108.jpg,C,0.2197,sam,1,1786.0,217.0,1850.0,301.0
data/frames/C/000108.jpg,C,0.2150,sam,1,1798.0,68.0,1847.0,128.0
data/frames/C/000108.jpg,C,0.1928,sam,1,1829.0,0.0,1870.0,18.0
data/frames/C/000108.jpg,C,0.1822,sam,1,2784.0,864.0,2819.0,915.0
data/frames/C/000108.jpg,C,0.1818,sam,1,1555.0,508.0,1627.0,615.0
data/frames/C/000108.jpg,C,0.1790,sam,1,2233.0,531.0,2374.0,691.0
data/frames/C/000108.jpg,C,0.1638,sam,1,1981.0,260.0,2037.0,318.0
data/frames/C/000108.jpg,C,0.1616,sam,1,2444.0,1201.0,2596.0,1350.0
data/frames/C/000108.jpg,C,0.4707,merged,2,1978.0,0.0,2054.0,187.0
data/frames/C/000108.jpg,C,0.4672,merged,2,1835.0,1075.0,2026.0,1429.0
data/frames/C/000108.jpg,C,0.3859,merged,2,1668.0,298.0,1763.0,499.0
data/frames/C/000108.jpg,C,0.3126,merged,2,2479.0,356.0,2534.0,578.0
data/frames/C/000108.jpg,C,0.4433,merged,4,1883.0,630.0,2179.0,1306.0
data/frames/C/000108.jpg,C,0.4290,merged,3,1555.0,150.0,1638.0,315.0
data/frames/C/000120.jpg,C,0.5323,sam,1,2182.0,546.0,2499.0,958.0
data/frames/C/000120.jpg,C,0.5102,sam,1,1887.0,1363.0,2083.0,1704.0
data/frames/C/000120.jpg,C,0.4867,sam,1,1765.0,1714.0,1923.0,1965.0
data/frames/C/000120.jpg,C,0.4831,sam,1,1677.0,54.0,1791.0,259.0
data/frames/C/000120.jpg,C,0.4489,sam,1,2349.0,917.0,2483.0,968.0
data/frames/C/000120.jpg,C,0.4469,sam,1,1621.0,1150.0,1739.0,1321.0
data/frames/C/000120.jpg,C,0.4409,sam,1,1978.0,81.0,2051.0,265.0
data/frames/C/000120.jpg,C,0.4299,sam,1,1776.0,0.0,1884.0,87.0
data/frames/C/000120.jpg,C,0.3859,sam,1,2910.0,1084.0,3075.0,1173.0
data/frames/C/000120.jpg,C,0.2945,sam,1,2903.0,1159.0,3022.0,1267.0
data/frames/C/000120.jpg,C,0.2365,sam,1,2777.0,1812.0,2988.0,2031.0
data/frames/C/000120.jpg,C,0.2339,sam,1,1623.0,1149.0,1730.0,1259.0
data/frames/C/000120.jpg,C,0.2305,sam,1,2087.0,168.0,2130.0,210.0
data/frames/C/000120.jpg,C,0.2172,sam,1,2025.0,38.0,2070.0,77.0
data/frames/C/000120.jpg,C,0.2170,sam,1,2068.0,0.0,2115.0,18.0
data/frames/C/000120.jpg,C,0.2124,sam,1,1789.0,361.0,1857.0,449.0
data/frames/C/000120.jpg,C,0.2057,sam,1,1912.0,0.0,1958.0,33.0
data/frames/C/000120.jpg,C,0.2036,sam,1,2188.0,31.0,2228.0,66.0
data/frames/C/000120.jpg,C,0.1987,sam,1,1560.0,701.0,1638.0,818.0
data/frames/C/000120.jpg,C,0.1954,sam,1,1773.0,892.0,1995.0,1283.0
data/frames/C/000120.jpg,C,0.1880,sam,1,2189.0,33.0,2213.0,66.0
data/frames/C/000120.jpg,C,0.1763,sam,1,1794.0,202.0,1844.0,263.0
data/frames/C/000120.jpg,C,0.1717,sam,1,1776.0,0.0,1835.0,87.0
data/frames/C/000120.jpg,C,0.1664,sam,1,1977.0,331.0,2027.0,385.0
data/frames/C/000120.jpg,C,0.1661,sam,1,1679.0,0.0,1823.0,261.0
data/frames/C/000120.jpg,C,0.1639,sam,1,2179.0,561.0,2212.0,672.0
data/frames/C/000120.jpg,C,0.1587,sam,1,2784.0,975.0,2818.0,1027.0
data/frames/C/000120.jpg,C,0.1583,sam,1,1628.0,133.0,1676.0,180.0
data/frames/C/000120.jpg,C,0.1563,sam,1,2305.0,1082.0,2434.0,1206.0
data/frames/C/000120.jpg,C,0.1508,sam,1,1856.0,36.0,1904.0,86.0
data/frames/C/000120.jpg,C,0.3365,merged,2,2478.0,471.0,2532.0,692.0
data/frames/C/000120.jpg,C,0.4266,merged,3,1553.0,307.0,1634.0,483.0
data/frames/C/000120.jpg,C,0.4077,merged,3,1672.0,456.0,1766.0,663.0
data/frames/C/000120.jpg,C,0.3894,merged,4,1900.0,812.0,2236.0,1543.0
data/frames/C/000132.jpg,C,0.6239,sam,1,2146.0,573.0,2407.0,937.0
data/frames/C/000132.jpg,C,0.5371,sam,1,2909.0,1194.0,3076.0,1366.0
data/frames/C/000132.jpg,C,0.4906,sam,1,1941.0,1634.0,2150.0,2000.0
data/frames/C/000132.jpg,C,0.4820,sam,1,1674.0,184.0,1785.0,396.0
data/frames/C/000132.jpg,C,0.4384,sam,1,2143.0,574.0,2220.0,741.0
data/frames/C/000132.jpg,C,0.3903,sam,1,1777.0,56.0,1887.0,192.0
data/frames/C/000132.jpg,C,0.3869,sam,1,1655.0,1414.0,1785.0,1609.0
data/frames/C/000132.jpg,C,0.3678,sam,1,1931.0,1002.0,2240.0,1554.0
data/frames/C/000132.jpg,C,0.3621,sam,1,1796.0,1099.0,2091.0,1716.0
data/frames/C/000132.jpg,C,0.3602,sam,1,1980.0,173.0,2050.0,349.0
data/frames/C/000132.jpg,C,0.3285,sam,1,2096.0,1472.0,2173.0,1772.0
data/frames/C/000132.jpg,C,0.2887,sam,1,2131.0,20.0,2182.0,74.0
data/frames/C/000132.jpg,C,0.2791,sam,1,1571.0,903.0,1653.0,1030.0
data/frames/C/000132.jpg,C,0.2753,sam,1,1962.0,0.0,2037.0,38.0
data/frames/C/000132.jpg,C,0.2681,sam,1,1852.0,26.0,1899.0,61.0
data/frames/C/000132.jpg,C,0.2660,sam,1,1843.0,2085.0,1972.0,2160.0
data/frames/C/000132.jpg,C,0.2613,dino_fallback,1,1793.7,998.9,2167.4,1241.1
data/frames/C/000132.jpg,C,0.2533,sam,1,2904.0,1267.0,3024.0,1377.0
data/frames/C/000132.jpg,C,0.2399,sam,1,2104.0,1465.0,2308.0,1807.0
data/frames/C/000132.jpg,C,0.2145,sam,1,1794.0,504.0,1867.0,599.0
data/frames/C/000132.jpg,C,0.1908,sam,1,1771.0,118.0,1833.0,213.0
data/frames/C/000132.jpg,C,0.1902,sam,1,2198.0,45.0,2242.0,82.0
data/frames/C/000132.jpg,C,0.1888,sam,1,2038.0,137.0,2078.0,175.0
data/frames/C/000132.jpg,C,0.1888,sam,1,2054.0,0.0,2110.0,35.0
data/frames/C/000132.jpg,C,0.1885,sam,1,2265.0,0.0,2304.0,29.0
data/frames/C/000132.jpg,C,0.1849,sam,1,2217.0,0.0,2257.0,14.0
data/frames/C/000132.jpg,C,0.1825,sam,1,2081.0,83.0,2124.0,121.0
data/frames/C/000132.jpg,C,0.1800,sam,1,1887.0,59.0,1929.0,97.0
data/frames/C/000132.jpg,C,0.1779,sam,1,2208.0,121.0,2246.0,154.0
data/frames/C/000132.jpg,C,0.1774,sam,1,1974.0,407.0,2024.0,462.0
data/frames/C/000132.jpg,C,0.1729,sam,1,2006.0,23.0,2051.0,65.0
data/frames/C/000132.jpg,C,0.1690,sam,1,2561.0,1594.0,2739.0,1771.0
data/frames/C/000132.jpg,C,0.1615,sam,1,1792.0,336.0,1843.0,398.0
data/frames/C/000132.jpg,C,0.1553,sam,1,1614.0,279.0,1664.0,328.0
data/frames/C/000132.jpg,C,0.1530,sam,1,2091.0,244.0,2131.0,282.0
data/frames/C/000132.jpg,C,0.4458,merged,2,1678.0,606.0,1782.0,834.0
data/frames/C/000132.jpg,C,0.2891,merged,2,2477.0,587.0,2530.0,803.0
data/frames/C/000132.jpg,C,0.3997,merged,3,1549.0,467.0,1636.0,655.0
data/frames/C/000144.jpg,C,0.5271,sam,1,2114.0,609.0,2334.0,931.0
data/frames/C/000144.jpg,C,0.4669,sam,1,1827.0,1318.0,2163.0,2047.0
data/frames/C/000144.jpg,C,0.4279,sam,1,1670.0,316.0,1780.0,532.0
data/frames/C/000144.jpg,C,0.3847,sam,1,2111.0,610.0,2156.0,788.0
data/frames/C/000144.jpg,C,0.3485,sam,1,2003.0,1922.0,2208.0,2160.0
data/frames/C/000144.jpg,C,0.3479,sam,1,1779.0,175.0,1883.0,294.0
data/frames/C/000144.jpg,C,0.3439,sam,1,2913.0,1305.0,3078.0,1392.0
data/frames/C/000144.jpg,C,0.3395,sam,1,2145.0,23.0,2274.0,102.0
data/frames/C/000144.jpg,C,0.3304,sam,1,2908.0,1380.0,3025.0,1497.0
data/frames/C/000144.jpg,C,0.3289,sam,1,2144.0,43.0,2203.0,105.0
data/frames/C/000144.jpg,C,0.3222,sam,1,2085.0,0.0,2216.0,72.0
data/frames/C/000144.jpg,C,0.3170,sam,1,2142.0,128.0,2195.0,181.0
data/frames/C/000144.jpg,C,0.2961,sam,1,1698.0,1708.0,1842.0,1929.0
data/frames/C/000144.jpg,C,0.2688,sam,1,1850.0,925.0,1914.0,958.0
data/frames/C/000144.jpg,C,0.2671,sam,1,2131.0,981.0,2226.0,1073.0
data/frames/C/000144.jpg,C,0.2608,sam,1,1831.0,158.0,1874.0,182.0
data/frames/C/000144.jpg,C,0.2542,sam,1,2086.0,11.0,2141.0,73.0
data/frames/C/000144.jpg,C,0.2534,sam,1,1581.0,1117.0,1669.0,1256.0
data/frames/C/000144.jpg,C,0.2477,sam,1,2170.0,1712.0,2391.0,2093.0
data/frames/C/000144.jpg,C,0.2018,sam,1,1804.0,654.0,1872.0,752.0
data/frames/C/000144.jpg,C,0.1831,sam,1,1975.0,491.0,2023.0,542.0
data/frames/C/000144.jpg,C,0.1781,sam,1,2398.0,1447.0,2546.0,1596.0
data/frames/C/000144.jpg,C,0.1766,sam,1,2049.0,239.0,2090.0,274.0
data/frames/C/000144.jpg,C,0.1604,sam,1,2093.0,189.0,2135.0,225.0
data/frames/C/000144.jpg,C,0.1591,sam,1,1842.0,864.0,1916.0,958.0
data/frames/C/000144.jpg,C,0.1576,sam,1,2336.0,0.0,2386.0,35.0
data/frames/C/000144.jpg,C,0.1568,sam,1,1999.0,147.0,2046.0,188.0
data/frames/C/000144.jpg,C,0.1564,sam,1,2122.0,18.0,2156.0,87.0
data/frames/C/000144.jpg,C,0.1557,sam,1,1762.0,243.0,1829.0,340.0
data/frames/C/000144.jpg,C,0.1526,sam,1,2518.0,914.0,2548.0,950.0
data/frames/C/000144.jpg,C,0.1522,sam,1,1882.0,183.0,1922.0,220.0
data/frames/C/000144.jpg,C,0.3418,merged,2,1983.0,271.0,2055.0,436.0
data/frames/C/000144.jpg,C,0.2897,merged,2,2477.0,698.0,2529.0,916.0
data/frames/C/000144.jpg,C,0.4108,merged,3,1552.0,632.0,1637.0,835.0
data/frames/C/000144.jpg,C,0.4624,merged,3,1686.0,772.0,1792.0,1012.0
data/frames/C/000144.jpg,C,0.2936,merged,4,1953.0,96.0,2091.0,161.0
data/frames/C/000156.jpg,C,0.5619,sam,1,2093.0,656.0,2275.0,945.0
data/frames/C/000156.jpg,C,0.4681,sam,1,1668.0,448.0,1774.0,672.0
data/frames/C/000156.jpg,C,0.4056,sam,1,1764.0,305.0,1876.0,444.0
data/frames/C/000156.jpg,C,0.3939,sam,1,1988.0,367.0,2063.0,524.0
data/frames/C/000156.jpg,C,0.3859,sam,1,2066.0,115.0,2196.0,196.0
data/frames/C/000156.jpg,C,0.3748,sam,1,1866.0,1422.0,2462.0,2158.0
data/frames/C/000156.jpg,C,0.3561,sam,1,2141.0,138.0,2266.0,223.0
data/frames/C/000156.jpg,C,0.3529,sam,1,2910.0,1351.0,3080.0,1619.0
data/frames/C/000156.jpg,C,0.3428,sam,1,2139.0,162.0,2196.0,225.0
data/frames/C/000156.jpg,C,0.2946,sam,1,2066.0,135.0,2135.0,196.0
data/frames/C/000156.jpg,C,0.2790,sam,1,2300.0,101.0,2371.0,153.0
data/frames/C/000156.jpg,C,0.2552,sam,1,2156.0,237.0,2207.0,287.0
data/frames/C/000156.jpg,C,0.2289,sam,1,1864.0,1553.0,2246.0,2160.0
data/frames/C/000156.jpg,C,0.2285,sam,1,2080.0,979.0,2164.0,1060.0
data/frames/C/000156.jpg,C,0.2217,sam,1,1855.0,1030.0,1934.0,1129.0
data/frames/C/000156.jpg,C,0.2203,sam,1,1807.0,803.0,1883.0,907.0
data/frames/C/000156.jpg,C,0.2160,sam,1,2908.0,1490.0,3028.0,1606.0
data/frames/C/000156.jpg,C,0.2083,sam,1,1800.0,289.0,1849.0,329.0
data/frames/C/000156.jpg,C,0.2047,sam,1,1753.0,2035.0,1896.0,2160.0
data/frames/C/000156.jpg,C,0.2038,sam,1,1595.0,1347.0,1691.0,1498.0
data/frames/C/000156.jpg,C,0.1905,sam,1,1976.0,577.0,2024.0,625.0
data/frames/C/000156.jpg,C,0.1692,sam,1,2112.0,139.0,2148.0,207.0
data/frames/C/000156.jpg,C,0.1628,sam,1,1789.0,609.0,1843.0,673.0
data/frames/C/000156.jpg,C,0.1526,sam,1,1698.0,378.0,1753.0,428.0
data/frames/C/000156.jpg,C,0.2470,merged,2,2167.0,918.0,2268.0,949.0
data/frames/C/000156.jpg,C,0.4364,merged,3,1552.0,802.0,1640.0,1022.0
data/frames/C/000156.jpg,C,0.2140,merged,3,2475.0,847.0,2533.0,1027.0
data/frames/C/000156.jpg,C,0.2845,merged,4,1945.0,217.0,2104.0,282.0
data/frames/C/000156.jpg,C,0.4926,merged,4,1688.0,935.0,1810.0,1197.0
data/frames/C/000168.jpg,C,0.5300,sam,1,2911.0,1459.0,3081.0,1712.0
data/frames/C/000168.jpg,C,0.5180,sam,1,2081.0,713.0,2232.0,972.0
data/frames/C/000168.jpg,C,0.4455,sam,1,1668.0,576.0,1769.0,811.0
data/frames/C/000168.jpg,C,0.4238,sam,1,2134.0,933.0,2222.0,974.0
data/frames/C/000168.jpg,C,0.3721,sam,1,2047.0,234.0,2176.0,316.0
data/frames/C/000168.jpg,C,0.3717,sam,1,1993.0,465.0,2069.0,614.0
data/frames/C/000168.jpg,C,0.3651,sam,1,1752.0,425.0,1866.0,590.0
data/frames/C/000168.jpg,C,0.3372,sam,1,2133.0,255.0,2259.0,340.0
data/frames/C/000168.jpg,C,0.3245,sam,1,1911.0,1808.0,2210.0,2160.0
data/frames/C/000168.jpg,C,0.2802,sam,1,1816.0,954.0,1896.0,1063.0
data/frames/C/000168.jpg,C,0.2726,sam,1,2134.0,278.0,2190.0,339.0
data/frames/C/000168.jpg,C,0.2633,sam,1,2911.0,1600.0,3033.0,1704.0
data/frames/C/000168.jpg,C,0.2630,sam,1,2293.0,214.0,2370.0,267.0
data/frames/C/000168.jpg,C,0.2600,sam,1,2169.0,342.0,2222.0,392.0
data/frames/C/000168.jpg,C,0.2386,sam,1,1913.0,1649.0,2461.0,2158.0
data/frames/C/000168.jpg,C,0.2339,sam,1,2040.0,998.0,2118.0,1071.0
data/frames/C/000168.jpg,C,0.2216,sam,1,2046.0,252.0,2103.0,317.0
data/frames/C/000168.jpg,C,0.2213,sam,1,2293.0,214.0,2345.0,266.0
data/frames/C/000168.jpg,C,0.2140,sam,1,1772.0,425.0,1819.0,468.0
data/frames/C/000168.jpg,C,0.2026,sam,1,2123.0,490.0,2162.0,523.0
data/frames/C/000168.jpg,C,0.1985,sam,1,1615.0,1593.0,1722.0,1759.0
data/frames/C/000168.jpg,C,0.1914,sam,1,1673.0,517.0,1731.0,571.0
data/frames/C/000168.jpg,C,0.1849,sam,1,1872.0,1201.0,1957.0,1306.0
data/frames/C/000168.jpg,C,0.1764,sam,1,2187.0,1304.0,2212.0,1354.0
data/frames/C/000168.jpg,C,0.1761,sam,1,2187.0,1300.0,2296.0,1406.0
data/frames/C/000168.jpg,C,0.1680,sam,1,1979.0,660.0,2025.0,708.0
data/frames/C/000168.jpg,C,0.1612,sam,1,1866.0,422.0,1908.0,462.0
data/frames/C/000168.jpg,C,0.5708,merged,2,1697.0,1113.0,1834.0,1391.0
data/frames/C/000168.jpg,C,0.2859,merged,2,2475.0,961.0,2530.0,1136.0
data/frames/C/000168.jpg,C,0.4677,merged,3,1553.0,975.0,1645.0,1218.0
data/frames/C/000168.jpg,C,0.2939,merged,3,1941.0,334.0,2069.0,397.0
data/frames/C/000180.jpg,C,0.5067,sam,1,2916.0,1569.0,3086.0,1812.0
data/frames/C/000180.jpg,C,0.4546,sam,1,2027.0,352.0,2155.0,436.0
data/frames/C/000180.jpg,C,0.4394,sam,1,1999.0,560.0,2080.0,705.0
data/frames/C/000180.jpg,C,0.4187,sam,1,2128.0,371.0,2254.0,453.0
data/frames/C/000180.jpg,C,0.3995,sam,1,1740.0,544.0,1862.0,714.0
data/frames/C/000180.jpg,C,0.3281,sam,1,2289.0,326.0,2365.0,381.0
data/frames/C/000180.jpg,C,0.3027,sam,1,2182.0,447.0,2233.0,494.0
data/frames/C/000180.jpg,C,0.2891,sam,1,1792.0,915.0,1846.0,951.0
data/frames/C/000180.jpg,C,0.2862,sam,1,1826.0,1107.0,1911.0,1223.0
data/frames/C/000180.jpg,C,0.2669,sam,1,2122.0,1282.0,2216.0,1373.0
data/frames/C/000180.jpg,C,0.2537,sam,1,1569.0,914.0,1621.0,945.0
data/frames/C/000180.jpg,C,0.2534,sam,1,2128.0,393.0,2184.0,454.0
data/frames/C/000180.jpg,C,0.2460,sam,1,2916.0,1710.0,3038.0,1812.0
data/frames/C/000180.jpg,C,0.2129,sam,1,2016.0,1035.0,2086.0,1101.0
data/frames/C/000180.jpg,C,0.2105,sam,1,1980.0,1893.0,2410.0,2160.0
data/frames/C/000180.jpg,C,0.2082,sam,1,2182.0,450.0,2215.0,494.0
data/frames/C/000180.jpg,C,0.2058,sam,1,1894.0,1378.0,1985.0,1493.0
data/frames/C/000180.jpg,C,0.2039,sam,1,1651.0,655.0,1711.0,713.0
data/frames/C/000180.jpg,C,0.1961,sam,1,1642.0,1863.0,1763.0,2052.0
data/frames/C/000180.jpg,C,0.1925,sam,1,2127.0,1925.0,2220.0,2160.0
data/frames/C/000180.jpg,C,0.1848,sam,1,2027.0,372.0,2096.0,436.0
data/frames/C/000180.jpg,C,0.1787,sam,1,2083.0,352.0,2155.0,440.0
data/frames/C/000180.jpg,C,0.1750,dino_fallback,1,1976.9,1895.6,2206.6,2158.5
data/frames/C/000180.jpg,C,0.1681,sam,1,2031.0,460.0,2097.0,507.0
data/frames/C/000180.jpg,C,0.1678,sam,1,1982.0,745.0,2028.0,792.0
data/frames/C/000180.jpg,C,0.1573,sam,1,1569.0,882.0,1624.0,945.0
data/frames/C/000180.jpg,C,0.1558,sam,1,2312.0,332.0,2377.0,383.0
data/frames/C/000180.jpg,C,0.1539,sam,1,1791.0,880.0,1848.0,950.0
data/frames/C/000180.jpg,C,0.1537,sam,1,2273.0,449.0,2305.0,483.0
data/frames/C/000180.jpg,C,0.5670,merged,2,1713.0,1318.0,1858.0,1599.0
data/frames/C/000180.jpg,C,0.5495,merged,2,2073.0,774.0,2203.0,1010.0
data/frames/C/000180.jpg,C,0.3374,merged,2,2475.0,1026.0,2529.0,1245.0
data/frames/C/000180.jpg,C,0.4033,merged,3,1560.0,1156.0,1660.0,1427.0
data/frames/C/000180.jpg,C,0.2785,merged,3,1931.0,450.0,2070.0,514.0
data/frames/C/000180.jpg,C,0.4987,merged,3,1659.0,707.0,1766.0,954.0
data/frames/C/000192.jpg,C,0.5743,sam,1,2926.0,1681.0,3090.0,1850.0
data/frames/C/000192.jpg,C,0.5577,sam,1,1653.0,944.0,1748.0,1099.0
data/frames/C/000192.jpg,C,0.5350,sam,1,2077.0,921.0,2179.0,1057.0
data/frames/C/000192.jpg,C,0.4530,sam,1,1726.0,668.0,1850.0,840.0
data/frames/C/000192.jpg,C,0.4369,sam,1,2003.0,659.0,2087.0,799.0
data/frames/C/000192.jpg,C,0.4287,sam,1,2005.0,470.0,2135.0,556.0
data/frames/C/000192.jpg,C,0.3830,sam,1,2121.0,482.0,2244.0,568.0
data/frames/C/000192.jpg,C,0.2862,sam,1,2280.0,438.0,2360.0,495.0
data/frames/C/000192.jpg,C,0.2673,sam,1,1837.0,1268.0,1929.0,1390.0
data/frames/C/000192.jpg,C,0.2521,sam,1,2120.0,506.0,2179.0,568.0
data/frames/C/000192.jpg,C,0.2487,sam,1,2195.0,550.0,2243.0,597.0
data/frames/C/000192.jpg,C,0.2388,sam,1,1719.0,693.0,1769.0,744.0
data/frames/C/000192.jpg,C,0.2345,sam,1,1627.0,797.0,1689.0,860.0
data/frames/C/000192.jpg,C,0.2337,sam,1,2004.0,490.0,2070.0,556.0
data/frames/C/000192.jpg,C,0.2328,sam,1,1999.0,1083.0,2062.0,1146.0
data/frames/C/000192.jpg,C,0.2328,sam,1,1917.0,1567.0,2013.0,1691.0
data/frames/C/000192.jpg,C,0.2176,sam,1,1790.0,1018.0,1851.0,1093.0
data/frames/C/000192.jpg,C,0.2167,sam,1,2075.0,1290.0,2156.0,1369.0
data/frames/C/000192.jpg,C,0.2121,sam,1,2182.0,1252.0,2213.0,1318.0
data/frames/C/000192.jpg,C,0.2008,sam,1,2919.0,1820.0,3042.0,1922.0
data/frames/C/000192.jpg,C,0.1896,sam,1,1821.0,780.0,1873.0,834.0
data/frames/C/000192.jpg,C,0.1809,sam,1,2153.0,664.0,2190.0,695.0
data/frames/C/000192.jpg,C,0.1740,sam,1,2075.0,531.0,2115.0,558.0
data/frames/C/000192.jpg,C,0.1664,sam,1,1719.0,670.0,1797.0,742.0
data/frames/C/000192.jpg,C,0.1652,sam,1,1984.0,831.0,2028.0,878.0
data/frames/C/000192.jpg,C,0.1637,sam,1,1556.0,1044.0,1617.0,1112.0
data/frames/C/000192.jpg,C,0.1619,sam,1,1850.0,657.0,1893.0,699.0
data/frames/C/000192.jpg,C,0.1610,sam,1,2193.0,554.0,2208.0,593.0
data/frames/C/000192.jpg,C,0.1605,sam,1,1877.0,731.0,1920.0,769.0
data/frames/C/000192.jpg,C,0.1600,sam,1,2285.0,555.0,2305.0,584.0
data/frames/C/000192.jpg,C,0.1597,sam,1,2137.0,600.0,2178.0,634.0
data/frames/C/000192.jpg,C,0.4275,merged,4,1565.0,1350.0,1686.0,1650.0
data/frames/C/000192.jpg,C,0.2668,merged,3,1922.0,568.0,2057.0,628.0
data/frames/C/000192.jpg,C,0.6126,merged,3,1725.0,1484.0,1903.0,1825.0
data/frames/C/000192.jpg,C,0.2520,merged,3,2474.0,1162.0,2530.0,1355.0
data/frames/C/000204.jpg,C,0.5433,sam,1,2068.0,918.0,2163.0,1116.0
data/frames/C/000204.jpg,C,0.4417,sam,1,2009.0,762.0,2094.0,891.0
data/frames/C/000204.jpg,C,0.4395,sam,1,1723.0,789.0,1844.0,969.0
data/frames/C/000204.jpg,C,0.4379,sam,1,2924.0,1788.0,3096.0,2032.0
data/frames/C/000204.jpg,C,0.4195,sam,1,1983.0,588.0,2112.0,676.0
data/frames/C/000204.jpg,C,0.3888,sam,1,2114.0,594.0,2241.0,682.0
data/frames/C/000204.jpg,C,0.3540,sam,1,2114.0,621.0,2173.0,683.0
data/frames/C/000204.jpg,C,0.3008,sam,1,2273.0,551.0,2371.0,612.0
data/frames/C/000204.jpg,C,0.2979,sam,1,2207.0,654.0,2257.0,703.0
data/frames/C/000204.jpg,C,0.2915,sam,1,1721.0,915.0,1787.0,971.0
data/frames/C/000204.jpg,C,0.2724,sam,1,1851.0,1435.0,1947.0,1567.0
data/frames/C/000204.jpg,C,0.2640,sam,1,1982.0,604.0,2051.0,676.0
data/frames/C/000204.jpg,C,0.2469,sam,1,1816.0,910.0,1866.0,959.0
data/frames/C/000204.jpg,C,0.2334,sam,1,1622.0,943.0,1671.0,1009.0
data/frames/C/000204.jpg,C,0.2277,sam,1,1945.0,1762.0,2049.0,1899.0
data/frames/C/000204.jpg,C,0.2202,sam,1,1692.0,825.0,1744.0,880.0
data/frames/C/000204.jpg,C,0.2174,sam,1,1988.0,1142.0,2047.0,1201.0
data/frames/C/000204.jpg,C,0.2069,sam,1,2476.0,1379.0,2530.0,1463.0
data/frames/C/000204.jpg,C,0.2045,sam,1,2170.0,755.0,2207.0,785.0
data/frames/C/000204.jpg,C,0.2029,sam,1,1793.0,1164.0,1853.0,1240.0
data/frames/C/000204.jpg,C,0.1995,sam,1,2041.0,1317.0,2116.0,1391.0
data/frames/C/000204.jpg,C,0.1932,sam,1,2924.0,1931.0,3049.0,2034.0
data/frames/C/000204.jpg,C,0.1887,sam,1,2062.0,645.0,2102.0,676.0
data/frames/C/000204.jpg,C,0.1818,sam,1,2147.0,705.0,2190.0,736.0
data/frames/C/000204.jpg,C,0.1782,sam,1,1955.0,739.0,2001.0,785.0
data/frames/C/000204.jpg,C,0.1759,sam,1,1989.0,922.0,2032.0,968.0
data/frames/C/000204.jpg,C,0.1748,sam,1,1840.0,774.0,1885.0,818.0
data/frames/C/000204.jpg,C,0.1574,sam,1,2049.0,686.0,2088.0,717.0
data/frames/C/000204.jpg,C,0.1570,sam,1,1909.0,588.0,2113.0,744.0
data/frames/C/000204.jpg,C,0.1563,sam,1,1795.0,993.0,1843.0,1044.0
data/frames/C/000204.jpg,C,0.1554,sam,1,2101.0,738.0,2141.0,771.0
data/frames/C/000204.jpg,C,0.1546,sam,1,1910.0,782.0,1954.0,826.0
data/frames/C/000204.jpg,C,0.1539,sam,1,1557.0,1213.0,1610.0,1246.0
data/frames/C/000204.jpg,C,0.5244,merged,2,1659.0,972.0,1756.0,1248.0
data/frames/C/000204.jpg,C,0.2442,merged,2,2477.0,1248.0,2529.0,1420.0
data/frames/C/000204.jpg,C,0.4979,merged,4,1745.0,1689.0,1933.0,2070.0
data/frames/C/000204.jpg,C,0.3453,merged,3,2674.0,2030.0,3183.0,2160.0
data/frames/C/000204.jpg,C,0.2886,merged,4,1908.0,682.0,2044.0,748.0
data/frames/C/000204.jpg,C,0.3611,merged,4,1564.0,1558.0,1710.0,1898.0
data/frames/C/000216.jpg,C,0.4857,sam,1,2069.0,994.0,2149.0,1177.0
data/frames/C/000216.jpg,C,0.4762,sam,1,1714.0,913.0,1832.0,1098.0
data/frames/C/000216.jpg,C,0.4598,sam,1,1961.0,705.0,2090.0,794.0
data/frames/C/000216.jpg,C,0.4463,sam,1,2016.0,913.0,2086.0,988.0
data/frames/C/000216.jpg,C,0.4412,sam,1,2015.0,860.0,2101.0,988.0
data/frames/C/000216.jpg,C,0.4383,sam,1,2107.0,707.0,2228.0,795.0
data/frames/C/000216.jpg,C,0.3733,sam,1,1771.0,1911.0,1967.0,2160.0
data/frames/C/000216.jpg,C,0.3471,sam,1,1667.0,966.0,1722.0,1023.0
data/frames/C/000216.jpg,C,0.3087,sam,1,2219.0,759.0,2270.0,806.0
data/frames/C/000216.jpg,C,0.2919,sam,1,2107.0,730.0,2164.0,794.0
data/frames/C/000216.jpg,C,0.2895,sam,1,2263.0,661.0,2364.0,724.0
data/frames/C/000216.jpg,C,0.2825,sam,1,1588.0,1090.0,1653.0,1161.0
data/frames/C/000216.jpg,C,0.2714,sam,1,1629.0,1094.0,1654.0,1156.0
data/frames/C/000216.jpg,C,0.2706,sam,1,1823.0,1911.0,1912.0,2067.0
data/frames/C/000216.jpg,C,0.2659,sam,1,1983.0,1206.0,2032.0,1251.0
data/frames/C/000216.jpg,C,0.2603,sam,1,1961.0,722.0,2034.0,795.0
data/frames/C/000216.jpg,C,0.2176,sam,1,1902.0,911.0,1945.0,943.0
data/frames/C/000216.jpg,C,0.2134,sam,1,2048.0,754.0,2086.0,791.0
data/frames/C/000216.jpg,C,0.2082,sam,1,1868.0,1610.0,1973.0,1750.0
data/frames/C/000216.jpg,C,0.2020,sam,1,1977.0,1971.0,2090.0,2116.0
data/frames/C/000216.jpg,C,0.1998,sam,1,1813.0,2063.0,1967.0,2160.0
data/frames/C/000216.jpg,C,0.1958,sam,1,2188.0,845.0,2224.0,876.0
data/frames/C/000216.jpg,C,0.1958,sam,1,1806.0,1027.0,1860.0,1087.0
data/frames/C/000216.jpg,C,0.1901,sam,1,1831.0,913.0,1873.0,935.0
data/frames/C/000216.jpg,C,0.1891,sam,1,2112.0,839.0,2150.0,871.0
data/frames/C/000216.jpg,C,0.1862,sam,1,1992.0,1015.0,2034.0,1058.0
data/frames/C/000216.jpg,C,0.1768,sam,1,1791.0,1123.0,1840.0,1176.0
data/frames/C/000216.jpg,C,0.1758,sam,1,2042.0,800.0,2083.0,829.0
data/frames/C/000216.jpg,C,0.1691,sam,1,2159.0,805.0,2202.0,838.0
data/frames/C/000216.jpg,C,0.1689,sam,1,1831.0,891.0,1876.0,935.0
data/frames/C/000216.jpg,C,0.1669,sam,1,1944.0,855.0,1993.0,904.0
data/frames/C/000216.jpg,C,0.1653,sam,1,1862.0,972.0,1907.0,1012.0
data/frames/C/000216.jpg,C,0.1511,sam,1,2017.0,1359.0,2084.0,1429.0
data/frames/C/000216.jpg,C,0.2770,merged,3,1575.0,1783.0,1729.0,2160.0
data/frames/C/000216.jpg,C,0.5453,merged,3,1652.0,1109.0,1755.0,1402.0
data/frames/C/000216.jpg,C,0.2017,merged,2,2477.0,1356.0,2529.0,1575.0
data/frames/C/000216.jpg,C,0.2973,merged,4,1895.0,800.0,2026.0,868.0
data/frames/C/000216.jpg,C,0.3248,merged,4,2534.0,1897.0,3099.0,2160.0
data/frames/C/000228.jpg,C,0.5907,sam,1,1658.0,1250.0,1753.0,1555.0
data/frames/C/000228.jpg,C,0.4946,sam,1,1703.0,1034.0,1821.0,1228.0
data/frames/C/000228.jpg,C,0.4828,sam,1,2023.0,958.0,2112.0,1082.0
data/frames/C/000228.jpg,C,0.4777,sam,1,2074.0,1074.0,2142.0,1243.0
data/frames/C/000228.jpg,C,0.4474,sam,1,1941.0,821.0,2068.0,913.0
data/frames/C/000228.jpg,C,0.4338,sam,1,2101.0,826.0,2219.0,907.0
data/frames/C/000228.jpg,C,0.3479,sam,1,2233.0,860.0,2282.0,908.0
data/frames/C/000228.jpg,C,0.3370,sam,1,1599.0,2026.0,1730.0,2160.0
data/frames/C/000228.jpg,C,0.2979,sam,1,2254.0,770.0,2357.0,835.0
data/frames/C/000228.jpg,C,0.2966,sam,1,1643.0,1101.0,1701.0,1166.0
data/frames/C/000228.jpg,C,0.2753,sam,1,2100.0,843.0,2155.0,907.0
data/frames/C/000228.jpg,C,0.2374,sam,1,1891.0,1795.0,2006.0,1946.0
data/frames/C/000228.jpg,C,0.2330,sam,1,1976.0,1276.0,2027.0,1330.0
data/frames/C/000228.jpg,C,0.2171,sam,1,2038.0,915.0,2076.0,940.0
data/frames/C/000228.jpg,C,0.2144,sam,1,1820.0,1007.0,1866.0,1053.0
data/frames/C/000228.jpg,C,0.2137,sam,1,1800.0,1153.0,1853.0,1216.0
data/frames/C/000228.jpg,C,0.2129,sam,1,1570.0,1240.0,1637.0,1317.0
data/frames/C/000228.jpg,C,0.1999,sam,1,2120.0,938.0,2163.0,972.0
data/frames/C/000228.jpg,C,0.1947,sam,1,2172.0,913.0,2213.0,938.0
data/frames/C/000228.jpg,C,0.1903,sam,1,2284.0,802.0,2337.0,838.0
data/frames/C/000228.jpg,C,0.1838,sam,1,1886.0,820.0,2069.0,977.0
data/frames/C/000228.jpg,C,0.1809,sam,1,1799.0,1462.0,1869.0,1548.0
data/frames/C/000228.jpg,C,0.1784,sam,1,1996.0,1108.0,2040.0,1150.0
data/frames/C/000228.jpg,C,0.1725,sam,1,2002.0,1411.0,2062.0,1476.0
data/frames/C/000228.jpg,C,0.1724,sam,1,1894.0,1019.0,1938.0,1061.0
data/frames/C/000228.jpg,C,0.1722,sam,1,2035.0,873.0,2074.0,907.0
data/frames/C/000228.jpg,C,0.1715,sam,1,2206.0,939.0,2243.0,968.0
data/frames/C/000228.jpg,C,0.1607,sam,1,1935.0,973.0,1983.0,1020.0
data/frames/C/000228.jpg,C,0.1579,sam,1,2106.0,1386.0,2170.0,1448.0
data/frames/C/000228.jpg,C,0.1538,sam,1,1544.0,1567.0,1612.0,1657.0
data/frames/C/000228.jpg,C,0.1520,sam,1,1855.0,1094.0,1900.0,1135.0
data/frames/C/000228.jpg,C,0.2413,merged,2,2478.0,1466.0,2533.0,1682.0
data/frames/C/000228.jpg,C,0.4663,merged,4,2425.0,1861.0,2980.0,2160.0
data/frames/C/000228.jpg,C,0.3078,merged,4,1882.0,917.0,2013.0,984.0
data/frames/C/000240.jpg,C,0.5575,sam,1,1659.0,1389.0,1756.0,1718.0
data/frames/C/000240.jpg,C,0.5542,sam,1,2332.0,1828.0,2877.0,2160.0
data/frames/C/000240.jpg,C,0.4586,sam,1,2085.0,936.0,2216.0,1018.0
data/frames/C/000240.jpg,C,0.4577,sam,1,1924.0,938.0,2049.0,1032.0
data/frames/C/000240.jpg,C,0.4550,sam,1,1695.0,1159.0,1811.0,1360.0
data/frames/C/000240.jpg,C,0.4384,sam,1,2030.0,1060.0,2119.0,1182.0
data/frames/C/000240.jpg,C,0.3346,sam,1,2244.0,967.0,2295.0,1011.0
data/frames/C/000240.jpg,C,0.3293,sam,1,2093.0,957.0,2150.0,1019.0
data/frames/C/000240.jpg,C,0.2886,sam,1,2244.0,881.0,2355.0,948.0
data/frames/C/000240.jpg,C,0.2795,sam,1,1918.0,1993.0,2044.0,2160.0
data/frames/C/000240.jpg,C,0.2587,sam,1,1623.0,1246.0,1680.0,1313.0
data/frames/C/000240.jpg,C,0.2480,sam,1,1974.0,1354.0,2024.0,1404.0
data/frames/C/000240.jpg,C,0.2258,sam,1,1874.0,938.0,2050.0,1100.0
data/frames/C/000240.jpg,C,0.2232,sam,1,2333.0,1932.0,2507.0,2110.0
data/frames/C/000240.jpg,C,0.2151,sam,1,1922.0,957.0,1992.0,1034.0
data/frames/C/000240.jpg,C,0.2127,sam,1,2020.0,988.0,2061.0,1024.0
data/frames/C/000240.jpg,C,0.2110,sam,1,1556.0,1396.0,1624.0,1481.0
data/frames/C/000240.jpg,C,0.2022,sam,1,1809.0,1133.0,1854.0,1176.0
data/frames/C/000240.jpg,C,0.1993,sam,1,2098.0,1448.0,2151.0,1506.0
data/frames/C/000240.jpg,C,0.1899,sam,1,1805.0,1620.0,1880.0,1713.0
data/frames/C/000240.jpg,C,0.1837,sam,1,1715.0,1159.0,1812.0,1254.0
data/frames/C/000240.jpg,C,0.1821,sam,1,1990.0,1473.0,2047.0,1536.0
data/frames/C/000240.jpg,C,0.1796,sam,1,2275.0,920.0,2338.0,950.0
data/frames/C/000240.jpg,C,0.1781,sam,1,2132.0,1040.0,2173.0,1074.0
data/frames/C/000240.jpg,C,0.1757,sam,1,1546.0,1762.0,1617.0,1863.0
data/frames/C/000240.jpg,C,0.1703,sam,1,2426.0,1827.0,2582.0,1947.0
data/frames/C/000240.jpg,C,0.1691,sam,1,1928.0,1089.0,1974.0,1138.0
data/frames/C/000240.jpg,C,0.1689,sam,1,2001.0,1205.0,2043.0,1244.0
data/frames/C/000240.jpg,C,0.1667,sam,1,2080.0,956.0,2111.0,976.0
data/frames/C/000240.jpg,C,0.1653,sam,1,2248.0,889.0,2298.0,943.0
data/frames/C/000240.jpg,C,0.1615,sam,1,1794.0,1282.0,1847.0,1346.0
data/frames/C/000240.jpg,C,0.1610,sam,1,2225.0,1036.0,2261.0,1063.0
data/frames/C/000240.jpg,C,0.1601,sam,1,2033.0,1024.0,2072.0,1054.0
data/frames/C/000240.jpg,C,0.1594,sam,1,1886.0,1137.0,1930.0,1182.0
data/frames/C/000240.jpg,C,0.1564,sam,1,1848.0,1220.0,1893.0,1248.0
data/frames/C/000240.jpg,C,0.4191,merged,2,2075.0,1158.0,2142.0,1319.0
data/frames/C/000240.jpg,C,0.2639,merged,2,2480.0,1578.0,2535.0,1799.0
data/frames/C/000240.jpg,C,0.3951,merged,3,1874.0,1034.0,2003.0,1102.0
data/frames/C/000252.jpg,C,0.6064,sam,1,1660.0,1535.0,1764.0,1890.0
data/frames/C/000252.jpg,C,0.5148,sam,1,2263.0,1819.0,2740.0,2160.0
data/frames/C/000252.jpg,C,0.4891,sam,1,1685.0,1283.0,1803.0,1494.0
data/frames/C/000252.jpg,C,0.4503,sam,1,1900.0,1055.0,2028.0,1153.0
data/frames/C/000252.jpg,C,0.4379,sam,1,2087.0,1051.0,2204.0,1136.0
data/frames/C/000252.jpg,C,0.4331,sam,1,2044.0,1161.0,2127.0,1255.0
data/frames/C/000252.jpg,C,0.4021,sam,1,2078.0,1243.0,2147.0,1394.0
data/frames/C/000252.jpg,C,0.3494,sam,1,2239.0,992.0,2354.0,1062.0
data/frames/C/000252.jpg,C,0.3291,sam,1,2258.0,1070.0,2301.0,1116.0
data/frames/C/000252.jpg,C,0.3084,sam,1,2087.0,1073.0,2143.0,1135.0
data/frames/C/000252.jpg,C,0.2620,sam,1,1600.0,1394.0,1660.0,1468.0
data/frames/C/000252.jpg,C,0.2475,sam,1,2239.0,998.0,2289.0,1054.0
data/frames/C/000252.jpg,C,0.2346,sam,1,2270.0,1028.0,2315.0,1064.0
data/frames/C/000252.jpg,C,0.2328,sam,1,1624.0,1394.0,1660.0,1465.0
data/frames/C/000252.jpg,C,0.2289,sam,1,1863.0,1055.0,2028.0,1216.0
data/frames/C/000252.jpg,C,0.2218,sam,1,1862.0,1055.0,2057.0,1221.0
data/frames/C/000252.jpg,C,0.2159,sam,1,2004.0,1102.0,2046.0,1140.0
data/frames/C/000252.jpg,C,0.2139,sam,1,1975.0,1433.0,2021.0,1484.0
data/frames/C/000252.jpg,C,0.2122,sam,1,1899.0,1084.0,1967.0,1155.0
data/frames/C/000252.jpg,C,0.2119,sam,1,2260.0,1926.0,2414.0,2089.0
data/frames/C/000252.jpg,C,0.2106,sam,1,1918.0,1211.0,1964.0,1250.0
data/frames/C/000252.jpg,C,0.2076,sam,1,2481.0,1786.0,2634.0,1989.0
data/frames/C/000252.jpg,C,0.2058,sam,1,2326.0,1967.0,2595.0,2160.0
data/frames/C/000252.jpg,C,0.2032,sam,1,1545.0,1562.0,1614.0,1651.0
data/frames/C/000252.jpg,C,0.1988,sam,1,2143.0,1142.0,2183.0,1176.0
data/frames/C/000252.jpg,C,0.1983,sam,1,2026.0,1137.0,2064.0,1169.0
data/frames/C/000252.jpg,C,0.1875,sam,1,2060.0,1072.0,2097.0,1094.0
data/frames/C/000252.jpg,C,0.1697,sam,1,1787.0,1415.0,1841.0,1481.0
data/frames/C/000252.jpg,C,0.1688,sam,1,1795.0,1255.0,1840.0,1297.0
data/frames/C/000252.jpg,C,0.1686,sam,1,1984.0,1542.0,2035.0,1601.0
data/frames/C/000252.jpg,C,0.1617,sam,1,2087.0,1514.0,2140.0,1568.0
data/frames/C/000252.jpg,C,0.1518,sam,1,1549.0,1970.0,1628.0,2084.0
data/frames/C/000252.jpg,C,0.1515,sam,1,2170.0,1728.0,2247.0,1802.0
data/frames/C/000252.jpg,C,0.3595,merged,5,1861.0,1152.0,2021.0,1221.0
data/frames/C/000264.jpg,C,0.5288,sam,1,2290.0,1827.0,2609.0,2160.0
data/frames/C/000264.jpg,C,0.4425,sam,1,1673.0,1409.0,1796.0,1629.0
data/frames/C/000264.jpg,C,0.4005,sam,1,2083.0,1330.0,2153.0,1472.0
data/frames/C/000264.jpg,C,0.3889,sam,1,2047.0,1261.0,2140.0,1373.0
data/frames/C/000264.jpg,C,0.3170,sam,1,1851.0,1267.0,1980.0,1340.0
data/frames/C/000264.jpg,C,0.2749,sam,1,1852.0,1172.0,2008.0,1336.0
data/frames/C/000264.jpg,C,0.2553,sam,1,2206.0,1939.0,2507.0,2160.0
data/frames/C/000264.jpg,C,0.2515,sam,1,1582.0,1543.0,1642.0,1624.0
data/frames/C/000264.jpg,C,0.2474,sam,1,1532.0,1733.0,1608.0,1832.0
data/frames/C/000264.jpg,C,0.2316,sam,1,1851.0,1270.0,1919.0,1341.0
data/frames/C/000264.jpg,C,0.1982,sam,1,1976.0,1517.0,2022.0,1565.0
data/frames/C/000264.jpg,C,0.1940,sam,1,1782.0,1548.0,1839.0,1616.0
data/frames/C/000264.jpg,C,0.1928,sam,1,1830.0,1960.0,1913.0,2069.0
data/frames/C/000264.jpg,C,0.1906,sam,1,2142.0,1776.0,2213.0,1840.0
data/frames/C/000264.jpg,C,0.1798,sam,1,1979.0,1617.0,2029.0,1673.0
data/frames/C/000264.jpg,C,0.1676,sam,1,2082.0,1585.0,2131.0,1635.0
data/frames/C/000264.jpg,C,0.1622,sam,1,2205.0,1939.0,2337.0,2090.0
data/frames/C/000264.jpg,C,0.1578,sam,1,1675.0,1497.0,1754.0,1630.0
data/frames/C/000264.jpg,C,0.1557,sam,1,1782.0,1373.0,1829.0,1421.0
data/frames/C/000264.jpg,C,0.5402,merged,2,1663.0,1685.0,1776.0,2067.0
data/frames/C/000264.jpg,C,0.4432,merged,16,1880.0,1097.6,2360.9,1275.0
data/frames/C/000276.jpg,C,0.5630,sam,1,1665.0,1833.0,1779.0,2159.0
data/frames/C/000276.jpg,C,0.4717,sam,1,1672.0,1530.0,1786.0,1759.0
data/frames/C/000276.jpg,C,0.4252,sam,1,2072.0,1262.0,2195.0,1355.0
data/frames/C/000276.jpg,C,0.4204,sam,1,2057.0,1358.0,2152.0,1467.0
data/frames/C/000276.jpg,C,0.4132,sam,1,1864.0,1284.0,1988.0,1388.0
data/frames/C/000276.jpg,C,0.4126,sam,1,2246.0,1848.0,2508.0,2158.0
data/frames/C/000276.jpg,C,0.3937,sam,1,2091.0,1414.0,2168.0,1547.0
data/frames/C/000276.jpg,C,0.3491,sam,1,2164.0,1982.0,2206.0,2103.0
data/frames/C/000276.jpg,C,0.3241,sam,1,1842.0,1379.0,1970.0,1452.0
data/frames/C/000276.jpg,C,0.3147,sam,1,2070.0,1289.0,2129.0,1356.0
data/frames/C/000276.jpg,C,0.3126,sam,1,2237.0,1203.0,2354.0,1252.0
data/frames/C/000276.jpg,C,0.2903,sam,1,1522.0,1908.0,1596.0,2016.0
data/frames/C/000276.jpg,C,0.2718,sam,1,1563.0,1694.0,1625.0,1782.0
data/frames/C/000276.jpg,C,0.2717,sam,1,1842.0,1388.0,1908.0,1451.0
data/frames/C/000276.jpg,C,0.2708,sam,1,2224.0,1214.0,2278.0,1273.0
data/frames/C/000276.jpg,C,0.2634,sam,1,1843.0,1284.0,1988.0,1446.0
data/frames/C/000276.jpg,C,0.2399,sam,1,1906.0,1377.0,1971.0,1427.0
data/frames/C/000276.jpg,C,0.2224,sam,1,2256.0,1240.0,2307.0,1280.0
data/frames/C/000276.jpg,C,0.2156,sam,1,2169.0,1239.0,2213.0,1267.0
data/frames/C/000276.jpg,C,0.2146,sam,1,2165.0,1961.0,2287.0,2102.0
data/frames/C/000276.jpg,C,0.2142,sam,1,1980.0,1596.0,2025.0,1643.0
data/frames/C/000276.jpg,C,0.2022,sam,1,2165.0,1962.0,2430.0,2160.0
data/frames/C/000276.jpg,C,0.2005,sam,1,2224.0,1212.0,2309.0,1279.0
data/frames/C/000276.jpg,C,0.1981,sam,1,1769.0,1493.0,1819.0,1540.0
data/frames/C/000276.jpg,C,0.1961,sam,1,1978.0,1693.0,2025.0,1744.0
data/frames/C/000276.jpg,C,0.1877,sam,1,2058.0,1363.0,2168.0,1547.0
data/frames/C/000276.jpg,C,0.1811,sam,1,2020.0,1298.0,2060.0,1323.0
data/frames/C/000276.jpg,C,0.1709,sam,1,1779.0,1677.0,1837.0,1750.0
data/frames/C/000276.jpg,C,0.1683,sam,1,1979.0,1333.0,2021.0,1367.0
data/frames/C/000276.jpg,C,0.1651,sam,1,2121.0,1823.0,2188.0,1885.0
data/frames/C/000276.jpg,C,0.1650,sam,1,1861.0,1310.0,1928.0,1389.0
data/frames/C/000276.jpg,C,0.1544,sam,1,2079.0,1652.0,2125.0,1701.0
data/frames/C/000276.jpg,C,0.1541,sam,1,2288.0,1265.0,2309.0,1317.0
data/frames/C/000276.jpg,C,0.1509,sam,1,2018.0,1488.0,2057.0,1527.0
data/frames/C/000288.jpg,C,0.4584,sam,1,2138.0,1873.0,2430.0,2158.0
data/frames/C/000288.jpg,C,0.4138,sam,1,2134.0,1990.0,2227.0,2158.0
data/frames/C/000288.jpg,C,0.3647,sam,1,1844.0,1390.0,1969.0,1493.0
data/frames/C/000288.jpg,C,0.3637,sam,1,2066.0,1447.0,2162.0,1553.0
data/frames/C/000288.jpg,C,0.3623,sam,1,2102.0,1496.0,2179.0,1620.0
data/frames/C/000288.jpg,C,0.3373,sam,1,1548.0,1848.0,1613.0,1945.0
data/frames/C/000288.jpg,C,0.3355,sam,1,2061.0,1361.0,2190.0,1456.0
data/frames/C/000288.jpg,C,0.3156,sam,1,1832.0,1481.0,1958.0,1555.0
data/frames/C/000288.jpg,C,0.2970,sam,1,2134.0,1991.0,2359.0,2160.0
data/frames/C/000288.jpg,C,0.2799,sam,1,2062.0,1390.0,2122.0,1456.0
data/frames/C/000288.jpg,C,0.2740,sam,1,2221.0,1301.0,2354.0,1377.0
data/frames/C/000288.jpg,C,0.2701,sam,1,2251.0,1333.0,2301.0,1377.0
data/frames/C/000288.jpg,C,0.2674,sam,1,1515.0,2088.0,1599.0,2158.0
data/frames/C/000288.jpg,C,0.2430,sam,1,1832.0,1494.0,1898.0,1554.0
data/frames/C/000288.jpg,C,0.2366,sam,1,1838.0,1421.0,1911.0,1498.0
data/frames/C/000288.jpg,C,0.2332,sam,1,1778.0,1804.0,1835.0,1879.0
data/frames/C/000288.jpg,C,0.2202,sam,1,1663.0,1982.0,1786.0,2160.0
data/frames/C/000288.jpg,C,0.2201,sam,1,2105.0,1872.0,2165.0,1930.0
data/frames/C/000288.jpg,C,0.2093,sam,1,1895.0,1482.0,1959.0,1534.0
data/frames/C/000288.jpg,C,0.1971,sam,1,1757.0,1606.0,1807.0,1657.0
data/frames/C/000288.jpg,C,0.1907,sam,1,1782.0,1942.0,1841.0,2014.0
data/frames/C/000288.jpg,C,0.1894,sam,1,2001.0,1399.0,2042.0,1428.0
data/frames/C/000288.jpg,C,0.1883,sam,1,1986.0,1674.0,2028.0,1718.0
data/frames/C/000288.jpg,C,0.1875,sam,1,2220.0,1311.0,2302.0,1377.0
data/frames/C/000288.jpg,C,0.1860,sam,1,2148.0,1343.0,2192.0,1367.0
data/frames/C/000288.jpg,C,0.1786,sam,1,1663.0,1982.0,1786.0,2160.0
data/frames/C/000288.jpg,C,0.1712,sam,1,2219.0,1313.0,2273.0,1371.0
data/frames/C/000288.jpg,C,0.1701,sam,1,1843.0,1608.0,1892.0,1658.0
data/frames/C/000288.jpg,C,0.1662,sam,1,2024.0,1574.0,2064.0,1613.0
data/frames/C/000288.jpg,C,0.4953,merged,2,1667.0,1645.0,1778.0,1888.0
data/frames/C/000300.jpg,C,0.4574,sam,1,2191.0,1902.0,2371.0,2158.0
data/frames/C/000300.jpg,C,0.4159,sam,1,1819.0,1489.0,1948.0,1603.0
data/frames/C/000300.jpg,C,0.4080,sam,1,2112.0,2022.0,2299.0,2160.0
data/frames/C/000300.jpg,C,0.4041,sam,1,2111.0,2021.0,2208.0,2160.0
data/frames/C/000300.jpg,C,0.4030,sam,1,2054.0,1443.0,2181.0,1551.0
data/frames/C/000300.jpg,C,0.3808,sam,1,2116.0,1570.0,2198.0,1689.0
data/frames/C/000300.jpg,C,0.3706,sam,1,2078.0,1528.0,2175.0,1635.0
data/frames/C/000300.jpg,C,0.3650,sam,1,2214.0,1391.0,2344.0,1469.0
data/frames/C/000300.jpg,C,0.3168,sam,1,1536.0,2003.0,1604.0,2111.0
data/frames/C/000300.jpg,C,0.3121,sam,1,1819.0,1582.0,1946.0,1662.0
data/frames/C/000300.jpg,C,0.2858,sam,1,2053.0,1485.0,2115.0,1551.0
data/frames/C/000300.jpg,C,0.2788,sam,1,1819.0,1596.0,1895.0,1661.0
data/frames/C/000300.jpg,C,0.2604,sam,1,1749.0,1714.0,1796.0,1764.0
data/frames/C/000300.jpg,C,0.2553,sam,1,2214.0,1402.0,2296.0,1472.0
data/frames/C/000300.jpg,C,0.2476,sam,1,2245.0,1429.0,2298.0,1472.0
data/frames/C/000300.jpg,C,0.2460,sam,1,2213.0,1408.0,2259.0,1462.0
data/frames/C/000300.jpg,C,0.2360,sam,1,1992.0,1746.0,2035.0,1788.0
data/frames/C/000300.jpg,C,0.2276,sam,1,1777.0,1926.0,1837.0,2006.0
data/frames/C/000300.jpg,C,0.2272,sam,1,2079.0,1531.0,2198.0,1690.0
data/frames/C/000300.jpg,C,0.2208,sam,1,1819.0,1518.0,1889.0,1603.0
data/frames/C/000300.jpg,C,0.2098,sam,1,1786.0,2078.0,1849.0,2155.0
data/frames/C/000300.jpg,C,0.2082,sam,1,2096.0,1921.0,2155.0,1974.0
data/frames/C/000300.jpg,C,0.2008,sam,1,1814.0,1824.0,1861.0,1873.0
data/frames/C/000300.jpg,C,0.1904,sam,1,1883.0,1581.0,1947.0,1633.0
data/frames/C/000300.jpg,C,0.1848,sam,1,2128.0,1439.0,2173.0,1461.0
data/frames/C/000300.jpg,C,0.1817,sam,1,1836.0,1712.0,1883.0,1765.0
data/frames/C/000300.jpg,C,0.1727,sam,1,1982.0,1825.0,2024.0,1873.0
data/frames/C/000300.jpg,C,0.1678,sam,1,2079.0,1778.0,2120.0,1820.0
data/frames/C/000300.jpg,C,0.1663,sam,1,2253.0,1491.0,2294.0,1519.0
data/frames/C/000300.jpg,C,0.1563,sam,1,1885.0,1642.0,1935.0,1697.0
data/frames/C/000300.jpg,C,0.1535,sam,1,1984.0,1502.0,2022.0,1525.0
data/frames/C/000300.jpg,C,0.4710,merged,2,1663.0,1755.0,1774.0,2009.0
data/frames/C/000312.jpg,C,0.4659,sam,1,2098.0,1936.0,2326.0,2160.0
data/frames/C/000312.jpg,C,0.4146,sam,1,1797.0,1587.0,1930.0,1705.0
data/frames/C/000312.jpg,C,0.3804,sam,1,2095.0,2058.0,2246.0,2160.0
data/frames/C/000312.jpg,C,0.3756,sam,1,2046.0,1538.0,2176.0,1644.0
data/frames/C/000312.jpg,C,0.3710,sam,1,2129.0,1643.0,2215.0,1756.0
data/frames/C/000312.jpg,C,0.3562,sam,1,2090.0,1606.0,2188.0,1710.0
data/frames/C/000312.jpg,C,0.3452,sam,1,1805.0,1679.0,1935.0,1764.0
data/frames/C/000312.jpg,C,0.3164,sam,1,2047.0,1574.0,2107.0,1645.0
data/frames/C/000312.jpg,C,0.2845,sam,1,1805.0,1689.0,1876.0,1764.0
data/frames/C/000312.jpg,C,0.2618,sam,1,2242.0,1514.0,2295.0,1560.0
data/frames/C/000312.jpg,C,0.2480,sam,1,1738.0,1819.0,1786.0,1872.0
data/frames/C/000312.jpg,C,0.2446,sam,1,2084.0,2058.0,2200.0,2160.0
data/frames/C/000312.jpg,C,0.2435,sam,1,2209.0,1480.0,2339.0,1558.0
data/frames/C/000312.jpg,C,0.2304,sam,1,1777.0,2050.0,1839.0,2134.0
data/frames/C/000312.jpg,C,0.2283,sam,1,2105.0,1532.0,2151.0,1557.0
data/frames/C/000312.jpg,C,0.2152,sam,1,1795.0,1621.0,1867.0,1705.0
data/frames/C/000312.jpg,C,0.2135,sam,1,2208.0,1492.0,2295.0,1558.0
data/frames/C/000312.jpg,C,0.2044,sam,1,1960.0,1597.0,2004.0,1625.0
data/frames/C/000312.jpg,C,0.1987,sam,1,2089.0,1973.0,2141.0,2022.0
data/frames/C/000312.jpg,C,0.1959,sam,1,1985.0,1889.0,2026.0,1936.0
data/frames/C/000312.jpg,C,0.1942,sam,1,2208.0,1494.0,2259.0,1553.0
data/frames/C/000312.jpg,C,0.1927,sam,1,2332.0,1481.0,2376.0,1522.0
data/frames/C/000312.jpg,C,0.1860,sam,1,1946.0,1627.0,1990.0,1665.0
data/frames/C/000312.jpg,C,0.1843,sam,1,2091.0,1644.0,2139.0,1711.0
data/frames/C/000312.jpg,C,0.1814,sam,1,1999.0,1816.0,2042.0,1857.0
data/frames/C/000312.jpg,C,0.1781,sam,1,1827.0,1820.0,1874.0,1872.0
data/frames/C/000312.jpg,C,0.1740,sam,1,1807.0,1938.0,1856.0,1989.0
data/frames/C/000312.jpg,C,0.1737,sam,1,1871.0,1676.0,1936.0,1735.0
data/frames/C/000312.jpg,C,0.1638,sam,1,2269.0,1572.0,2309.0,1600.0
data/frames/C/000312.jpg,C,0.1597,sam,1,2083.0,1839.0,2123.0,1878.0
data/frames/C/000312.jpg,C,0.1519,sam,1,2091.0,1607.0,2214.0,1756.0
data/frames/C/000312.jpg,C,0.5184,merged,2,1659.0,1862.0,1768.0,2132.0
data/frames/C/000324.jpg,C,0.4196,sam,1,1779.0,1685.0,1909.0,1808.0
data/frames/C/000324.jpg,C,0.4174,sam,1,1664.0,1973.0,1763.0,2160.0
data/frames/C/000324.jpg,C,0.3951,sam,1,2165.0,1977.0,2291.0,2160.0
data/frames/C/000324.jpg,C,0.3866,sam,1,2037.0,1639.0,2166.0,1735.0
data/frames/C/000324.jpg,C,0.3641,sam,1,2040.0,1670.0,2099.0,1737.0
data/frames/C/000324.jpg,C,0.3569,sam,1,2103.0,1687.0,2231.0,1826.0
data/frames/C/000324.jpg,C,0.3516,sam,1,2143.0,1716.0,2231.0,1826.0
data/frames/C/000324.jpg,C,0.3495,sam,1,2084.0,2099.0,2201.0,2160.0
data/frames/C/000324.jpg,C,0.3244,sam,1,1793.0,1775.0,1923.0,1865.0
data/frames/C/000324.jpg,C,0.2995,sam,1,1936.0,1692.0,1985.0,1760.0
data/frames/C/000324.jpg,C,0.2979,sam,1,1793.0,1791.0,1865.0,1868.0
data/frames/C/000324.jpg,C,0.2943,sam,1,2102.0,1686.0,2200.0,1791.0
data/frames/C/000324.jpg,C,0.2855,sam,1,2334.0,1567.0,2378.0,1607.0
data/frames/C/000324.jpg,C,0.2832,sam,1,2234.0,1611.0,2287.0,1649.0
data/frames/C/000324.jpg,C,0.2348,sam,1,1726.0,1926.0,1776.0,1980.0
data/frames/C/000324.jpg,C,0.2224,sam,1,1940.0,1692.0,1985.0,1721.0
data/frames/C/000324.jpg,C,0.2108,sam,1,2081.0,1625.0,2127.0,1656.0
data/frames/C/000324.jpg,C,0.2081,sam,1,1776.0,1721.0,1853.0,1807.0
data/frames/C/000324.jpg,C,0.2012,sam,1,1859.0,1774.0,1925.0,1833.0
data/frames/C/000324.jpg,C,0.1773,sam,1,2026.0,1660.0,2106.0,1721.0
data/frames/C/000324.jpg,C,0.1754,sam,1,1818.0,1927.0,1865.0,1982.0
data/frames/C/000324.jpg,C,0.1728,sam,1,2006.0,1886.0,2048.0,1928.0
data/frames/C/000324.jpg,C,0.1655,sam,1,1936.0,1725.0,1978.0,1760.0
data/frames/C/000324.jpg,C,0.1646,sam,1,1989.0,1955.0,2030.0,2001.0
data/frames/C/000324.jpg,C,0.1636,sam,1,2085.0,2027.0,2133.0,2075.0
data/frames/C/000324.jpg,C,0.1613,sam,1,2089.0,1901.0,2128.0,1940.0
data/frames/C/000324.jpg,C,0.1592,sam,1,1801.0,2054.0,1852.0,2109.0
data/frames/C/000324.jpg,C,0.1591,sam,1,2085.0,1977.0,2208.0,2160.0
data/frames/C/000324.jpg,C,0.1588,sam,1,1916.0,1803.0,1955.0,1840.0
data/frames/C/000324.jpg,C,0.3158,merged,3,2202.0,1568.0,2347.0,1641.0
data/frames/C/000336.jpg,C,0.4369,sam,1,1754.0,1784.0,1889.0,1913.0
data/frames/C/000336.jpg,C,0.3941,sam,1,2162.0,2024.0,2268.0,2160.0
data/frames/C/000336.jpg,C,0.3882,sam,1,1780.0,1876.0,1912.0,1971.0
data/frames/C/000336.jpg,C,0.3678,sam,1,2033.0,1729.0,2157.0,1828.0
data/frames/C/000336.jpg,C,0.3400,sam,1,2161.0,2025.0,2197.0,2158.0
data/frames/C/000336.jpg,C,0.3200,sam,1,2159.0,1792.0,2249.0,1898.0
data/frames/C/000336.jpg,C,0.2935,sam,1,1716.0,2035.0,1767.0,2093.0
data/frames/C/000336.jpg,C,0.2921,sam,1,2117.0,1767.0,2204.0,1864.0
data/frames/C/000336.jpg,C,0.2667,sam,1,2159.0,1824.0,2207.0,1898.0
data/frames/C/000336.jpg,C,0.2587,sam,1,2033.0,1761.0,2091.0,1829.0
data/frames/C/000336.jpg,C,0.2538,sam,1,2329.0,1653.0,2379.0,1698.0
data/frames/C/000336.jpg,C,0.2478,sam,1,1780.0,1892.0,1854.0,1971.0
data/frames/C/000336.jpg,C,0.2403,sam,1,1919.0,1794.0,1963.0,1820.0
data/frames/C/000336.jpg,C,0.2327,sam,1,2230.0,1700.0,2288.0,1739.0
data/frames/C/000336.jpg,C,0.2206,sam,1,1810.0,2039.0,1857.0,2096.0
data/frames/C/000336.jpg,C,0.2145,sam,1,1754.0,1821.0,1827.0,1913.0
data/frames/C/000336.jpg,C,0.2077,sam,1,1920.0,1794.0,1969.0,1856.0
data/frames/C/000336.jpg,C,0.2033,sam,1,2062.0,1722.0,2109.0,1752.0
data/frames/C/000336.jpg,C,0.2000,sam,1,1994.0,2024.0,2035.0,2068.0
data/frames/C/000336.jpg,C,0.1875,sam,1,1926.0,1818.0,1969.0,1856.0
data/frames/C/000336.jpg,C,0.1814,sam,1,2015.0,1961.0,2057.0,2002.0
data/frames/C/000336.jpg,C,0.1746,sam,1,2084.0,2084.0,2130.0,2132.0
data/frames/C/000336.jpg,C,0.1665,sam,1,1857.0,1946.0,1908.0,2000.0
data/frames/C/000336.jpg,C,0.1663,sam,1,2099.0,1964.0,2138.0,2003.0
data/frames/C/000336.jpg,C,0.1568,sam,1,1849.0,1876.0,1913.0,1935.0
data/frames/C/000336.jpg,C,0.1511,sam,1,2058.0,1889.0,2098.0,1924.0
data/frames/C/000336.jpg,C,0.2571,merged,3,2194.0,1658.0,2329.0,1730.0
data/frames/C/000348.jpg,C,0.2420,sam,1,2323.0,1743.0,2366.0,1787.0
data/frames/C/000348.jpg,C,0.1796,sam,1,2224.0,1789.0,2283.0,1831.0
data/frames/C/000348.jpg,C,0.1568,sam,1,2170.0,1773.0,2204.0,1805.0
data/frames/C/000348.jpg,C,0.2455,merged,2,2187.0,1747.0,2322.0,1822.0
data/frames/C/000348.jpg,C,0.4415,merged,18,1632.0,1799.0,2285.0,2160.0
data/frames/C/000360.jpg,C,0.5101,merged,24,1706.3,1827.4,2388.7,2160.0
data/frames/C/000372.jpg,C,0.3588,sam,1,1706.0,2092.0,1827.0,2160.0
data/frames/C/000372.jpg,C,0.1952,sam,1,2159.0,1923.0,2365.0,2122.0
data/frames/C/000372.jpg,C,0.1704,sam,1,2344.0,1925.0,2388.0,1974.0
data/frames/C/000372.jpg,C,0.2787,merged,8,2124.0,1921.0,2366.0,2013.0
data/frames/C/000372.jpg,C,0.3987,merged,11,1792.0,1966.0,2302.0,2160.0
data/frames/C/000384.jpg,C,0.1821,sam,1,1176.0,1794.0,2396.0,2007.0
data/frames/C/000384.jpg,C,0.3132,merged,13,1944.0,2011.0,2364.0,2160.0
data/frames/C/000396.jpg,C,0.3841,merged,5,2121.0,2100.0,2375.0,2160.0
data/frames/D/000000.jpg,D,0.4816,sam,1,1689.0,1459.0,1930.0,1584.0
data/frames/D/000000.jpg,D,0.4727,sam,1,9.0,948.0,278.0,1094.0
data/frames/D/000000.jpg,D,0.4648,sam,1,3584.0,1794.0,3810.0,1954.0
data/frames/D/000000.jpg,D,0.4386,sam,1,2165.0,1051.0,2319.0,1147.0
data/frames/D/000000.jpg,D,0.4032,sam,1,531.0,971.0,712.0,1063.0
data/frames/D/000000.jpg,D,0.3584,sam,1,2961.0,1580.0,3208.0,1724.0
data/frames/D/000000.jpg,D,0.3547,sam,1,2601.0,1676.0,2869.0,1821.0
data/frames/D/000000.jpg,D,0.3279,sam,1,0.0,721.0,132.0,849.0
data/frames/D/000000.jpg,D,0.2973,sam,1,2204.0,2046.0,2370.0,2160.0
data/frames/D/000000.jpg,D,0.2932,sam,1,3471.0,313.0,3570.0,361.0
data/frames/D/000000.jpg,D,0.2731,sam,1,2166.0,1053.0,2206.0,1126.0
data/frames/D/000000.jpg,D,0.2618,sam,1,2239.0,647.0,2358.0,707.0
data/frames/D/000000.jpg,D,0.2615,sam,1,3688.0,340.0,3840.0,465.0
data/frames/D/000000.jpg,D,0.2499,sam,1,2608.0,314.0,2719.0,409.0
data/frames/D/000000.jpg,D,0.2480,sam,1,3746.0,170.0,3840.0,219.0
data/frames/D/000000.jpg,D,0.2386,sam,1,3052.0,392.0,3151.0,451.0
data/frames/D/000000.jpg,D,0.2381,sam,1,3440.0,1582.0,3538.0,1640.0
data/frames/D/000000.jpg,D,0.2299,sam,1,2660.0,315.0,2719.0,366.0
data/frames/D/000000.jpg,D,0.2248,sam,1,2367.0,0.0,2489.0,50.0
data/frames/D/000000.jpg,D,0.2227,sam,1,713.0,2069.0,879.0,2160.0
data/frames/D/000000.jpg,D,0.2225,sam,1,3250.0,596.0,3345.0,638.0
data/frames/D/000000.jpg,D,0.2217,sam,1,3122.0,413.0,3232.0,476.0
data/frames/D/000000.jpg,D,0.2175,sam,1,3265.0,434.0,3372.0,483.0
data/frames/D/000000.jpg,D,0.2161,sam,1,39.0,1352.0,282.0,1485.0
data/frames/D/000000.jpg,D,0.2027,sam,1,3451.0,670.0,3554.0,712.0
data/frames/D/000000.jpg,D,0.1891,sam,1,3565.0,2118.0,3673.0,2160.0
data/frames/D/000000.jpg,D,0.1879,sam,1,3343.0,443.0,3449.0,498.0
data/frames/D/000000.jpg,D,0.1839,sam,1,3619.0,605.0,3734.0,649.0
data/frames/D/000000.jpg,D,0.1834,sam,1,3454.0,1043.0,3513.0,1099.0
data/frames/D/000000.jpg,D,0.1803,sam,1,3695.0,922.0,3806.0,975.0
data/frames/D/000000.jpg,D,0.1786,sam,1,2264.0,703.0,2334.0,739.0
data/frames/D/000000.jpg,D,0.1673,sam,1,3635.0,658.0,3768.0,711.0
data/frames/D/000000.jpg,D,0.1618,sam,1,3170.0,490.0,3332.0,593.0
data/frames/D/000000.jpg,D,0.1568,sam,1,2114.0,427.0,2210.0,535.0
data/frames/D/000000.jpg,D,0.1555,sam,1,3170.0,491.0,3265.0,547.0
data/frames/D/000000.jpg,D,0.4441,merged,2,1851.0,451.0,2144.0,606.0
data/frames/D/000000.jpg,D,0.4096,merged,2,1130.0,436.0,1379.0,549.0
data/frames/D/000000.jpg,D,0.3011,merged,2,782.0,287.0,1234.0,458.0
data/frames/D/000000.jpg,D,0.2557,merged,2,1432.0,0.0,2208.0,316.0
data/frames/D/000015.jpg,D,0.5164,sam,1,265.0,1024.0,528.0,1167.0
data/frames/D/000015.jpg,D,0.4724,sam,1,2450.0,1129.0,2606.0,1231.0
data/frames/D/000015.jpg,D,0.4193,sam,1,1130.0,439.0,1379.0,542.0
data/frames/D/000015.jpg,D,0.4059,sam,1,1934.0,1500.0,2229.0,1631.0
data/frames/D/000015.jpg,D,0.3787,sam,1,107.0,777.0,341.0,913.0
data/frames/D/000015.jpg,D,0.3524,sam,1,3189.0,1645.0,3437.0,1797.0
data/frames/D/000015.jpg,D,0.3402,sam,1,2844.0,1736.0,3110.0,1884.0
data/frames/D/000015.jpg,D,0.2884,sam,1,3684.0,328.0,3840.0,465.0
data/frames/D/000015.jpg,D,0.2868,sam,1,3651.0,201.0,3766.0,252.0
data/frames/D/000015.jpg,D,0.2853,sam,1,783.0,365.0,1031.0,457.0
data/frames/D/000015.jpg,D,0.2823,sam,1,3410.0,330.0,3513.0,381.0
data/frames/D/000015.jpg,D,0.2691,sam,1,2237.0,647.0,2357.0,704.0
data/frames/D/000015.jpg,D,0.2602,sam,1,3050.0,392.0,3147.0,450.0
data/frames/D/000015.jpg,D,0.2507,sam,1,40.0,1351.0,284.0,1484.0
data/frames/D/000015.jpg,D,0.2375,sam,1,2606.0,314.0,2717.0,409.0
data/frames/D/000015.jpg,D,0.2185,sam,1,3748.0,1253.0,3826.0,1282.0
data/frames/D/000015.jpg,D,0.2149,sam,1,3238.0,597.0,3339.0,638.0
data/frames/D/000015.jpg,D,0.2125,sam,1,3119.0,412.0,3228.0,475.0
data/frames/D/000015.jpg,D,0.2113,sam,1,3448.0,669.0,3551.0,712.0
data/frames/D/000015.jpg,D,0.2082,sam,1,3262.0,433.0,3367.0,482.0
data/frames/D/000015.jpg,D,0.2020,sam,1,3711.0,1692.0,3800.0,1756.0
data/frames/D/000015.jpg,D,0.2008,sam,1,3341.0,442.0,3448.0,497.0
data/frames/D/000015.jpg,D,0.1978,sam,1,3446.0,1043.0,3514.0,1098.0
data/frames/D/000015.jpg,D,0.1968,sam,1,2210.0,2044.0,2369.0,2160.0
data/frames/D/000015.jpg,D,0.1886,sam,1,2661.0,314.0,2717.0,366.0
data/frames/D/000015.jpg,D,0.1855,sam,1,714.0,2067.0,881.0,2160.0
data/frames/D/000015.jpg,D,0.1852,sam,1,2374.0,0.0,2487.0,50.0
data/frames/D/000015.jpg,D,0.1839,sam,1,2105.0,2084.0,2218.0,2137.0
data/frames/D/000015.jpg,D,0.1838,sam,1,3584.0,616.0,3692.0,664.0
data/frames/D/000015.jpg,D,0.1789,sam,1,3168.0,489.0,3330.0,592.0
data/frames/D/000015.jpg,D,0.1780,sam,1,3235.0,543.0,3323.0,592.0
data/frames/D/000015.jpg,D,0.1749,sam,1,2514.0,457.0,2593.0,532.0
data/frames/D/000015.jpg,D,0.1673,sam,1,3789.0,776.0,3840.0,874.0
data/frames/D/000015.jpg,D,0.1672,sam,1,3636.0,656.0,3764.0,710.0
data/frames/D/000015.jpg,D,0.1668,sam,1,3410.0,1101.0,3537.0,1163.0
data/frames/D/000015.jpg,D,0.1641,dino_fallback,1,2.2,1016.4,530.1,1494.0
data/frames/D/000015.jpg,D,0.1619,sam,1,3692.0,919.0,3840.0,974.0
data/frames/D/000015.jpg,D,0.1573,sam,1,3563.0,2114.0,3677.0,2160.0
data/frames/D/000015.jpg,D,0.1527,sam,1,3811.0,1894.0,3840.0,1997.0
data/frames/D/000015.jpg,D,0.1507,sam,1,2261.0,702.0,2342.0,739.0
data/frames/D/000015.jpg,D,0.5182,merged,2,723.0,1025.0,921.0,1117.0
data/frames/D/000015.jpg,D,0.2882,merged,2,1432.0,0.0,2208.0,316.0
data/frames/D/000015.jpg,D,0.4551,merged,3,1850.0,427.0,2211.0,604.0
data/frames/D/000030.jpg,D,0.4991,sam,1,502.0,925.0,623.0,977.0
data/frames/D/000030.jpg,D,0.4728,sam,1,535.0,1102.0,793.0,1244.0
data/frames/D/000030.jpg,D,0.4430,sam,1,2174.0,1546.0,2473.0,1682.0
data/frames/D/000030.jpg,D,0.4039,sam,1,3408.0,1719.0,3656.0,1876.0
data/frames/D/000030.jpg,D,0.4004,sam,1,333.0,842.0,567.0,976.0
data/frames/D/000030.jpg,D,0.3889,sam,1,1134.0,442.0,1382.0,547.0
data/frames/D/000030.jpg,D,0.3737,sam,1,2737.0,1221.0,2976.0,1331.0
data/frames/D/000030.jpg,D,0.3635,sam,1,3075.0,1796.0,3383.0,1954.0
data/frames/D/000030.jpg,D,0.3495,sam,1,3572.0,241.0,3682.0,316.0
data/frames/D/000030.jpg,D,0.3275,sam,1,921.0,1072.0,1119.0,1161.0
data/frames/D/000030.jpg,D,0.3061,sam,1,3675.0,338.0,3840.0,467.0
data/frames/D/000030.jpg,D,0.2880,sam,1,791.0,371.0,1036.0,461.0
data/frames/D/000030.jpg,D,0.2756,sam,1,3044.0,394.0,3142.0,453.0
data/frames/D/000030.jpg,D,0.2525,sam,1,3361.0,350.0,3464.0,401.0
data/frames/D/000030.jpg,D,0.2476,sam,1,43.0,1351.0,294.0,1482.0
data/frames/D/000030.jpg,D,0.2239,sam,1,2234.0,648.0,2356.0,706.0
data/frames/D/000030.jpg,D,0.2213,sam,1,3236.0,599.0,3331.0,641.0
data/frames/D/000030.jpg,D,0.2163,sam,1,2202.0,2037.0,2367.0,2160.0
data/frames/D/000030.jpg,D,0.2151,sam,1,3684.0,925.0,3840.0,980.0
data/frames/D/000030.jpg,D,0.2114,sam,1,3254.0,435.0,3359.0,486.0
data/frames/D/000030.jpg,D,0.2106,sam,1,3113.0,414.0,3222.0,478.0
data/frames/D/000030.jpg,D,0.2080,sam,1,724.0,2061.0,891.0,2160.0
data/frames/D/000030.jpg,D,0.2075,sam,1,2603.0,317.0,2712.0,413.0
data/frames/D/000030.jpg,D,0.2046,sam,1,3335.0,445.0,3438.0,501.0
data/frames/D/000030.jpg,D,0.1908,sam,1,3554.0,627.0,3662.0,679.0
data/frames/D/000030.jpg,D,0.1837,sam,1,3159.0,493.0,3250.0,550.0
data/frames/D/000030.jpg,D,0.1824,sam,1,2369.0,0.0,2494.0,56.0
data/frames/D/000030.jpg,D,0.1777,sam,1,3736.0,1251.0,3813.0,1308.0
data/frames/D/000030.jpg,D,0.1750,sam,1,3227.0,546.0,3314.0,595.0
data/frames/D/000030.jpg,D,0.1682,sam,1,3440.0,671.0,3544.0,712.0
data/frames/D/000030.jpg,D,0.1659,sam,1,3778.0,776.0,3840.0,874.0
data/frames/D/000030.jpg,D,0.1638,sam,1,1134.0,441.0,1383.0,661.0
data/frames/D/000030.jpg,D,0.1609,sam,1,2654.0,317.0,2713.0,371.0
data/frames/D/000030.jpg,D,0.1557,sam,1,3674.0,327.0,3840.0,476.0
data/frames/D/000030.jpg,D,0.1534,sam,1,2259.0,705.0,2334.0,741.0
data/frames/D/000030.jpg,D,0.4843,merged,2,1850.0,454.0,2145.0,610.0
data/frames/D/000030.jpg,D,0.2794,merged,2,1437.0,0.0,2208.0,321.0
data/frames/D/000030.jpg,D,0.1772,merged,2,1954.0,2058.0,2130.0,2108.0
data/frames/D/000030.jpg,D,0.1695,merged,2,3498.0,2064.0,3726.0,2160.0
data/frames/D/000045.jpg,D,0.5115,sam,1,586.0,910.0,805.0,1039.0
data/frames/D/000045.jpg,D,0.4533,sam,1,2404.0,1588.0,2694.0,1726.0
data/frames/D/000045.jpg,D,0.4381,sam,1,2988.0,1315.0,3153.0,1423.0
data/frames/D/000045.jpg,D,0.3821,sam,1,1154.0,460.0,1396.0,562.0
data/frames/D/000045.jpg,D,0.3772,sam,1,3592.0,1788.0,3840.0,1951.0
data/frames/D/000045.jpg,D,0.3750,sam,1,3280.0,1855.0,3575.0,2015.0
data/frames/D/000045.jpg,D,0.3588,sam,1,3481.0,327.0,3570.0,416.0
data/frames/D/000045.jpg,D,0.2861,sam,1,3015.0,412.0,3113.0,469.0
data/frames/D/000045.jpg,D,0.2763,sam,1,2601.0,339.0,2692.0,412.0
data/frames/D/000045.jpg,D,0.2726,sam,1,3301.0,381.0,3401.0,431.0
data/frames/D/000045.jpg,D,0.2654,sam,1,818.0,390.0,1060.0,476.0
data/frames/D/000045.jpg,D,0.2566,sam,1,2248.0,713.0,2321.0,752.0
data/frames/D/000045.jpg,D,0.2524,sam,1,3183.0,611.0,3278.0,651.0
data/frames/D/000045.jpg,D,0.2491,sam,1,3770.0,486.0,3840.0,591.0
data/frames/D/000045.jpg,D,0.2479,sam,1,2227.0,653.0,2348.0,714.0
data/frames/D/000045.jpg,D,0.2304,sam,1,2197.0,2014.0,2355.0,2145.0
data/frames/D/000045.jpg,D,0.2106,sam,1,3631.0,340.0,3840.0,482.0
data/frames/D/000045.jpg,D,0.2104,sam,1,3221.0,450.0,3325.0,500.0
data/frames/D/000045.jpg,D,0.2077,sam,1,3084.0,431.0,3188.0,493.0
data/frames/D/000045.jpg,D,0.2037,sam,1,3774.0,959.0,3840.0,1051.0
data/frames/D/000045.jpg,D,0.1921,sam,1,3732.0,779.0,3840.0,879.0
data/frames/D/000045.jpg,D,0.1874,sam,1,3507.0,639.0,3614.0,689.0
data/frames/D/000045.jpg,D,0.1870,sam,1,101.0,1346.0,335.0,1475.0
data/frames/D/000045.jpg,D,0.1853,sam,1,3382.0,1042.0,3467.0,1091.0
data/frames/D/000045.jpg,D,0.1818,sam,1,3403.0,681.0,3502.0,721.0
data/frames/D/000045.jpg,D,0.1797,sam,1,3296.0,461.0,3400.0,512.0
data/frames/D/000045.jpg,D,0.1761,sam,1,3195.0,556.0,3283.0,607.0
data/frames/D/000045.jpg,D,0.1734,sam,1,3130.0,506.0,3223.0,566.0
data/frames/D/000045.jpg,D,0.1713,sam,1,2635.0,339.0,2692.0,393.0
data/frames/D/000045.jpg,D,0.1709,sam,1,1154.0,458.0,1396.0,674.0
data/frames/D/000045.jpg,D,0.1699,sam,1,3594.0,670.0,3708.0,722.0
data/frames/D/000045.jpg,D,0.1698,sam,1,755.0,2037.0,919.0,2160.0
data/frames/D/000045.jpg,D,0.5275,merged,2,832.0,1174.0,1117.0,1311.0
data/frames/D/000045.jpg,D,0.2596,merged,2,1450.0,0.0,2208.0,340.0
data/frames/D/000045.jpg,D,0.4180,merged,3,1852.0,449.0,2201.0,620.0
data/frames/D/000045.jpg,D,0.3747,merged,3,1132.0,1112.0,1327.0,1202.0
data/frames/D/000045.jpg,D,0.1818,merged,2,1799.0,2019.0,1971.0,2068.0
data/frames/D/000060.jpg,D,0.5581,sam,1,837.0,976.0,1042.0,1099.0
data/frames/D/000060.jpg,D,0.4749,sam,1,1129.0,1243.0,1361.0,1375.0
data/frames/D/000060.jpg,D,0.4549,sam,1,2614.0,1629.0,2844.0,1764.0
data/frames/D/000060.jpg,D,0.3721,sam,1,3219.0,1418.0,3381.0,1525.0
data/frames/D/000060.jpg,D,0.3682,sam,1,1340.0,1151.0,1522.0,1237.0
data/frames/D/000060.jpg,D,0.3431,sam,1,1180.0,480.0,1413.0,579.0
data/frames/D/000060.jpg,D,0.3088,sam,1,166.0,1336.0,391.0,1461.0
data/frames/D/000060.jpg,D,0.2730,sam,1,855.0,417.0,1085.0,500.0
data/frames/D/000060.jpg,D,0.2707,sam,1,3458.0,1912.0,3742.0,2078.0
data/frames/D/000060.jpg,D,0.2612,sam,1,3708.0,495.0,3840.0,604.0
data/frames/D/000060.jpg,D,0.2606,sam,1,3391.0,424.0,3464.0,513.0
data/frames/D/000060.jpg,D,0.2514,sam,1,3712.0,956.0,3840.0,1052.0
data/frames/D/000060.jpg,D,0.2433,sam,1,2978.0,435.0,3070.0,490.0
data/frames/D/000060.jpg,D,0.2312,sam,1,2564.0,364.0,2663.0,451.0
data/frames/D/000060.jpg,D,0.2275,sam,1,3238.0,415.0,3329.0,461.0
data/frames/D/000060.jpg,D,0.2265,sam,1,3574.0,356.0,3808.0,502.0
data/frames/D/000060.jpg,D,0.2241,sam,1,3043.0,453.0,3143.0,516.0
data/frames/D/000060.jpg,D,0.2112,sam,1,3669.0,769.0,3840.0,887.0
data/frames/D/000060.jpg,D,0.2094,sam,1,180.0,1010.0,267.0,1052.0
data/frames/D/000060.jpg,D,0.2079,sam,1,3692.0,1841.0,3840.0,1978.0
data/frames/D/000060.jpg,D,0.2024,sam,1,3749.0,1858.0,3840.0,1977.0
data/frames/D/000060.jpg,D,0.2016,sam,1,2212.0,673.0,2332.0,729.0
data/frames/D/000060.jpg,D,0.1969,sam,1,3176.0,464.0,3296.0,521.0
data/frames/D/000060.jpg,D,0.1898,sam,1,3117.0,619.0,3211.0,662.0
data/frames/D/000060.jpg,D,0.1866,sam,1,3247.0,484.0,3349.0,536.0
data/frames/D/000060.jpg,D,0.1818,sam,1,1643.0,1981.0,1810.0,2031.0
data/frames/D/000060.jpg,D,0.1801,sam,1,3456.0,655.0,3554.0,703.0
data/frames/D/000060.jpg,D,0.1798,sam,1,2191.0,1983.0,2340.0,2110.0
data/frames/D/000060.jpg,D,0.1763,sam,1,3458.0,2049.0,3653.0,2159.0
data/frames/D/000060.jpg,D,0.1713,sam,1,3578.0,931.0,3683.0,980.0
data/frames/D/000060.jpg,D,0.1606,sam,1,3657.0,650.0,3840.0,777.0
data/frames/D/000060.jpg,D,0.1579,sam,1,3316.0,1046.0,3458.0,1166.0
data/frames/D/000060.jpg,D,0.1569,sam,1,0.0,1403.0,100.0,1478.0
data/frames/D/000060.jpg,D,0.1560,sam,1,3623.0,1241.0,3696.0,1296.0
data/frames/D/000060.jpg,D,0.1517,sam,1,3085.0,528.0,3177.0,580.0
data/frames/D/000060.jpg,D,0.3395,merged,3,1470.0,0.0,2662.0,367.0
data/frames/D/000060.jpg,D,0.4624,merged,3,1854.0,443.0,2314.0,640.0
data/frames/D/000075.jpg,D,0.5181,sam,1,1064.0,1034.0,1264.0,1156.0
data/frames/D/000075.jpg,D,0.4995,sam,1,2806.0,1675.0,3034.0,1813.0
data/frames/D/000075.jpg,D,0.4175,sam,1,1201.0,505.0,1427.0,600.0
data/frames/D/000075.jpg,D,0.4149,sam,1,1406.0,1310.0,1629.0,1436.0
data/frames/D/000075.jpg,D,0.3801,sam,1,3434.0,1525.0,3579.0,1632.0
data/frames/D/000075.jpg,D,0.3110,sam,1,3649.0,928.0,3840.0,1059.0
data/frames/D/000075.jpg,D,0.2646,sam,1,3608.0,771.0,3840.0,899.0
data/frames/D/000075.jpg,D,0.2524,sam,1,3395.0,2019.0,3665.0,2160.0
data/frames/D/000075.jpg,D,0.2506,sam,1,3190.0,440.0,3280.0,485.0
data/frames/D/000075.jpg,D,0.2385,sam,1,2940.0,462.0,3027.0,514.0
data/frames/D/000075.jpg,D,0.2359,sam,1,3514.0,383.0,3741.0,526.0
data/frames/D/000075.jpg,D,0.2358,sam,1,3521.0,939.0,3620.0,987.0
data/frames/D/000075.jpg,D,0.2266,sam,1,3306.0,519.0,3366.0,608.0
data/frames/D/000075.jpg,D,0.2119,sam,1,3620.0,1981.0,3840.0,2149.0
data/frames/D/000075.jpg,D,0.2107,sam,1,234.0,1015.0,321.0,1056.0
data/frames/D/000075.jpg,D,0.2095,sam,1,2175.0,1956.0,2323.0,2081.0
data/frames/D/000075.jpg,D,0.2078,sam,1,3002.0,477.0,3101.0,538.0
data/frames/D/000075.jpg,D,0.2063,sam,1,2205.0,688.0,2316.0,743.0
data/frames/D/000075.jpg,D,0.1943,sam,1,3647.0,493.0,3840.0,623.0
data/frames/D/000075.jpg,D,0.1886,sam,1,2537.0,393.0,2634.0,484.0
data/frames/D/000075.jpg,D,0.1859,sam,1,3062.0,595.0,3190.0,674.0
data/frames/D/000075.jpg,D,0.1858,sam,1,34.0,1770.0,113.0,1808.0
data/frames/D/000075.jpg,D,0.1829,sam,1,408.0,840.0,505.0,882.0
data/frames/D/000075.jpg,D,0.1818,sam,1,3488.0,920.0,3563.0,948.0
data/frames/D/000075.jpg,D,0.1761,sam,1,3752.0,600.0,3827.0,645.0
data/frames/D/000075.jpg,D,0.1753,sam,1,1629.0,724.0,1705.0,778.0
data/frames/D/000075.jpg,D,0.1748,sam,1,3708.0,1070.0,3809.0,1119.0
data/frames/D/000075.jpg,D,0.1726,sam,1,2224.0,742.0,2289.0,780.0
data/frames/D/000075.jpg,D,0.1707,sam,1,3202.0,505.0,3302.0,557.0
data/frames/D/000075.jpg,D,0.1675,sam,1,3130.0,496.0,3227.0,543.0
data/frames/D/000075.jpg,D,0.1661,sam,1,2586.0,392.0,2634.0,439.0
data/frames/D/000075.jpg,D,0.1625,sam,1,3046.0,550.0,3124.0,603.0
data/frames/D/000075.jpg,D,0.1623,sam,1,0.0,1376.0,222.0,1493.0
data/frames/D/000075.jpg,D,0.1530,sam,1,3651.0,913.0,3730.0,954.0
data/frames/D/000075.jpg,D,0.3505,merged,2,218.0,1331.0,439.0,1451.0
data/frames/D/000075.jpg,D,0.2828,merged,2,764.0,345.0,1112.0,523.0
data/frames/D/000075.jpg,D,0.2404,merged,2,1485.0,1962.0,1647.0,2012.0
data/frames/D/000075.jpg,D,0.2957,merged,3,1488.0,16.0,2330.0,386.0
data/frames/D/000075.jpg,D,0.4735,merged,3,1853.0,468.0,2297.0,654.0
data/frames/D/000075.jpg,D,0.2556,merged,3,1534.0,1195.0,1760.0,1280.0
data/frames/D/000090.jpg,D,0.5364,sam,1,1275.0,1091.0,1468.0,1207.0
data/frames/D/000090.jpg,D,0.4181,sam,1,1709.0,1236.0,1873.0,1322.0
data/frames/D/000090.jpg,D,0.4125,sam,1,1670.0,1372.0,1884.0,1493.0
data/frames/D/000090.jpg,D,0.3657,sam,1,2981.0,1729.0,3197.0,1868.0
data/frames/D/000090.jpg,D,0.3390,sam,1,116.0,825.0,212.0,865.0
data/frames/D/000090.jpg,D,0.3134,sam,1,3586.0,938.0,3815.0,1062.0
data/frames/D/000090.jpg,D,0.3056,sam,1,3581.0,509.0,3814.0,643.0
data/frames/D/000090.jpg,D,0.3012,sam,1,2189.0,699.0,2298.0,760.0
data/frames/D/000090.jpg,D,0.2866,sam,1,3546.0,784.0,3787.0,909.0
data/frames/D/000090.jpg,D,0.2721,sam,1,3456.0,410.0,3674.0,547.0
data/frames/D/000090.jpg,D,0.2542,sam,1,3745.0,999.0,3840.0,1081.0
data/frames/D/000090.jpg,D,0.2512,sam,1,1331.0,1961.0,1406.0,2010.0
data/frames/D/000090.jpg,D,0.2468,sam,1,2899.0,486.0,2986.0,537.0
data/frames/D/000090.jpg,D,0.2422,sam,1,3219.0,599.0,3285.0,685.0
data/frames/D/000090.jpg,D,0.2381,sam,1,3140.0,466.0,3225.0,510.0
data/frames/D/000090.jpg,D,0.2227,sam,1,2996.0,638.0,3071.0,685.0
data/frames/D/000090.jpg,D,0.2175,sam,1,2960.0,503.0,3060.0,560.0
data/frames/D/000090.jpg,D,0.2172,sam,1,3345.0,1994.0,3651.0,2160.0
data/frames/D/000090.jpg,D,0.2096,sam,1,2159.0,1933.0,2303.0,2049.0
data/frames/D/000090.jpg,D,0.2067,sam,1,243.0,1266.0,300.0,1308.0
data/frames/D/000090.jpg,D,0.2013,sam,1,3797.0,726.0,3840.0,857.0
data/frames/D/000090.jpg,D,0.1958,sam,1,3086.0,523.0,3178.0,566.0
data/frames/D/000090.jpg,D,0.1855,sam,1,3155.0,531.0,3247.0,577.0
data/frames/D/000090.jpg,D,0.1786,sam,1,27.0,1603.0,108.0,1643.0
data/frames/D/000090.jpg,D,0.1773,sam,1,89.0,1752.0,165.0,1789.0
data/frames/D/000090.jpg,D,0.1752,sam,1,3758.0,2057.0,3840.0,2160.0
data/frames/D/000090.jpg,D,0.1707,sam,1,3070.0,603.0,3152.0,663.0
data/frames/D/000090.jpg,D,0.1695,sam,1,3251.0,730.0,3340.0,768.0
data/frames/D/000090.jpg,D,0.1695,sam,1,3776.0,337.0,3840.0,426.0
data/frames/D/000090.jpg,D,0.1688,sam,1,2202.0,761.0,2269.0,796.0
data/frames/D/000090.jpg,D,0.1686,sam,1,3457.0,949.0,3545.0,998.0
data/frames/D/000090.jpg,D,0.1665,sam,1,2510.0,422.0,2602.0,510.0
data/frames/D/000090.jpg,D,0.1658,sam,1,1270.0,126.0,1470.0,173.0
data/frames/D/000090.jpg,D,0.1655,sam,1,3347.0,691.0,3437.0,736.0
data/frames/D/000090.jpg,D,0.1602,sam,1,285.0,1025.0,366.0,1062.0
data/frames/D/000090.jpg,D,0.1592,sam,1,3648.0,633.0,3720.0,677.0
data/frames/D/000090.jpg,D,0.1566,sam,1,2952.0,323.0,3384.0,462.0
data/frames/D/000090.jpg,D,0.1556,sam,1,3587.0,921.0,3674.0,963.0
data/frames/D/000090.jpg,D,0.3850,merged,2,1219.0,529.0,1437.0,619.0
data/frames/D/000090.jpg,D,0.3823,merged,2,732.0,924.0,890.0,971.0
data/frames/D/000090.jpg,D,0.3794,merged,2,257.0,1328.0,484.0,1445.0
data/frames/D/000090.jpg,D,0.2679,merged,2,3616.0,1641.0,3829.0,1752.0
data/frames/D/000090.jpg,D,0.2387,merged,2,800.0,376.0,1135.0,544.0
data/frames/D/000090.jpg,D,0.3114,merged,3,1498.0,0.0,2656.0,420.0
data/frames/D/000090.jpg,D,0.5452,merged,3,1848.0,494.0,2278.0,673.0
data/frames/D/000105.jpg,D,0.4535,sam,1,3144.0,1785.0,3359.0,1928.0
data/frames/D/000105.jpg,D,0.4454,sam,1,1472.0,1144.0,1674.0,1254.0
data/frames/D/000105.jpg,D,0.4108,sam,1,1235.0,551.0,1446.0,638.0
data/frames/D/000105.jpg,D,0.4080,sam,1,1921.0,1428.0,2128.0,1546.0
data/frames/D/000105.jpg,D,0.3647,sam,1,1872.0,1282.0,2030.0,1363.0
data/frames/D/000105.jpg,D,0.2752,sam,1,2865.0,510.0,2945.0,558.0
data/frames/D/000105.jpg,D,0.2701,sam,1,3489.0,799.0,3721.0,918.0
data/frames/D/000105.jpg,D,0.2560,sam,1,3790.0,1759.0,3840.0,1838.0
data/frames/D/000105.jpg,D,0.2461,sam,1,1638.0,1170.0,1700.0,1255.0
data/frames/D/000105.jpg,D,0.2427,sam,1,3100.0,490.0,3183.0,532.0
data/frames/D/000105.jpg,D,0.2423,sam,1,3685.0,1005.0,3831.0,1084.0
data/frames/D/000105.jpg,D,0.2335,sam,1,3524.0,531.0,3747.0,661.0
data/frames/D/000105.jpg,D,0.2311,sam,1,3713.0,341.0,3840.0,454.0
data/frames/D/000105.jpg,D,0.2231,sam,1,2921.0,524.0,3013.0,581.0
data/frames/D/000105.jpg,D,0.2178,sam,1,3142.0,652.0,3214.0,727.0
data/frames/D/000105.jpg,D,0.2170,sam,1,2174.0,727.0,2281.0,773.0
data/frames/D/000105.jpg,D,0.2166,sam,1,3733.0,725.0,3840.0,867.0
data/frames/D/000105.jpg,D,0.2054,sam,1,3579.0,1080.0,3678.0,1126.0
data/frames/D/000105.jpg,D,0.1979,sam,1,2945.0,645.0,3015.0,693.0
data/frames/D/000105.jpg,D,0.1967,sam,1,3406.0,955.0,3494.0,1004.0
data/frames/D/000105.jpg,D,0.1963,sam,1,3527.0,947.0,3748.0,1065.0
data/frames/D/000105.jpg,D,0.1959,sam,1,938.0,498.0,1148.0,564.0
data/frames/D/000105.jpg,D,0.1888,sam,1,3041.0,543.0,3132.0,586.0
data/frames/D/000105.jpg,D,0.1871,sam,1,3402.0,436.0,3611.0,569.0
data/frames/D/000105.jpg,D,0.1853,sam,1,3528.0,930.0,3612.0,978.0
data/frames/D/000105.jpg,D,0.1839,sam,1,64.0,705.0,137.0,744.0
data/frames/D/000105.jpg,D,0.1758,sam,1,2146.0,1910.0,2285.0,2024.0
data/frames/D/000105.jpg,D,0.1756,sam,1,3158.0,1078.0,3222.0,1125.0
data/frames/D/000105.jpg,D,0.1736,sam,1,3108.0,552.0,3202.0,598.0
data/frames/D/000105.jpg,D,0.1734,sam,1,3282.0,1189.0,3407.0,1246.0
data/frames/D/000105.jpg,D,0.1715,sam,1,2185.0,772.0,2252.0,810.0
data/frames/D/000105.jpg,D,0.1641,sam,1,3743.0,914.0,3840.0,976.0
data/frames/D/000105.jpg,D,0.1571,sam,1,1286.0,167.0,1484.0,216.0
data/frames/D/000105.jpg,D,0.1508,sam,1,2405.0,559.0,2479.0,633.0
data/frames/D/000105.jpg,D,0.3816,merged,2,449.0,923.0,641.0,970.0
data/frames/D/000105.jpg,D,0.3698,merged,2,1186.0,1967.0,1340.0,2015.0
data/frames/D/000105.jpg,D,0.2804,merged,2,1033.0,1000.0,1183.0,1056.0
data/frames/D/000105.jpg,D,0.2217,merged,2,41.0,1325.0,521.0,1460.0
data/frames/D/000105.jpg,D,0.3087,merged,3,1503.0,105.0,2285.0,445.0
data/frames/D/000105.jpg,D,0.4542,merged,3,1844.0,519.0,2258.0,693.0
data/frames/D/000120.jpg,D,0.3656,sam,1,766.0,1012.0,902.0,1054.0
data/frames/D/000120.jpg,D,0.3496,sam,1,3314.0,1855.0,3555.0,1998.0
data/frames/D/000120.jpg,D,0.3181,sam,1,2024.0,1325.0,2180.0,1407.0
data/frames/D/000120.jpg,D,0.2995,sam,1,3438.0,810.0,3661.0,925.0
data/frames/D/000120.jpg,D,0.2760,sam,1,3674.0,721.0,3840.0,876.0
data/frames/D/000120.jpg,D,0.2752,sam,1,2831.0,531.0,2909.0,576.0
data/frames/D/000120.jpg,D,0.2735,sam,1,3058.0,510.0,3142.0,552.0
data/frames/D/000120.jpg,D,0.2553,sam,1,3755.0,473.0,3840.0,575.0
data/frames/D/000120.jpg,D,0.2501,sam,1,3534.0,1081.0,3623.0,1130.0
data/frames/D/000120.jpg,D,0.2363,sam,1,2162.0,740.0,2269.0,786.0
data/frames/D/000120.jpg,D,0.2352,sam,1,1252.0,571.0,1455.0,655.0
data/frames/D/000120.jpg,D,0.2298,sam,1,3472.0,549.0,3686.0,674.0
data/frames/D/000120.jpg,D,0.2274,sam,1,3080.0,687.0,3156.0,753.0
data/frames/D/000120.jpg,D,0.2217,sam,1,3352.0,459.0,3556.0,587.0
data/frames/D/000120.jpg,D,0.2107,sam,1,2497.0,470.0,2550.0,518.0
data/frames/D/000120.jpg,D,0.2068,sam,1,2887.0,544.0,2981.0,600.0
data/frames/D/000120.jpg,D,0.2039,sam,1,3069.0,570.0,3161.0,616.0
data/frames/D/000120.jpg,D,0.1944,sam,1,3003.0,561.0,3089.0,603.0
data/frames/D/000120.jpg,D,0.1932,sam,1,3654.0,353.0,3840.0,473.0
data/frames/D/000120.jpg,D,0.1930,sam,1,2909.0,662.0,2978.0,708.0
data/frames/D/000120.jpg,D,0.1911,sam,1,1307.0,205.0,1500.0,252.0
data/frames/D/000120.jpg,D,0.1848,sam,1,3361.0,963.0,3442.0,1008.0
data/frames/D/000120.jpg,D,0.1817,sam,1,965.0,518.0,1167.0,588.0
data/frames/D/000120.jpg,D,0.1794,sam,1,2136.0,1887.0,2271.0,1997.0
data/frames/D/000120.jpg,D,0.1750,sam,1,1588.0,1997.0,1636.0,2134.0
data/frames/D/000120.jpg,D,0.1744,sam,1,2991.0,653.0,3055.0,695.0
data/frames/D/000120.jpg,D,0.1742,sam,1,2173.0,785.0,2238.0,822.0
data/frames/D/000120.jpg,D,0.1701,sam,1,1055.0,1983.0,1198.0,2028.0
data/frames/D/000120.jpg,D,0.1625,sam,1,1275.0,81.0,1474.0,162.0
data/frames/D/000120.jpg,D,0.1567,sam,1,2888.0,343.0,3285.0,504.0
data/frames/D/000120.jpg,D,0.1525,sam,1,3476.0,692.0,3556.0,732.0
data/frames/D/000120.jpg,D,0.4853,merged,2,1325.0,1065.0,1467.0,1107.0
data/frames/D/000120.jpg,D,0.4128,merged,2,1658.0,1186.0,1861.0,1291.0
data/frames/D/000120.jpg,D,0.3586,merged,2,2159.0,1478.0,2408.0,1595.0
data/frames/D/000120.jpg,D,0.3171,merged,2,342.0,789.0,487.0,838.0
data/frames/D/000120.jpg,D,0.4541,merged,3,1842.0,538.0,2246.0,707.0
data/frames/D/000120.jpg,D,0.2044,merged,2,4.8,1312.5,560.7,1492.1
data/frames/D/000120.jpg,D,0.2732,merged,3,1515.0,141.0,2266.0,467.0
data/frames/D/000120.jpg,D,0.2749,merged,6,3470.0,897.0,3840.0,1086.0
data/frames/D/000135.jpg,D,0.4831,sam,1,1833.0,1222.0,2008.0,1324.0
data/frames/D/000135.jpg,D,0.4134,sam,1,3472.0,1929.0,3671.0,2075.0
data/frames/D/000135.jpg,D,0.3152,sam,1,3697.0,475.0,3840.0,591.0
data/frames/D/000135.jpg,D,0.3060,sam,1,2382.0,1525.0,2578.0,1638.0
data/frames/D/000135.jpg,D,0.2976,sam,1,941.0,1886.0,1081.0,2028.0
data/frames/D/000135.jpg,D,0.2929,sam,1,1600.0,1121.0,1687.0,1153.0
data/frames/D/000135.jpg,D,0.2899,sam,1,925.0,1999.0,998.0,2038.0
data/frames/D/000135.jpg,D,0.2628,sam,1,3206.0,1919.0,3390.0,2024.0
data/frames/D/000135.jpg,D,0.2604,sam,1,45.0,1234.0,111.0,1261.0
data/frames/D/000135.jpg,D,0.2598,sam,1,3574.0,1012.0,3708.0,1086.0
data/frames/D/000135.jpg,D,0.2546,sam,1,3600.0,374.0,3785.0,490.0
data/frames/D/000135.jpg,D,0.2542,sam,1,3024.0,527.0,3102.0,568.0
data/frames/D/000135.jpg,D,0.2448,sam,1,3426.0,569.0,3632.0,685.0
data/frames/D/000135.jpg,D,0.2425,sam,1,2802.0,547.0,2878.0,592.0
data/frames/D/000135.jpg,D,0.2406,sam,1,3477.0,1083.0,3561.0,1130.0
data/frames/D/000135.jpg,D,0.2324,sam,1,3619.0,715.0,3840.0,882.0
data/frames/D/000135.jpg,D,0.2322,sam,1,3308.0,477.0,3502.0,602.0
data/frames/D/000135.jpg,D,0.2231,sam,1,3033.0,707.0,3111.0,771.0
data/frames/D/000135.jpg,D,0.2177,sam,1,3390.0,818.0,3606.0,931.0
data/frames/D/000135.jpg,D,0.2135,sam,1,2856.0,560.0,2946.0,614.0
data/frames/D/000135.jpg,D,0.2073,sam,1,2127.0,1865.0,2259.0,1973.0
data/frames/D/000135.jpg,D,0.1854,sam,1,1326.0,238.0,1498.0,285.0
data/frames/D/000135.jpg,D,0.1829,sam,1,2447.0,489.0,2528.0,569.0
data/frames/D/000135.jpg,D,0.1825,sam,1,3429.0,960.0,3660.0,1069.0
data/frames/D/000135.jpg,D,0.1824,dino_fallback,1,1485.7,1973.5,1642.3,2104.9
data/frames/D/000135.jpg,D,0.1655,sam,1,2165.0,797.0,2232.0,833.0
data/frames/D/000135.jpg,D,0.1586,sam,1,3034.0,585.0,3122.0,631.0
data/frames/D/000135.jpg,D,0.1531,sam,1,2884.0,630.0,3024.0,715.0
data/frames/D/000135.jpg,D,0.4964,merged,2,1841.0,556.0,2233.0,721.0
data/frames/D/000135.jpg,D,0.3413,merged,2,1069.0,1083.0,1211.0,1123.0
data/frames/D/000135.jpg,D,0.3374,merged,2,604.0,861.0,746.0,910.0
data/frames/D/000135.jpg,D,0.3294,merged,2,1269.0,590.0,1470.0,670.0
data/frames/D/000135.jpg,D,0.2927,merged,2,2150.0,748.0,2258.0,794.0
data/frames/D/000135.jpg,D,0.2921,merged,2,2171.0,1369.0,2323.0,1451.0
data/frames/D/000135.jpg,D,0.2432,merged,2,0.0,1314.0,600.0,1488.0
data/frames/D/000135.jpg,D,0.2362,merged,2,886.0,451.0,1188.0,604.0
data/frames/D/000135.jpg,D,0.2667,merged,3,1528.0,0.0,2561.0,489.0
data/frames/D/000150.jpg,D,0.4245,sam,1,2002.0,1256.0,2168.0,1353.0
data/frames/D/000150.jpg,D,0.3199,sam,1,3648.0,486.0,3840.0,604.0
data/frames/D/000150.jpg,D,0.3145,sam,1,2589.0,1571.0,2780.0,1684.0
data/frames/D/000150.jpg,D,0.3055,sam,1,1288.0,606.0,1482.0,681.0
data/frames/D/000150.jpg,D,0.3003,sam,1,2309.0,1410.0,2453.0,1491.0
data/frames/D/000150.jpg,D,0.2920,sam,1,3623.0,2010.0,3840.0,2160.0
data/frames/D/000150.jpg,D,0.2855,sam,1,3573.0,708.0,3840.0,887.0
data/frames/D/000150.jpg,D,0.2538,sam,1,3349.0,824.0,3558.0,934.0
data/frames/D/000150.jpg,D,0.2530,sam,1,106.0,1231.0,166.0,1258.0
data/frames/D/000150.jpg,D,0.2502,sam,1,3552.0,393.0,3732.0,506.0
data/frames/D/000150.jpg,D,0.2428,sam,1,3382.0,581.0,3582.0,697.0
data/frames/D/000150.jpg,D,0.2423,sam,1,2777.0,563.0,2852.0,606.0
data/frames/D/000150.jpg,D,0.2244,sam,1,2829.0,575.0,2914.0,627.0
data/frames/D/000150.jpg,D,0.2197,sam,1,2992.0,543.0,3066.0,581.0
data/frames/D/000150.jpg,D,0.2185,sam,1,2123.0,1844.0,2250.0,1951.0
data/frames/D/000150.jpg,D,0.2145,sam,1,2852.0,686.0,2916.0,730.0
data/frames/D/000150.jpg,D,0.2081,sam,1,3268.0,495.0,3457.0,615.0
data/frames/D/000150.jpg,D,0.1925,sam,1,2996.0,722.0,3069.0,783.0
data/frames/D/000150.jpg,D,0.1910,sam,1,2940.0,592.0,3023.0,632.0
data/frames/D/000150.jpg,D,0.1830,sam,1,2929.0,674.0,2991.0,721.0
data/frames/D/000150.jpg,D,0.1795,sam,1,3000.0,601.0,3085.0,642.0
data/frames/D/000150.jpg,D,0.1764,sam,1,1016.0,556.0,1208.0,616.0
data/frames/D/000150.jpg,D,0.1762,sam,1,1347.0,269.0,1525.0,311.0
data/frames/D/000150.jpg,D,0.1743,sam,1,1410.0,152.0,1499.0,194.0
data/frames/D/000150.jpg,D,0.1740,sam,1,2467.0,508.0,2510.0,564.0
data/frames/D/000150.jpg,D,0.1717,sam,1,1346.0,6.0,1424.0,56.0
data/frames/D/000150.jpg,D,0.1680,sam,1,594.0,490.0,939.0,622.0
data/frames/D/000150.jpg,D,0.1679,sam,1,2864.0,644.0,2917.0,680.0
data/frames/D/000150.jpg,D,0.1665,sam,1,2430.0,508.0,2510.0,583.0
data/frames/D/000150.jpg,D,0.1586,sam,1,3434.0,1083.0,3522.0,1126.0
data/frames/D/000150.jpg,D,0.1535,sam,1,1655.0,790.0,1717.0,839.0
data/frames/D/000150.jpg,D,0.4411,merged,2,855.0,928.0,986.0,973.0
data/frames/D/000150.jpg,D,0.2951,merged,2,2148.0,754.0,2248.0,802.0
data/frames/D/000150.jpg,D,0.2877,merged,2,1863.0,1164.0,1989.0,1202.0
data/frames/D/000150.jpg,D,0.2757,merged,2,1351.0,1134.0,1490.0,1175.0
data/frames/D/000150.jpg,D,0.2479,merged,2,809.0,2007.0,942.0,2050.0
data/frames/D/000150.jpg,D,0.2463,merged,2,1.8,1242.4,644.0,1535.6
data/frames/D/000150.jpg,D,0.2259,merged,2,2997.0,1864.0,3674.0,2160.0
data/frames/D/000150.jpg,D,0.4196,merged,3,1845.0,571.0,2226.0,731.0
data/frames/D/000150.jpg,D,0.2020,merged,3,1545.0,0.0,2546.0,505.0
data/frames/D/000150.jpg,D,0.2258,merged,6,3374.0,911.0,3769.0,1086.0
data/frames/D/000165.jpg,D,0.4762,sam,1,2160.0,1284.0,2327.0,1385.0
data/frames/D/000165.jpg,D,0.4196,sam,1,2779.0,1615.0,3004.0,1729.0
data/frames/D/000165.jpg,D,0.3772,sam,1,2768.0,1970.0,2973.0,2103.0
data/frames/D/000165.jpg,D,0.3465,sam,1,2159.0,1286.0,2193.0,1359.0
data/frames/D/000165.jpg,D,0.3366,sam,1,708.0,2026.0,759.0,2062.0
data/frames/D/000165.jpg,D,0.3331,sam,1,3600.0,502.0,3787.0,616.0
data/frames/D/000165.jpg,D,0.3308,sam,1,2440.0,1458.0,2569.0,1533.0
data/frames/D/000165.jpg,D,0.2837,sam,1,3527.0,698.0,3840.0,891.0
data/frames/D/000165.jpg,D,0.2643,sam,1,3508.0,416.0,3681.0,523.0
data/frames/D/000165.jpg,D,0.2624,sam,1,3140.0,1873.0,3310.0,1970.0
data/frames/D/000165.jpg,D,0.2423,sam,1,2120.0,1823.0,2242.0,1924.0
data/frames/D/000165.jpg,D,0.2407,sam,1,1380.0,42.0,1441.0,85.0
data/frames/D/000165.jpg,D,0.2284,sam,1,3763.0,2101.0,3840.0,2160.0
data/frames/D/000165.jpg,D,0.2271,sam,1,164.0,1227.0,224.0,1253.0
data/frames/D/000165.jpg,D,0.2199,sam,1,1368.0,297.0,1528.0,338.0
data/frames/D/000165.jpg,D,0.2190,sam,1,3343.0,596.0,3536.0,708.0
data/frames/D/000165.jpg,D,0.2186,sam,1,2519.0,1499.0,2577.0,1535.0
data/frames/D/000165.jpg,D,0.2160,sam,1,3392.0,1082.0,3470.0,1124.0
data/frames/D/000165.jpg,D,0.2129,sam,1,3484.0,1012.0,3613.0,1088.0
data/frames/D/000165.jpg,D,0.2104,sam,1,3335.0,952.0,3412.0,991.0
data/frames/D/000165.jpg,D,0.2089,sam,1,2452.0,525.0,2494.0,566.0
data/frames/D/000165.jpg,D,0.2059,sam,1,3311.0,830.0,3514.0,938.0
data/frames/D/000165.jpg,D,0.2039,sam,1,1976.0,0.0,2525.0,242.0
data/frames/D/000165.jpg,D,0.2001,sam,1,2756.0,577.0,2825.0,618.0
data/frames/D/000165.jpg,D,0.1996,sam,1,3016.0,1088.0,3075.0,1143.0
data/frames/D/000165.jpg,D,0.1910,sam,1,2806.0,588.0,2890.0,640.0
data/frames/D/000165.jpg,D,0.1899,sam,1,2138.0,765.0,2238.0,813.0
data/frames/D/000165.jpg,D,0.1875,sam,1,680.0,2100.0,743.0,2160.0
data/frames/D/000165.jpg,D,0.1863,sam,1,2973.0,616.0,3058.0,657.0
data/frames/D/000165.jpg,D,0.1832,sam,1,3233.0,510.0,3415.0,628.0
data/frames/D/000165.jpg,D,0.1812,sam,1,2963.0,556.0,3040.0,595.0
data/frames/D/000165.jpg,D,0.1807,sam,1,2831.0,653.0,2963.0,736.0
data/frames/D/000165.jpg,D,0.1766,sam,1,3363.0,1232.0,3429.0,1261.0
data/frames/D/000165.jpg,D,0.1761,sam,1,2968.0,733.0,3039.0,791.0
data/frames/D/000165.jpg,D,0.1712,sam,1,3729.0,852.0,3840.0,934.0
data/frames/D/000165.jpg,D,0.1702,sam,1,2152.0,814.0,2209.0,847.0
data/frames/D/000165.jpg,D,0.1694,sam,1,3244.0,972.0,3315.0,1012.0
data/frames/D/000165.jpg,D,0.1668,sam,1,0.0,0.0,658.0,623.0
data/frames/D/000165.jpg,D,0.1648,sam,1,3536.0,916.0,3663.0,989.0
data/frames/D/000165.jpg,D,0.1635,sam,1,1665.0,800.0,1725.0,844.0
data/frames/D/000165.jpg,D,0.1619,sam,1,1653.0,1054.0,1716.0,1106.0
data/frames/D/000165.jpg,D,0.1612,sam,1,1430.0,183.0,1519.0,224.0
data/frames/D/000165.jpg,D,0.1580,sam,1,2829.0,696.0,2887.0,738.0
data/frames/D/000165.jpg,D,0.1578,sam,1,2910.0,604.0,2994.0,646.0
data/frames/D/000165.jpg,D,0.1573,sam,1,3347.0,967.0,3577.0,1068.0
data/frames/D/000165.jpg,D,0.1556,sam,1,3341.0,638.0,3401.0,709.0
data/frames/D/000165.jpg,D,0.1529,sam,1,961.0,492.0,1224.0,615.0
data/frames/D/000165.jpg,D,0.1524,sam,1,2797.0,472.0,2894.0,549.0
data/frames/D/000165.jpg,D,0.1501,sam,1,634.0,508.0,970.0,635.0
data/frames/D/000165.jpg,D,0.4525,merged,2,1080.0,986.0,1213.0,1029.0
data/frames/D/000165.jpg,D,0.4129,merged,2,1847.0,585.0,2216.0,743.0
data/frames/D/000165.jpg,D,0.3393,merged,2,1622.0,1183.0,1752.0,1226.0
data/frames/D/000165.jpg,D,0.3262,merged,2,2110.0,1201.0,2217.0,1237.0
data/frames/D/000165.jpg,D,0.2779,merged,2,1307.0,615.0,1500.0,694.0
data/frames/D/000165.jpg,D,0.1903,merged,2,1556.0,239.0,2234.0,521.0
data/frames/D/000165.jpg,D,0.3897,merged,3,1.4,1239.2,678.0,1609.2
data/frames/D/000180.jpg,D,0.4263,sam,1,2568.0,1496.0,2711.0,1574.0
data/frames/D/000180.jpg,D,0.4262,sam,1,2311.0,1320.0,2481.0,1419.0
data/frames/D/000180.jpg,D,0.4055,sam,1,2953.0,1664.0,3135.0,1782.0
data/frames/D/000180.jpg,D,0.3666,sam,1,2550.0,1866.0,2799.0,1992.0
data/frames/D/000180.jpg,D,0.3553,sam,1,3557.0,517.0,3737.0,627.0
data/frames/D/000180.jpg,D,0.3098,sam,1,2135.0,773.0,2227.0,819.0
data/frames/D/000180.jpg,D,0.2869,sam,1,532.0,1298.0,744.0,1400.0
data/frames/D/000180.jpg,D,0.2848,sam,1,3487.0,692.0,3840.0,894.0
data/frames/D/000180.jpg,D,0.2720,sam,1,1323.0,629.0,1508.0,705.0
data/frames/D/000180.jpg,D,0.2675,sam,1,2418.0,539.0,2481.0,591.0
data/frames/D/000180.jpg,D,0.2673,sam,1,2117.0,1803.0,2237.0,1902.0
data/frames/D/000180.jpg,D,0.2628,sam,1,2784.0,601.0,2877.0,653.0
data/frames/D/000180.jpg,D,0.2610,sam,1,2734.0,589.0,2804.0,630.0
data/frames/D/000180.jpg,D,0.2568,sam,1,2148.0,821.0,2206.0,852.0
data/frames/D/000180.jpg,D,0.2452,sam,1,3275.0,834.0,3473.0,941.0
data/frames/D/000180.jpg,D,0.2390,sam,1,2936.0,571.0,3004.0,606.0
data/frames/D/000180.jpg,D,0.2365,sam,1,2803.0,703.0,2865.0,745.0
data/frames/D/000180.jpg,D,0.2343,sam,1,3198.0,526.0,3376.0,639.0
data/frames/D/000180.jpg,D,0.2303,sam,1,3108.0,1852.0,3254.0,1933.0
data/frames/D/000180.jpg,D,0.2280,sam,1,3468.0,429.0,3636.0,535.0
data/frames/D/000180.jpg,D,0.2248,sam,1,2946.0,629.0,3030.0,667.0
data/frames/D/000180.jpg,D,0.2118,sam,1,3791.0,471.0,3840.0,542.0
data/frames/D/000180.jpg,D,0.2114,sam,1,2874.0,700.0,2929.0,737.0
data/frames/D/000180.jpg,D,0.2112,sam,1,3442.0,1013.0,3568.0,1087.0
data/frames/D/000180.jpg,D,0.2111,sam,1,2812.0,665.0,2873.0,701.0
data/frames/D/000180.jpg,D,0.2064,sam,1,3306.0,607.0,3493.0,716.0
data/frames/D/000180.jpg,D,0.2034,sam,1,3771.0,572.0,3840.0,612.0
data/frames/D/000180.jpg,D,0.2018,sam,1,3112.0,761.0,3186.0,796.0
data/frames/D/000180.jpg,D,0.1975,sam,1,0.0,1254.0,248.0,1484.0
data/frames/D/000180.jpg,D,0.1948,sam,1,3314.0,967.0,3527.0,1069.0
data/frames/D/000180.jpg,D,0.1948,sam,1,3683.0,843.0,3840.0,936.0
data/frames/D/000180.jpg,D,0.1943,sam,1,2941.0,744.0,3007.0,798.0
data/frames/D/000180.jpg,D,0.1917,sam,1,2885.0,616.0,2968.0,657.0
data/frames/D/000180.jpg,D,0.1881,sam,1,3299.0,954.0,3372.0,992.0
data/frames/D/000180.jpg,D,0.1881,sam,1,1672.0,808.0,1733.0,851.0
data/frames/D/000180.jpg,D,0.1873,sam,1,2978.0,1085.0,3088.0,1153.0
data/frames/D/000180.jpg,D,0.1821,sam,1,3024.0,792.0,3096.0,825.0
data/frames/D/000180.jpg,D,0.1799,sam,1,1654.0,445.0,2053.0,535.0
data/frames/D/000180.jpg,D,0.1770,sam,1,1957.0,0.0,2510.0,290.0
data/frames/D/000180.jpg,D,0.1761,sam,1,3495.0,920.0,3612.0,989.0
data/frames/D/000180.jpg,D,0.1723,sam,1,220.0,1224.0,274.0,1249.0
data/frames/D/000180.jpg,D,0.1695,sam,1,2773.0,525.0,2848.0,566.0
data/frames/D/000180.jpg,D,0.1668,sam,1,1399.0,77.0,1456.0,111.0
data/frames/D/000180.jpg,D,0.1649,sam,1,1384.0,322.0,1542.0,366.0
data/frames/D/000180.jpg,D,0.1642,sam,1,3271.0,748.0,3391.0,812.0
data/frames/D/000180.jpg,D,0.1601,sam,1,3202.0,974.0,3281.0,1015.0
data/frames/D/000180.jpg,D,0.1553,sam,1,3355.0,1078.0,3440.0,1125.0
data/frames/D/000180.jpg,D,0.1545,sam,1,3154.0,782.0,3265.0,823.0
data/frames/D/000180.jpg,D,0.1523,sam,1,133.0,1308.0,178.0,1342.0
data/frames/D/000180.jpg,D,0.1516,sam,1,670.0,525.0,998.0,649.0
data/frames/D/000180.jpg,D,0.4263,merged,2,1303.0,1046.0,1429.0,1086.0
data/frames/D/000180.jpg,D,0.3691,merged,2,2338.0,1239.0,2454.0,1281.0
data/frames/D/000180.jpg,D,0.3507,merged,2,1868.0,1237.0,1981.0,1276.0
data/frames/D/000180.jpg,D,0.3159,merged,2,595.0,2041.0,724.0,2080.0
data/frames/D/000180.jpg,D,0.2691,merged,2,3732.0,1211.0,3840.0,1496.0
data/frames/D/000180.jpg,D,0.3970,merged,3,1852.0,598.0,2209.0,750.0
data/frames/D/000195.jpg,D,0.4577,sam,1,2452.0,1356.0,2634.0,1456.0
data/frames/D/000195.jpg,D,0.4528,sam,1,3721.0,1408.0,3840.0,1585.0
data/frames/D/000195.jpg,D,0.4023,sam,1,1510.0,1097.0,1569.0,1130.0
data/frames/D/000195.jpg,D,0.3919,sam,1,2083.0,1291.0,2157.0,1327.0
data/frames/D/000195.jpg,D,0.3650,sam,1,3108.0,1717.0,3286.0,1838.0
data/frames/D/000195.jpg,D,0.3603,sam,1,2342.0,1774.0,2517.0,1892.0
data/frames/D/000195.jpg,D,0.3443,sam,1,3514.0,530.0,3687.0,637.0
data/frames/D/000195.jpg,D,0.3387,sam,1,2679.0,1537.0,2817.0,1617.0
data/frames/D/000195.jpg,D,0.3276,sam,1,1340.0,642.0,1520.0,713.0
data/frames/D/000195.jpg,D,0.2914,sam,1,3445.0,682.0,3840.0,898.0
data/frames/D/000195.jpg,D,0.2844,sam,1,2428.0,553.0,2464.0,587.0
data/frames/D/000195.jpg,D,0.2802,sam,1,2111.0,1782.0,2229.0,1878.0
data/frames/D/000195.jpg,D,0.2701,sam,1,2545.0,1294.0,2618.0,1330.0
data/frames/D/000195.jpg,D,0.2460,sam,1,3242.0,841.0,3431.0,943.0
data/frames/D/000195.jpg,D,0.2452,sam,1,3635.0,842.0,3821.0,937.0
data/frames/D/000195.jpg,D,0.2383,sam,1,2955.0,1085.0,3061.0,1150.0
data/frames/D/000195.jpg,D,0.2331,sam,1,3742.0,481.0,3840.0,555.0
data/frames/D/000195.jpg,D,0.2267,sam,1,1704.0,462.0,2054.0,540.0
data/frames/D/000195.jpg,D,0.2174,sam,1,3270.0,619.0,3450.0,727.0
data/frames/D/000195.jpg,D,0.2169,sam,1,3706.0,654.0,3797.0,697.0
data/frames/D/000195.jpg,D,0.2153,sam,1,2133.0,775.0,2219.0,826.0
data/frames/D/000195.jpg,D,0.2139,sam,1,3426.0,445.0,3589.0,547.0
data/frames/D/000195.jpg,D,0.2120,sam,1,1632.0,0.0,2492.0,550.0
data/frames/D/000195.jpg,D,0.2082,sam,1,2713.0,600.0,2781.0,641.0
data/frames/D/000195.jpg,D,0.2007,sam,1,3661.0,605.0,3737.0,646.0
data/frames/D/000195.jpg,D,0.1993,sam,1,3164.0,538.0,3339.0,649.0
data/frames/D/000195.jpg,D,0.1987,sam,1,2761.0,610.0,2852.0,661.0
data/frames/D/000195.jpg,D,0.1961,sam,1,3080.0,1827.0,3241.0,1920.0
data/frames/D/000195.jpg,D,0.1919,sam,1,2916.0,748.0,2985.0,803.0
data/frames/D/000195.jpg,D,0.1915,sam,1,2782.0,715.0,2837.0,755.0
data/frames/D/000195.jpg,D,0.1868,sam,1,2896.0,2013.0,2971.0,2064.0
data/frames/D/000195.jpg,D,0.1837,sam,1,2912.0,581.0,2980.0,616.0
data/frames/D/000195.jpg,D,0.1780,sam,1,2955.0,1087.0,3015.0,1138.0
data/frames/D/000195.jpg,D,0.1762,sam,1,2920.0,638.0,3004.0,675.0
data/frames/D/000195.jpg,D,0.1724,sam,1,722.0,540.0,1022.0,659.0
data/frames/D/000195.jpg,D,0.1718,sam,1,3084.0,767.0,3154.0,802.0
data/frames/D/000195.jpg,D,0.1691,sam,1,2864.0,627.0,2939.0,667.0
data/frames/D/000195.jpg,D,0.1635,sam,1,1669.0,1054.0,1729.0,1103.0
data/frames/D/000195.jpg,D,0.1611,sam,1,2998.0,799.0,3065.0,829.0
data/frames/D/000195.jpg,D,0.1575,sam,1,1741.0,2117.0,1813.0,2160.0
data/frames/D/000195.jpg,D,0.1565,sam,1,205.0,0.0,338.0,88.0
data/frames/D/000195.jpg,D,0.1560,sam,1,1403.0,106.0,1479.0,153.0
data/frames/D/000195.jpg,D,0.1512,sam,1,2792.0,670.0,2860.0,709.0
data/frames/D/000195.jpg,D,0.3137,merged,2,494.0,2057.0,622.0,2099.0
data/frames/D/000195.jpg,D,0.2092,merged,2,3168.0,0.0,3345.0,75.0
data/frames/D/000195.jpg,D,0.4742,merged,3,1854.0,612.0,2202.0,760.0
data/frames/D/000195.jpg,D,0.1800,merged,4,3275.0,913.0,3620.0,1085.0
data/frames/D/000195.jpg,D,0.2316,merged,6,0.0,1214.7,743.0,1579.1
data/frames/D/000210.jpg,D,0.4483,sam,1,2143.0,1698.0,2310.0,1804.0
data/frames/D/000210.jpg,D,0.4457,sam,1,3702.0,1495.0,3840.0,1665.0
data/frames/D/000210.jpg,D,0.4382,sam,1,3250.0,1775.0,3438.0,1902.0
data/frames/D/000210.jpg,D,0.4286,sam,1,2590.0,1396.0,2745.0,1497.0
data/frames/D/000210.jpg,D,0.3472,sam,1,3473.0,540.0,3641.0,646.0
data/frames/D/000210.jpg,D,0.3383,sam,1,1355.0,651.0,1530.0,721.0
data/frames/D/000210.jpg,D,0.3137,sam,1,2789.0,1580.0,2912.0,1659.0
data/frames/D/000210.jpg,D,0.3106,sam,1,603.0,1284.0,774.0,1384.0
data/frames/D/000210.jpg,D,0.2915,sam,1,2671.0,1892.0,2744.0,1939.0
data/frames/D/000210.jpg,D,0.2662,sam,1,2143.0,1701.0,2190.0,1769.0
data/frames/D/000210.jpg,D,0.2653,sam,1,316.0,1212.0,370.0,1241.0
data/frames/D/000210.jpg,D,0.2587,sam,1,2106.0,1763.0,2220.0,1856.0
data/frames/D/000210.jpg,D,0.2509,sam,1,3590.0,846.0,3772.0,938.0
data/frames/D/000210.jpg,D,0.2494,sam,1,2733.0,1358.0,2806.0,1395.0
data/frames/D/000210.jpg,D,0.2483,sam,1,3049.0,1804.0,3202.0,1895.0
data/frames/D/000210.jpg,D,0.2471,sam,1,667.0,729.0,730.0,792.0
data/frames/D/000210.jpg,D,0.2460,sam,1,3205.0,844.0,3391.0,945.0
data/frames/D/000210.jpg,D,0.2393,sam,1,436.0,2130.0,522.0,2160.0
data/frames/D/000210.jpg,D,0.2337,sam,1,0.0,1203.0,342.0,1485.0
data/frames/D/000210.jpg,D,0.2288,sam,1,3386.0,459.0,3545.0,560.0
data/frames/D/000210.jpg,D,0.2223,sam,1,3132.0,548.0,3301.0,658.0
data/frames/D/000210.jpg,D,0.2200,sam,1,3234.0,629.0,3410.0,730.0
data/frames/D/000210.jpg,D,0.2197,sam,1,2693.0,609.0,2763.0,650.0
data/frames/D/000210.jpg,D,0.2174,sam,1,2128.0,780.0,2212.0,832.0
data/frames/D/000210.jpg,D,0.2171,sam,1,3695.0,466.0,3840.0,561.0
data/frames/D/000210.jpg,D,0.2163,sam,1,0.0,1611.0,423.0,1896.0
data/frames/D/000210.jpg,D,0.2022,sam,1,306.0,787.0,436.0,829.0
data/frames/D/000210.jpg,D,0.1955,sam,1,2138.0,827.0,2189.0,857.0
data/frames/D/000210.jpg,D,0.1933,sam,1,2757.0,718.0,2816.0,760.0
data/frames/D/000210.jpg,D,0.1903,sam,1,2888.0,753.0,2952.0,810.0
data/frames/D/000210.jpg,D,0.1864,sam,1,2886.0,592.0,2952.0,626.0
data/frames/D/000210.jpg,D,0.1831,sam,1,2735.0,621.0,2821.0,671.0
data/frames/D/000210.jpg,D,0.1785,sam,1,3538.0,634.0,3630.0,673.0
data/frames/D/000210.jpg,D,0.1779,sam,1,1416.0,134.0,1495.0,177.0
data/frames/D/000210.jpg,D,0.1740,sam,1,3093.0,0.0,3213.0,97.0
data/frames/D/000210.jpg,D,0.1737,sam,1,1418.0,365.0,1574.0,404.0
data/frames/D/000210.jpg,D,0.1703,sam,1,2381.0,563.0,2452.0,631.0
data/frames/D/000210.jpg,D,0.1607,sam,1,2893.0,646.0,2971.0,683.0
data/frames/D/000210.jpg,D,0.1521,sam,1,3055.0,771.0,3123.0,808.0
data/frames/D/000210.jpg,D,0.3600,merged,2,394.0,2078.0,517.0,2122.0
data/frames/D/000210.jpg,D,0.2975,merged,2,1710.0,1145.0,1822.0,1182.0
data/frames/D/000210.jpg,D,0.2746,merged,2,2288.0,1341.0,2403.0,1382.0
data/frames/D/000210.jpg,D,0.2403,merged,2,3405.0,669.0,3840.0,900.0
data/frames/D/000210.jpg,D,0.3779,merged,3,1854.0,621.0,2193.0,766.0
data/frames/D/000210.jpg,D,0.2093,merged,4,3240.0,918.0,3538.0,1081.0
data/frames/D/000225.jpg,D,0.4763,sam,1,1951.0,1641.0,2114.0,1734.0
data/frames/D/000225.jpg,D,0.4290,sam,1,2463.0,1789.0,2533.0,1834.0
data/frames/D/000225.jpg,D,0.4274,sam,1,2717.0,1441.0,2890.0,1544.0
data/frames/D/000225.jpg,D,0.4095,sam,1,3708.0,1576.0,3840.0,1734.0
data/frames/D/000225.jpg,D,0.3936,sam,1,2468.0,1398.0,2533.0,1439.0
data/frames/D/000225.jpg,D,0.3913,sam,1,3383.0,1842.0,3553.0,1968.0
data/frames/D/000225.jpg,D,0.3889,sam,1,3018.0,1786.0,3154.0,1868.0
data/frames/D/000225.jpg,D,0.3337,sam,1,594.0,871.0,691.0,909.0
data/frames/D/000225.jpg,D,0.3207,sam,1,2890.0,1623.0,3045.0,1706.0
data/frames/D/000225.jpg,D,0.3194,sam,1,3432.0,553.0,3597.0,656.0
data/frames/D/000225.jpg,D,0.3104,sam,1,1367.0,660.0,1553.0,729.0
data/frames/D/000225.jpg,D,0.2932,sam,1,637.0,1280.0,801.0,1374.0
data/frames/D/000225.jpg,D,0.2740,sam,1,3055.0,0.0,3178.0,122.0
data/frames/D/000225.jpg,D,0.2630,sam,1,0.0,1196.0,377.0,1464.0
data/frames/D/000225.jpg,D,0.2625,sam,1,3650.0,469.0,3840.0,572.0
data/frames/D/000225.jpg,D,0.2491,sam,1,2898.0,1427.0,2971.0,1467.0
data/frames/D/000225.jpg,D,0.2472,sam,1,3172.0,849.0,3353.0,948.0
data/frames/D/000225.jpg,D,0.2430,sam,1,3548.0,849.0,3724.0,940.0
data/frames/D/000225.jpg,D,0.2265,sam,1,2862.0,759.0,2922.0,816.0
data/frames/D/000225.jpg,D,0.2185,sam,1,3202.0,638.0,3371.0,738.0
data/frames/D/000225.jpg,D,0.2182,sam,1,2399.0,577.0,2435.0,616.0
data/frames/D/000225.jpg,D,0.2129,sam,1,3350.0,474.0,3503.0,570.0
data/frames/D/000225.jpg,D,0.2119,sam,1,2132.0,832.0,2182.0,862.0
data/frames/D/000225.jpg,D,0.1991,sam,1,3101.0,562.0,3263.0,666.0
data/frames/D/000225.jpg,D,0.1984,sam,1,2675.0,621.0,2741.0,658.0
data/frames/D/000225.jpg,D,0.1948,sam,1,2901.0,1080.0,3000.0,1141.0
data/frames/D/000225.jpg,D,0.1874,sam,1,2863.0,601.0,2924.0,635.0
data/frames/D/000225.jpg,D,0.1852,sam,1,2717.0,631.0,2797.0,680.0
data/frames/D/000225.jpg,D,0.1843,sam,1,1596.0,333.0,2198.0,578.0
data/frames/D/000225.jpg,D,0.1823,sam,1,2122.0,788.0,2208.0,834.0
data/frames/D/000225.jpg,D,0.1820,sam,1,415.0,1361.0,521.0,1399.0
data/frames/D/000225.jpg,D,0.1747,sam,1,2100.0,1744.0,2212.0,1835.0
data/frames/D/000225.jpg,D,0.1737,sam,1,360.0,1208.0,411.0,1238.0
data/frames/D/000225.jpg,D,0.1719,sam,1,1690.0,824.0,1746.0,863.0
data/frames/D/000225.jpg,D,0.1711,sam,1,2369.0,576.0,2436.0,638.0
data/frames/D/000225.jpg,D,0.1702,sam,1,1438.0,160.0,1502.0,203.0
data/frames/D/000225.jpg,D,0.1666,sam,1,2945.0,807.0,3005.0,838.0
data/frames/D/000225.jpg,D,0.1643,sam,1,1632.0,0.0,2459.0,569.0
data/frames/D/000225.jpg,D,0.1630,sam,1,3109.0,1268.0,3180.0,1300.0
data/frames/D/000225.jpg,D,0.1622,sam,1,0.0,1595.0,459.0,1896.0
data/frames/D/000225.jpg,D,0.1606,sam,1,3183.0,765.0,3228.0,798.0
data/frames/D/000225.jpg,D,0.1590,sam,1,3023.0,777.0,3093.0,812.0
data/frames/D/000225.jpg,D,0.1565,sam,1,2739.0,729.0,2794.0,767.0
data/frames/D/000225.jpg,D,0.1561,sam,1,1486.0,286.0,1562.0,321.0
data/frames/D/000225.jpg,D,0.1551,sam,1,266.0,1288.0,308.0,1321.0
data/frames/D/000225.jpg,D,0.1512,sam,1,3226.0,1208.0,3278.0,1238.0
data/frames/D/000225.jpg,D,0.4452,merged,2,1854.0,631.0,2187.0,770.0
data/frames/D/000225.jpg,D,0.2979,merged,2,1896.0,1191.0,2004.0,1228.0
data/frames/D/000225.jpg,D,0.2720,merged,2,876.0,816.0,1008.0,857.0
data/frames/D/000225.jpg,D,0.2113,merged,2,447.0,2108.0,561.0,2160.0
data/frames/D/000225.jpg,D,0.1815,merged,2,294.0,2104.0,409.0,2147.0
data/frames/D/000225.jpg,D,0.3291,merged,4,3367.0,659.0,3840.0,902.0
data/frames/D/000225.jpg,D,0.2027,merged,5,3193.0,922.0,3500.0,1082.0
data/frames/D/000240.jpg,D,0.4533,sam,1,1769.0,1603.0,1937.0,1684.0
data/frames/D/000240.jpg,D,0.4315,sam,1,875.0,943.0,996.0,981.0
data/frames/D/000240.jpg,D,0.4314,sam,1,2837.0,1490.0,2978.0,1591.0
data/frames/D/000240.jpg,D,0.3867,sam,1,1381.0,669.0,1552.0,737.0
data/frames/D/000240.jpg,D,0.3633,sam,1,3010.0,0.0,3146.0,145.0
data/frames/D/000240.jpg,D,0.3454,sam,1,3727.0,1645.0,3840.0,1796.0
data/frames/D/000240.jpg,D,0.3261,sam,1,3395.0,565.0,3555.0,663.0
data/frames/D/000240.jpg,D,0.3232,sam,1,2626.0,1466.0,2698.0,1512.0
data/frames/D/000240.jpg,D,0.3205,sam,1,3051.0,1503.0,3119.0,1542.0
data/frames/D/000240.jpg,D,0.3016,sam,1,3508.0,1911.0,3674.0,2038.0
data/frames/D/000240.jpg,D,0.2965,sam,1,2268.0,1704.0,2338.0,1745.0
data/frames/D/000240.jpg,D,0.2635,sam,1,2984.0,1669.0,3159.0,1762.0
data/frames/D/000240.jpg,D,0.2554,sam,1,1074.0,869.0,1188.0,904.0
data/frames/D/000240.jpg,D,0.2520,sam,1,3607.0,482.0,3789.0,583.0
data/frames/D/000240.jpg,D,0.2375,sam,1,3142.0,852.0,3318.0,948.0
data/frames/D/000240.jpg,D,0.2372,sam,1,3745.0,934.0,3840.0,1046.0
data/frames/D/000240.jpg,D,0.2285,sam,1,2116.0,794.0,2200.0,839.0
data/frames/D/000240.jpg,D,0.2207,sam,1,3509.0,854.0,3679.0,943.0
data/frames/D/000240.jpg,D,0.2122,sam,1,2356.0,586.0,2422.0,649.0
data/frames/D/000240.jpg,D,0.2095,sam,1,3314.0,489.0,3463.0,581.0
data/frames/D/000240.jpg,D,0.2060,sam,1,2129.0,837.0,2173.0,866.0
data/frames/D/000240.jpg,D,0.2008,sam,1,1866.0,505.0,2033.0,578.0
data/frames/D/000240.jpg,D,0.1938,sam,1,3173.0,649.0,3337.0,746.0
data/frames/D/000240.jpg,D,0.1884,sam,1,2992.0,1768.0,3145.0,1855.0
data/frames/D/000240.jpg,D,0.1860,sam,1,3073.0,573.0,3233.0,676.0
data/frames/D/000240.jpg,D,0.1831,sam,1,3079.0,1270.0,3169.0,1300.0
data/frames/D/000240.jpg,D,0.1823,sam,1,2652.0,632.0,2713.0,668.0
data/frames/D/000240.jpg,D,0.1783,sam,1,3175.0,919.0,3459.0,1062.0
data/frames/D/000240.jpg,D,0.1727,sam,1,2097.0,1727.0,2206.0,1816.0
data/frames/D/000240.jpg,D,0.1717,sam,1,2697.0,642.0,2773.0,687.0
data/frames/D/000240.jpg,D,0.1676,sam,1,3772.0,546.0,3840.0,582.0
data/frames/D/000240.jpg,D,0.1648,sam,1,1929.0,0.0,2441.0,361.0
data/frames/D/000240.jpg,D,0.1642,sam,1,0.0,320.0,115.0,460.0
data/frames/D/000240.jpg,D,0.1628,sam,1,2719.0,738.0,2769.0,771.0
data/frames/D/000240.jpg,D,0.1593,sam,1,2845.0,665.0,2919.0,701.0
data/frames/D/000240.jpg,D,0.1560,sam,1,0.0,0.0,864.0,677.0
data/frames/D/000240.jpg,D,0.1558,sam,1,2837.0,611.0,2895.0,645.0
data/frames/D/000240.jpg,D,0.1548,sam,1,802.0,585.0,1090.0,696.0
data/frames/D/000240.jpg,D,0.1542,sam,1,3291.0,1011.0,3403.0,1080.0
data/frames/D/000240.jpg,D,0.1533,sam,1,2840.0,770.0,2907.0,820.0
data/frames/D/000240.jpg,D,0.1530,sam,1,2877.0,1077.0,2979.0,1138.0
data/frames/D/000240.jpg,D,0.4366,merged,2,384.0,2086.0,604.0,2160.0
data/frames/D/000240.jpg,D,0.3222,merged,2,2078.0,1239.0,2183.0,1274.0
data/frames/D/000240.jpg,D,0.3771,merged,3,3332.0,675.0,3840.0,905.0
data/frames/D/000240.jpg,D,0.2535,merged,4,0.0,1183.5,833.0,1537.0
data/frames/D/000240.jpg,D,0.4134,merged,3,1855.0,641.0,2179.0,775.0
data/frames/D/000255.jpg,D,0.4640,sam,1,2953.0,1541.0,3091.0,1643.0
data/frames/D/000255.jpg,D,0.4526,sam,1,426.0,2063.0,633.0,2160.0
data/frames/D/000255.jpg,D,0.4238,sam,1,1594.0,1579.0,1756.0,1650.0
data/frames/D/000255.jpg,D,0.4031,sam,1,2773.0,1545.0,2833.0,1586.0
data/frames/D/000255.jpg,D,0.3932,sam,1,1141.0,1004.0,1254.0,1043.0
data/frames/D/000255.jpg,D,0.3747,sam,1,2086.0,1635.0,2159.0,1673.0
data/frames/D/000255.jpg,D,0.3501,sam,1,2256.0,1285.0,2307.0,1319.0
data/frames/D/000255.jpg,D,0.3413,sam,1,3635.0,973.0,3797.0,1101.0
data/frames/D/000255.jpg,D,0.3296,sam,1,1394.0,679.0,1562.0,746.0
data/frames/D/000255.jpg,D,0.3196,sam,1,3360.0,575.0,3516.0,672.0
data/frames/D/000255.jpg,D,0.3182,sam,1,0.0,1205.0,114.0,1341.0
data/frames/D/000255.jpg,D,0.3160,sam,1,3075.0,1719.0,3186.0,1800.0
data/frames/D/000255.jpg,D,0.2988,sam,1,3627.0,1983.0,3813.0,2110.0
data/frames/D/000255.jpg,D,0.2917,sam,1,1267.0,915.0,1359.0,948.0
data/frames/D/000255.jpg,D,0.2700,sam,1,1743.0,2018.0,1823.0,2160.0
data/frames/D/000255.jpg,D,0.2652,sam,1,3760.0,1713.0,3840.0,1827.0
data/frames/D/000255.jpg,D,0.2609,sam,1,2994.0,0.0,3118.0,166.0
data/frames/D/000255.jpg,D,0.2586,sam,1,2109.0,795.0,2197.0,844.0
data/frames/D/000255.jpg,D,0.2366,sam,1,3567.0,496.0,3744.0,594.0
data/frames/D/000255.jpg,D,0.2218,sam,1,2898.0,1999.0,2973.0,2043.0
data/frames/D/000255.jpg,D,0.2135,sam,1,2092.0,1712.0,2199.0,1800.0
data/frames/D/000255.jpg,D,0.2128,sam,1,3112.0,857.0,3284.0,951.0
data/frames/D/000255.jpg,D,0.2112,sam,1,2635.0,639.0,2700.0,676.0
data/frames/D/000255.jpg,D,0.2068,sam,1,3281.0,504.0,3426.0,592.0
data/frames/D/000255.jpg,D,0.2023,sam,1,3471.0,858.0,3637.0,945.0
data/frames/D/000255.jpg,D,0.1959,sam,1,1798.0,518.0,2032.0,591.0
data/frames/D/000255.jpg,D,0.1954,sam,1,441.0,1199.0,494.0,1225.0
data/frames/D/000255.jpg,D,0.1943,sam,1,3046.0,585.0,3198.0,685.0
data/frames/D/000255.jpg,D,0.1934,sam,1,1922.0,2027.0,2007.0,2160.0
data/frames/D/000255.jpg,D,0.1853,sam,1,0.0,312.0,158.0,475.0
data/frames/D/000255.jpg,D,0.1852,sam,1,3142.0,658.0,3354.0,755.0
data/frames/D/000255.jpg,D,0.1841,sam,1,1469.0,211.0,1519.0,245.0
data/frames/D/000255.jpg,D,0.1834,sam,1,2677.0,650.0,2758.0,697.0
data/frames/D/000255.jpg,D,0.1805,sam,1,2965.0,1751.0,3108.0,1831.0
data/frames/D/000255.jpg,D,0.1798,sam,1,846.0,594.0,1112.0,704.0
data/frames/D/000255.jpg,D,0.1766,sam,1,2818.0,774.0,2878.0,826.0
data/frames/D/000255.jpg,D,0.1754,sam,1,3639.0,590.0,3710.0,625.0
data/frames/D/000255.jpg,D,0.1750,sam,1,2377.0,600.0,2409.0,637.0
data/frames/D/000255.jpg,D,0.1745,sam,1,2123.0,843.0,2172.0,871.0
data/frames/D/000255.jpg,D,0.1694,sam,1,3260.0,1012.0,3365.0,1078.0
data/frames/D/000255.jpg,D,0.1681,sam,1,3147.0,973.0,3332.0,1061.0
data/frames/D/000255.jpg,D,0.1671,sam,1,2858.0,1077.0,2949.0,1134.0
data/frames/D/000255.jpg,D,0.1647,sam,1,1632.0,0.0,2430.0,598.0
data/frames/D/000255.jpg,D,0.1625,sam,1,1154.0,99.0,1262.0,163.0
data/frames/D/000255.jpg,D,0.1618,sam,1,2701.0,743.0,2751.0,779.0
data/frames/D/000255.jpg,D,0.1610,sam,1,2357.0,598.0,2415.0,661.0
data/frames/D/000255.jpg,D,0.1606,sam,1,2814.0,621.0,2877.0,656.0
data/frames/D/000255.jpg,D,0.1605,sam,1,3311.0,930.0,3413.0,995.0
data/frames/D/000255.jpg,D,0.1535,sam,1,1130.0,1732.0,1245.0,1854.0
data/frames/D/000255.jpg,D,0.1510,sam,1,2291.0,684.0,2344.0,733.0
data/frames/D/000255.jpg,D,0.1506,sam,1,2823.0,672.0,2896.0,709.0
data/frames/D/000255.jpg,D,0.3157,merged,2,3185.0,1582.0,3285.0,1623.0
data/frames/D/000255.jpg,D,0.2477,merged,3,50.0,1253.0,876.0,1458.0
data/frames/D/000255.jpg,D,0.4770,merged,3,1856.0,651.0,2173.0,785.0
data/frames/D/000255.jpg,D,0.3592,merged,3,3298.0,682.0,3840.0,909.0
data/frames/D/000270.jpg,D,0.4527,sam,1,1429.0,1574.0,1588.0,1641.0
data/frames/D/000270.jpg,D,0.4257,sam,1,3063.0,1594.0,3202.0,1695.0
data/frames/D/000270.jpg,D,0.4008,sam,1,2916.0,1623.0,2970.0,1658.0
data/frames/D/000270.jpg,D,0.3985,sam,1,475.0,2048.0,664.0,2157.0
data/frames/D/000270.jpg,D,0.3918,sam,1,1748.0,1997.0,1827.0,2141.0
data/frames/D/000270.jpg,D,0.3624,sam,1,3316.0,1660.0,3373.0,1703.0
data/frames/D/000270.jpg,D,0.3593,sam,1,3761.0,931.0,3840.0,973.0
data/frames/D/000270.jpg,D,0.3465,sam,1,1390.0,1070.0,1462.0,1104.0
data/frames/D/000270.jpg,D,0.3383,sam,1,1921.0,2005.0,2003.0,2142.0
data/frames/D/000270.jpg,D,0.3286,sam,1,1406.0,686.0,1566.0,752.0
data/frames/D/000270.jpg,D,0.3268,sam,1,3327.0,586.0,3478.0,680.0
data/frames/D/000270.jpg,D,0.3116,sam,1,3545.0,1028.0,3724.0,1167.0
data/frames/D/000270.jpg,D,0.3061,sam,1,726.0,1263.0,896.0,1356.0
data/frames/D/000270.jpg,D,0.2952,sam,1,3728.0,334.0,3840.0,424.0
data/frames/D/000270.jpg,D,0.2862,sam,1,3528.0,508.0,3701.0,605.0
data/frames/D/000270.jpg,D,0.2744,sam,1,20.0,332.0,201.0,484.0
data/frames/D/000270.jpg,D,0.2519,sam,1,3777.0,651.0,3840.0,722.0
data/frames/D/000270.jpg,D,0.2516,sam,1,3249.0,517.0,3390.0,602.0
data/frames/D/000270.jpg,D,0.2499,sam,1,3435.0,861.0,3596.0,946.0
data/frames/D/000270.jpg,D,0.2497,sam,1,2089.0,1695.0,2193.0,1781.0
data/frames/D/000270.jpg,D,0.2492,sam,1,3749.0,448.0,3840.0,527.0
data/frames/D/000270.jpg,D,0.2433,sam,1,3160.0,1770.0,3269.0,1850.0
data/frames/D/000270.jpg,D,0.2352,sam,1,2621.0,651.0,2683.0,686.0
data/frames/D/000270.jpg,D,0.2335,sam,1,3084.0,861.0,3251.0,952.0
data/frames/D/000270.jpg,D,0.2308,sam,1,2991.0,54.0,3086.0,187.0
data/frames/D/000270.jpg,D,0.2302,sam,1,2944.0,1733.0,3085.0,1816.0
data/frames/D/000270.jpg,D,0.2211,sam,1,3112.0,666.0,3323.0,761.0
data/frames/D/000270.jpg,D,0.2118,sam,1,3020.0,593.0,3175.0,693.0
data/frames/D/000270.jpg,D,0.2117,sam,1,3741.0,2059.0,3840.0,2158.0
data/frames/D/000270.jpg,D,0.2104,sam,1,2662.0,661.0,2740.0,704.0
data/frames/D/000270.jpg,D,0.2042,sam,1,1468.0,233.0,1531.0,272.0
data/frames/D/000270.jpg,D,0.2021,sam,1,2837.0,1075.0,2935.0,1132.0
data/frames/D/000270.jpg,D,0.1887,sam,1,2799.0,782.0,2860.0,828.0
data/frames/D/000270.jpg,D,0.1854,sam,1,2341.0,609.0,2400.0,673.0
data/frames/D/000270.jpg,D,0.1801,sam,1,857.0,603.0,1130.0,711.0
data/frames/D/000270.jpg,D,0.1791,sam,1,2947.0,0.0,3087.0,187.0
data/frames/D/000270.jpg,D,0.1744,sam,1,2797.0,630.0,2853.0,665.0
data/frames/D/000270.jpg,D,0.1697,sam,1,2946.0,794.0,3012.0,828.0
data/frames/D/000270.jpg,D,0.1670,sam,1,2873.0,822.0,2932.0,852.0
data/frames/D/000270.jpg,D,0.1662,sam,1,3797.0,1773.0,3840.0,1850.0
data/frames/D/000270.jpg,D,0.1608,sam,1,1174.0,123.0,1278.0,187.0
data/frames/D/000270.jpg,D,0.1604,sam,1,2101.0,804.0,2195.0,850.0
data/frames/D/000270.jpg,D,0.1542,sam,1,3128.0,1248.0,3185.0,1273.0
data/frames/D/000270.jpg,D,0.1534,sam,1,2682.0,753.0,2731.0,786.0
data/frames/D/000270.jpg,D,0.1507,sam,1,1632.0,0.0,2417.0,608.0
data/frames/D/000270.jpg,D,0.1506,sam,1,3528.0,625.0,3619.0,661.0
data/frames/D/000270.jpg,D,0.3626,merged,2,2419.0,1331.0,2517.0,1366.0
data/frames/D/000270.jpg,D,0.3547,merged,2,3266.0,691.0,3795.0,911.0
data/frames/D/000270.jpg,D,0.3060,merged,2,1921.0,1580.0,2040.0,1615.0
data/frames/D/000270.jpg,D,0.2593,merged,2,1464.0,959.0,1569.0,995.0
data/frames/D/000270.jpg,D,0.2132,merged,2,2692.0,1884.0,2797.0,1926.0
data/frames/D/000270.jpg,D,0.2587,merged,4,0.0,1171.0,639.0,1445.0
data/frames/D/000270.jpg,D,0.1764,merged,2,3173.0,1014.0,3336.0,1102.0
data/frames/D/000270.jpg,D,0.1829,merged,3,3116.0,931.0,3380.0,1061.0
data/frames/D/000270.jpg,D,0.4665,merged,3,1859.0,660.0,2167.0,791.0
data/frames/D/000285.jpg,D,0.4967,sam,1,1272.0,1574.0,1425.0,1648.0
data/frames/D/000285.jpg,D,0.4502,sam,1,3163.0,1651.0,3324.0,1753.0
data/frames/D/000285.jpg,D,0.3666,sam,1,1633.0,999.0,1693.0,1032.0
data/frames/D/000285.jpg,D,0.3520,sam,1,3475.0,1095.0,3623.0,1238.0
data/frames/D/000285.jpg,D,0.3462,sam,1,754.0,1260.0,908.0,1349.0
data/frames/D/000285.jpg,D,0.3361,sam,1,3646.0,984.0,3721.0,1028.0
data/frames/D/000285.jpg,D,0.3260,sam,1,1419.0,696.0,1576.0,760.0
data/frames/D/000285.jpg,D,0.3250,sam,1,1753.0,1973.0,1829.0,2118.0
data/frames/D/000285.jpg,D,0.3234,sam,1,2496.0,1787.0,2560.0,1826.0
data/frames/D/000285.jpg,D,0.3198,sam,1,3296.0,597.0,3443.0,690.0
data/frames/D/000285.jpg,D,0.3050,sam,1,3735.0,643.0,3840.0,730.0
data/frames/D/000285.jpg,D,0.2973,sam,1,3241.0,1820.0,3344.0,1898.0
data/frames/D/000285.jpg,D,0.2887,sam,1,3026.0,1682.0,3115.0,1728.0
data/frames/D/000285.jpg,D,0.2853,sam,1,1924.0,1988.0,1998.0,2118.0
data/frames/D/000285.jpg,D,0.2846,sam,1,3493.0,518.0,3661.0,614.0
data/frames/D/000285.jpg,D,0.2833,sam,1,2921.0,1718.0,3058.0,1796.0
data/frames/D/000285.jpg,D,0.2725,sam,1,2087.0,1682.0,2188.0,1765.0
data/frames/D/000285.jpg,D,0.2719,sam,1,3686.0,354.0,3840.0,438.0
data/frames/D/000285.jpg,D,0.2698,sam,1,504.0,2017.0,738.0,2160.0
data/frames/D/000285.jpg,D,0.2663,sam,1,2917.0,0.0,3064.0,206.0
data/frames/D/000285.jpg,D,0.2639,sam,1,0.0,1183.0,174.0,1416.0
data/frames/D/000285.jpg,D,0.2542,sam,1,3708.0,444.0,3840.0,539.0
data/frames/D/000285.jpg,D,0.2531,sam,1,3436.0,1729.0,3531.0,1795.0
data/frames/D/000285.jpg,D,0.2512,sam,1,517.0,1193.0,561.0,1218.0
data/frames/D/000285.jpg,D,0.2452,sam,1,2104.0,817.0,2184.0,854.0
data/frames/D/000285.jpg,D,0.2396,sam,1,3061.0,866.0,3221.0,954.0
data/frames/D/000285.jpg,D,0.2367,sam,1,3086.0,678.0,3237.0,766.0
data/frames/D/000285.jpg,D,0.2339,sam,1,3220.0,534.0,3358.0,613.0
data/frames/D/000285.jpg,D,0.2159,sam,1,3093.0,978.0,3270.0,1059.0
data/frames/D/000285.jpg,D,0.2117,sam,1,2991.0,604.0,3141.0,702.0
data/frames/D/000285.jpg,D,0.2073,sam,1,2113.0,854.0,2163.0,880.0
data/frames/D/000285.jpg,D,0.2054,sam,1,2814.0,1074.0,2908.0,1133.0
data/frames/D/000285.jpg,D,0.2039,sam,1,2966.0,70.0,3062.0,206.0
data/frames/D/000285.jpg,D,0.1927,sam,1,2647.0,670.0,2723.0,712.0
data/frames/D/000285.jpg,D,0.1923,sam,1,2359.0,621.0,2388.0,663.0
data/frames/D/000285.jpg,D,0.1909,sam,1,3201.0,1013.0,3300.0,1077.0
data/frames/D/000285.jpg,D,0.1879,sam,1,2780.0,785.0,2839.0,835.0
data/frames/D/000285.jpg,D,0.1876,sam,1,3440.0,1746.0,3495.0,1791.0
data/frames/D/000285.jpg,D,0.1875,sam,1,3249.0,937.0,3343.0,997.0
data/frames/D/000285.jpg,D,0.1852,sam,1,3762.0,535.0,3830.0,567.0
data/frames/D/000285.jpg,D,0.1832,sam,1,447.0,73.0,656.0,235.0
data/frames/D/000285.jpg,D,0.1830,sam,1,2777.0,640.0,2825.0,672.0
data/frames/D/000285.jpg,D,0.1824,sam,1,2605.0,659.0,2666.0,695.0
data/frames/D/000285.jpg,D,0.1641,sam,1,3424.0,659.0,3489.0,689.0
data/frames/D/000285.jpg,D,0.1622,sam,1,2867.0,2025.0,2982.0,2142.0
data/frames/D/000285.jpg,D,0.1571,sam,1,2780.0,689.0,2855.0,726.0
data/frames/D/000285.jpg,D,0.1514,sam,1,169.0,73.0,267.0,143.0
data/frames/D/000285.jpg,D,0.1507,sam,1,1490.0,256.0,1543.0,294.0
data/frames/D/000285.jpg,D,0.1502,sam,1,2332.0,620.0,2390.0,680.0
data/frames/D/000285.jpg,D,0.3675,merged,2,1862.0,671.0,2164.0,801.0
data/frames/D/000285.jpg,D,0.2844,merged,2,2575.0,1380.0,2672.0,1416.0
data/frames/D/000285.jpg,D,0.2797,merged,2,1632.0,1134.0,1736.0,1171.0
data/frames/D/000285.jpg,D,0.2633,merged,2,1753.0,1539.0,1881.0,1575.0
data/frames/D/000285.jpg,D,0.2254,merged,2,141.0,1251.0,656.0,1436.0
data/frames/D/000285.jpg,D,0.3445,merged,3,3236.0,700.0,3748.0,916.0
data/frames/D/000285.jpg,D,0.2377,merged,3,3401.0,866.0,3575.0,950.0
data/frames/D/000300.jpg,D,0.4397,sam,1,3276.0,1712.0,3425.0,1815.0
data/frames/D/000300.jpg,D,0.3925,sam,1,1124.0,1588.0,1277.0,1665.0
data/frames/D/000300.jpg,D,0.3819,sam,1,3559.0,1038.0,3634.0,1089.0
data/frames/D/000300.jpg,D,0.3567,sam,1,3267.0,608.0,3410.0,698.0
data/frames/D/000300.jpg,D,0.3387,sam,1,1758.0,1954.0,1831.0,2095.0
data/frames/D/000300.jpg,D,0.3339,sam,1,3557.0,1837.0,3613.0,1881.0
data/frames/D/000300.jpg,D,0.3291,sam,1,3648.0,351.0,3828.0,451.0
data/frames/D/000300.jpg,D,0.3260,sam,1,3316.0,1870.0,3417.0,1949.0
data/frames/D/000300.jpg,D,0.3229,sam,1,474.0,1989.0,950.0,2160.0
data/frames/D/000300.jpg,D,0.3106,sam,1,3204.0,1763.0,3263.0,1805.0
data/frames/D/000300.jpg,D,0.3097,sam,1,1431.0,707.0,1586.0,768.0
data/frames/D/000300.jpg,D,0.3082,sam,1,2901.0,1706.0,3022.0,1773.0
data/frames/D/000300.jpg,D,0.3055,sam,1,3696.0,640.0,3840.0,737.0
data/frames/D/000300.jpg,D,0.3049,sam,1,1922.0,1961.0,2000.0,2095.0
data/frames/D/000300.jpg,D,0.2986,sam,1,3670.0,455.0,3832.0,551.0
data/frames/D/000300.jpg,D,0.2914,sam,1,1595.0,1511.0,1662.0,1545.0
data/frames/D/000300.jpg,D,0.2898,sam,1,1859.0,1194.0,1958.0,1226.0
data/frames/D/000300.jpg,D,0.2881,sam,1,2312.0,1707.0,2379.0,1744.0
data/frames/D/000300.jpg,D,0.2783,sam,1,485.0,95.0,683.0,253.0
data/frames/D/000300.jpg,D,0.2760,sam,1,2887.0,0.0,3034.0,228.0
data/frames/D/000300.jpg,D,0.2740,sam,1,3459.0,533.0,3623.0,625.0
data/frames/D/000300.jpg,D,0.2463,sam,1,2085.0,1669.0,2184.0,1751.0
data/frames/D/000300.jpg,D,0.2426,sam,1,3193.0,546.0,3327.0,623.0
data/frames/D/000300.jpg,D,0.2270,sam,1,2762.0,651.0,2818.0,683.0
data/frames/D/000300.jpg,D,0.2255,sam,1,1708.0,1053.0,1761.0,1096.0
data/frames/D/000300.jpg,D,0.2163,sam,1,2101.0,823.0,2175.0,858.0
data/frames/D/000300.jpg,D,0.2148,sam,1,3062.0,685.0,3209.0,774.0
data/frames/D/000300.jpg,D,0.2103,sam,1,213.0,42.0,396.0,168.0
data/frames/D/000300.jpg,D,0.2080,sam,1,2761.0,794.0,2824.0,842.0
data/frames/D/000300.jpg,D,0.2068,sam,1,0.0,1109.0,81.0,1215.0
data/frames/D/000300.jpg,D,0.2058,sam,1,2973.0,615.0,3117.0,707.0
data/frames/D/000300.jpg,D,0.2039,sam,1,1464.0,522.0,1648.0,626.0
data/frames/D/000300.jpg,D,0.2008,sam,1,2761.0,701.0,2830.0,733.0
data/frames/D/000300.jpg,D,0.1942,sam,1,3658.0,568.0,3732.0,599.0
data/frames/D/000300.jpg,D,0.1929,sam,1,3170.0,1016.0,3275.0,1079.0
data/frames/D/000300.jpg,D,0.1903,sam,1,2901.0,807.0,2967.0,841.0
data/frames/D/000300.jpg,D,0.1885,sam,1,2112.0,860.0,2155.0,885.0
data/frames/D/000300.jpg,D,0.1856,sam,1,2943.0,106.0,3034.0,228.0
data/frames/D/000300.jpg,D,0.1848,sam,1,2651.0,766.0,2700.0,797.0
data/frames/D/000300.jpg,D,0.1800,sam,1,3066.0,980.0,3233.0,1060.0
data/frames/D/000300.jpg,D,0.1783,sam,1,109.0,371.0,282.0,513.0
data/frames/D/000300.jpg,D,0.1781,sam,1,3049.0,797.0,3094.0,830.0
data/frames/D/000300.jpg,D,0.1772,sam,1,2267.0,709.0,2313.0,754.0
data/frames/D/000300.jpg,D,0.1753,sam,1,2717.0,692.0,2781.0,728.0
data/frames/D/000300.jpg,D,0.1733,sam,1,2796.0,1075.0,2883.0,1131.0
data/frames/D/000300.jpg,D,0.1716,sam,1,3218.0,939.0,3312.0,999.0
data/frames/D/000300.jpg,D,0.1703,sam,1,309.0,2063.0,438.0,2160.0
data/frames/D/000300.jpg,D,0.1677,sam,1,2839.0,834.0,2886.0,862.0
data/frames/D/000300.jpg,D,0.1640,sam,1,2648.0,730.0,2756.0,796.0
data/frames/D/000300.jpg,D,0.1626,sam,1,2349.0,633.0,2380.0,674.0
data/frames/D/000300.jpg,D,0.1611,sam,1,3100.0,1070.0,3165.0,1108.0
data/frames/D/000300.jpg,D,0.1594,sam,1,1627.0,1512.0,1724.0,1545.0
data/frames/D/000300.jpg,D,0.1569,sam,1,3335.0,688.0,3395.0,718.0
data/frames/D/000300.jpg,D,0.1526,sam,1,2325.0,1927.0,2347.0,1955.0
data/frames/D/000300.jpg,D,0.1509,sam,1,914.0,630.0,1167.0,731.0
data/frames/D/000300.jpg,D,0.2884,merged,2,1807.0,1041.0,1909.0,1077.0
data/frames/D/000300.jpg,D,0.2329,merged,2,3369.0,871.0,3543.0,954.0
data/frames/D/000300.jpg,D,0.2298,merged,2,2730.0,1433.0,2813.0,1468.0
data/frames/D/000300.jpg,D,0.2286,merged,2,3035.0,871.0,3192.0,958.0
data/frames/D/000300.jpg,D,0.2201,merged,3,2590.0,667.0,2704.0,721.0
data/frames/D/000300.jpg,D,0.4304,merged,3,1864.0,680.0,2160.0,809.0
data/frames/D/000300.jpg,D,0.3222,merged,4,0.0,1177.1,939.0,1440.0
data/frames/D/000300.jpg,D,0.3209,merged,4,3192.0,709.0,3706.0,919.0
data/frames/D/000300.jpg,D,0.2923,merged,3,3080.0,1113.0,3565.0,1305.0
data/frames/D/000315.jpg,D,0.4968,sam,1,986.0,1612.0,1134.0,1694.0
data/frames/D/000315.jpg,D,0.4802,sam,1,3374.0,1776.0,3520.0,1878.0
data/frames/D/000315.jpg,D,0.4375,sam,1,1445.0,1495.0,1510.0,1528.0
data/frames/D/000315.jpg,D,0.3934,sam,1,3399.0,1231.0,3480.0,1367.0
data/frames/D/000315.jpg,D,0.3631,sam,1,2075.0,1256.0,2151.0,1289.0
data/frames/D/000315.jpg,D,0.3426,sam,1,803.0,1252.0,968.0,1339.0
data/frames/D/000315.jpg,D,0.3362,sam,1,1764.0,1936.0,1835.0,2072.0
data/frames/D/000315.jpg,D,0.3286,sam,1,2861.0,1487.0,2941.0,1526.0
data/frames/D/000315.jpg,D,0.3223,sam,1,2881.0,1691.0,2999.0,1757.0
data/frames/D/000315.jpg,D,0.3180,sam,1,3238.0,617.0,3378.0,706.0
data/frames/D/000315.jpg,D,0.3150,sam,1,3658.0,639.0,3840.0,745.0
data/frames/D/000315.jpg,D,0.3146,sam,1,1442.0,715.0,1592.0,775.0
data/frames/D/000315.jpg,D,0.3071,sam,1,3484.0,1094.0,3557.0,1153.0
data/frames/D/000315.jpg,D,0.3044,sam,1,1922.0,1935.0,2003.0,2072.0
data/frames/D/000315.jpg,D,0.2987,sam,1,33.0,1181.0,243.0,1403.0
data/frames/D/000315.jpg,D,0.2897,sam,1,3611.0,366.0,3785.0,465.0
data/frames/D/000315.jpg,D,0.2871,sam,1,3427.0,544.0,3586.0,635.0
data/frames/D/000315.jpg,D,0.2866,sam,1,2136.0,1645.0,2213.0,1677.0
data/frames/D/000315.jpg,D,0.2691,sam,1,2861.0,0.0,3012.0,247.0
data/frames/D/000315.jpg,D,0.2686,sam,1,3631.0,469.0,3790.0,562.0
data/frames/D/000315.jpg,D,0.2494,sam,1,3387.0,1920.0,3485.0,1998.0
data/frames/D/000315.jpg,D,0.2459,sam,1,3673.0,1931.0,3727.0,1977.0
data/frames/D/000315.jpg,D,0.2345,sam,1,3011.0,874.0,3166.0,960.0
data/frames/D/000315.jpg,D,0.2339,sam,1,3339.0,875.0,3489.0,956.0
data/frames/D/000315.jpg,D,0.2301,sam,1,2085.0,1656.0,2181.0,1736.0
data/frames/D/000315.jpg,D,0.2300,sam,1,3037.0,694.0,3184.0,780.0
data/frames/D/000315.jpg,D,0.2291,sam,1,2311.0,641.0,2373.0,697.0
data/frames/D/000315.jpg,D,0.2264,sam,1,226.0,1257.0,584.0,1423.0
data/frames/D/000315.jpg,D,0.2182,sam,1,937.0,643.0,1185.0,738.0
data/frames/D/000315.jpg,D,0.2166,sam,1,2097.0,823.0,2168.0,865.0
data/frames/D/000315.jpg,D,0.2161,sam,1,632.0,1322.0,708.0,1365.0
data/frames/D/000315.jpg,D,0.2097,sam,1,2108.0,864.0,2148.0,889.0
data/frames/D/000315.jpg,D,0.2057,sam,1,102.0,1092.0,160.0,1123.0
data/frames/D/000315.jpg,D,0.2052,sam,1,3166.0,559.0,3297.0,631.0
data/frames/D/000315.jpg,D,0.1914,sam,1,1872.0,569.0,2025.0,633.0
data/frames/D/000315.jpg,D,0.1909,sam,1,2949.0,627.0,3089.0,718.0
data/frames/D/000315.jpg,D,0.1749,sam,1,2576.0,677.0,2634.0,712.0
data/frames/D/000315.jpg,D,0.1712,sam,1,2617.0,687.0,2690.0,730.0
data/frames/D/000315.jpg,D,0.1686,sam,1,502.0,119.0,712.0,276.0
data/frames/D/000315.jpg,D,0.1681,sam,1,1713.0,1054.0,1766.0,1097.0
data/frames/D/000315.jpg,D,0.1652,sam,1,2967.0,1884.0,3089.0,1960.0
data/frames/D/000315.jpg,D,0.1643,sam,1,2741.0,662.0,2798.0,692.0
data/frames/D/000315.jpg,D,0.1629,sam,1,3426.0,577.0,3507.0,636.0
data/frames/D/000315.jpg,D,0.1537,sam,1,3020.0,169.0,3116.0,222.0
data/frames/D/000315.jpg,D,0.1534,sam,1,2698.0,699.0,2763.0,732.0
data/frames/D/000315.jpg,D,0.1531,sam,1,3787.0,432.0,3840.0,491.0
data/frames/D/000315.jpg,D,0.1530,sam,1,2920.0,125.0,3011.0,247.0
data/frames/D/000315.jpg,D,0.2771,merged,2,1970.0,1084.0,2058.0,1119.0
data/frames/D/000315.jpg,D,0.3104,merged,3,357.0,1973.0,968.0,2160.0
data/frames/D/000315.jpg,D,0.3488,merged,3,3181.0,714.0,3666.0,922.0
data/frames/D/000315.jpg,D,0.2205,merged,5,3019.0,928.0,3337.0,1079.0
data/frames/D/000315.jpg,D,0.4711,merged,3,1864.0,690.0,2154.0,812.0
data/frames/D/000330.jpg,D,0.5307,sam,1,857.0,1644.0,999.0,1728.0
data/frames/D/000330.jpg,D,0.4130,sam,1,2277.0,1319.0,2344.0,1350.0
data/frames/D/000330.jpg,D,0.3888,sam,1,1767.0,1916.0,1838.0,2051.0
data/frames/D/000330.jpg,D,0.3854,sam,1,2128.0,1129.0,2193.0,1161.0
data/frames/D/000330.jpg,D,0.3835,sam,1,1294.0,1491.0,1360.0,1524.0
data/frames/D/000330.jpg,D,0.3717,sam,1,3375.0,1289.0,3454.0,1425.0
data/frames/D/000330.jpg,D,0.3676,sam,1,1924.0,1920.0,2000.0,2051.0
data/frames/D/000330.jpg,D,0.3626,sam,1,1959.0,1599.0,2026.0,1633.0
data/frames/D/000330.jpg,D,0.3492,sam,1,3622.0,646.0,3823.0,751.0
data/frames/D/000330.jpg,D,0.3371,sam,1,618.0,2030.0,818.0,2160.0
data/frames/D/000330.jpg,D,0.3228,sam,1,3210.0,626.0,3346.0,713.0
data/frames/D/000330.jpg,D,0.3219,sam,1,3473.0,1842.0,3612.0,1943.0
data/frames/D/000330.jpg,D,0.3168,sam,1,3575.0,381.0,3746.0,477.0
data/frames/D/000330.jpg,D,0.3101,sam,1,3394.0,553.0,3550.0,643.0
data/frames/D/000330.jpg,D,0.2950,sam,1,3595.0,481.0,3750.0,572.0
data/frames/D/000330.jpg,D,0.2907,sam,1,1452.0,724.0,1607.0,781.0
data/frames/D/000330.jpg,D,0.2852,sam,1,2831.0,0.0,2985.0,263.0
data/frames/D/000330.jpg,D,0.2523,sam,1,3453.0,1968.0,3551.0,2048.0
data/frames/D/000330.jpg,D,0.2459,sam,1,3783.0,2032.0,3840.0,2077.0
data/frames/D/000330.jpg,D,0.2356,sam,1,2858.0,1676.0,2993.0,1752.0
data/frames/D/000330.jpg,D,0.2243,sam,1,3781.0,886.0,3840.0,911.0
data/frames/D/000330.jpg,D,0.2235,sam,1,3497.0,1073.0,3550.0,1102.0
data/frames/D/000330.jpg,D,0.2147,sam,1,3748.0,449.0,3833.0,501.0
data/frames/D/000330.jpg,D,0.2035,sam,1,72.0,1123.0,128.0,1176.0
data/frames/D/000330.jpg,D,0.1998,sam,1,3013.0,703.0,3167.0,786.0
data/frames/D/000330.jpg,D,0.1994,sam,1,2574.0,1989.0,2638.0,2049.0
data/frames/D/000330.jpg,D,0.1974,sam,1,2102.0,868.0,2148.0,892.0
data/frames/D/000330.jpg,D,0.1954,sam,1,3139.0,570.0,3268.0,641.0
data/frames/D/000330.jpg,D,0.1948,sam,1,2310.0,649.0,2361.0,706.0
data/frames/D/000330.jpg,D,0.1931,sam,1,961.0,651.0,1206.0,747.0
data/frames/D/000330.jpg,D,0.1926,sam,1,2727.0,668.0,2773.0,697.0
data/frames/D/000330.jpg,D,0.1913,sam,1,2601.0,695.0,2666.0,736.0
data/frames/D/000330.jpg,D,0.1832,sam,1,141.0,1090.0,202.0,1122.0
data/frames/D/000330.jpg,D,0.1828,sam,1,2929.0,634.0,3115.0,725.0
data/frames/D/000330.jpg,D,0.1804,sam,1,3447.0,1170.0,3509.0,1231.0
data/frames/D/000330.jpg,D,0.1795,sam,1,2760.0,1074.0,2843.0,1130.0
data/frames/D/000330.jpg,D,0.1778,sam,1,2080.0,1643.0,2174.0,1721.0
data/frames/D/000330.jpg,D,0.1752,sam,1,2993.0,188.0,3086.0,240.0
data/frames/D/000330.jpg,D,0.1722,sam,1,2564.0,683.0,2618.0,720.0
data/frames/D/000330.jpg,D,0.1662,sam,1,2621.0,744.0,2727.0,810.0
data/frames/D/000330.jpg,D,0.1659,sam,1,3028.0,1235.0,3069.0,1267.0
data/frames/D/000330.jpg,D,0.1642,sam,1,2726.0,805.0,2784.0,850.0
data/frames/D/000330.jpg,D,0.1619,sam,1,553.0,142.0,738.0,293.0
data/frames/D/000330.jpg,D,0.1602,sam,1,787.0,919.0,939.0,971.0
data/frames/D/000330.jpg,D,0.1578,sam,1,2915.0,956.0,2971.0,998.0
data/frames/D/000330.jpg,D,0.1562,sam,1,2731.0,714.0,2801.0,747.0
data/frames/D/000330.jpg,D,0.1542,sam,1,3357.0,1284.0,3476.0,1426.0
data/frames/D/000330.jpg,D,0.1525,sam,1,0.0,0.0,968.0,731.0
data/frames/D/000330.jpg,D,0.1524,sam,1,1719.0,1054.0,1769.0,1097.0
data/frames/D/000330.jpg,D,0.1523,sam,1,1525.0,317.0,1573.0,350.0
data/frames/D/000330.jpg,D,0.1510,sam,1,2938.0,989.0,2990.0,1020.0
data/frames/D/000330.jpg,D,0.4151,merged,2,1865.0,697.0,2149.0,819.0
data/frames/D/000330.jpg,D,0.3535,merged,2,3154.0,723.0,3628.0,924.0
data/frames/D/000330.jpg,D,0.3302,merged,2,2976.0,1544.0,3062.0,1583.0
data/frames/D/000330.jpg,D,0.2441,merged,2,2988.0,878.0,3139.0,961.0
data/frames/D/000330.jpg,D,0.2326,merged,2,3307.0,878.0,3469.0,957.0
data/frames/D/000330.jpg,D,0.3060,merged,7,73.8,1159.0,990.0,1420.3
data/frames/D/000330.jpg,D,0.1775,merged,5,3006.0,940.0,3298.0,1077.0
data/frames/D/000345.jpg,D,0.4829,sam,1,732.0,1679.0,871.0,1766.0
data/frames/D/000345.jpg,D,0.4091,sam,1,3356.0,1345.0,3449.0,1479.0
data/frames/D/000345.jpg,D,0.4069,sam,1,1783.0,1569.0,1853.0,1601.0
data/frames/D/000345.jpg,D,0.3719,sam,1,1463.0,731.0,1613.0,788.0
data/frames/D/000345.jpg,D,0.3501,sam,1,1771.0,1899.0,1840.0,2030.0
data/frames/D/000345.jpg,D,0.3464,sam,1,3563.0,1910.0,3703.0,2012.0
data/frames/D/000345.jpg,D,0.3317,sam,1,1927.0,1906.0,1999.0,2030.0
data/frames/D/000345.jpg,D,0.3164,sam,1,2471.0,1380.0,2538.0,1416.0
data/frames/D/000345.jpg,D,0.3153,sam,1,3586.0,655.0,3783.0,758.0
data/frames/D/000345.jpg,D,0.3137,sam,1,3541.0,397.0,3706.0,490.0
data/frames/D/000345.jpg,D,0.3098,sam,1,3182.0,635.0,3318.0,723.0
data/frames/D/000345.jpg,D,0.3024,sam,1,3432.0,1252.0,3488.0,1312.0
data/frames/D/000345.jpg,D,0.2950,sam,1,3363.0,566.0,3515.0,651.0
data/frames/D/000345.jpg,D,0.2930,sam,1,646.0,2011.0,840.0,2145.0
data/frames/D/000345.jpg,D,0.2929,sam,1,2804.0,0.0,2964.0,281.0
data/frames/D/000345.jpg,D,0.2926,sam,1,3093.0,1607.0,3132.0,1640.0
data/frames/D/000345.jpg,D,0.2919,sam,1,3517.0,2017.0,3611.0,2098.0
data/frames/D/000345.jpg,D,0.2887,sam,1,3560.0,493.0,3711.0,582.0
data/frames/D/000345.jpg,D,0.2658,sam,1,2968.0,914.0,3042.0,966.0
data/frames/D/000345.jpg,D,0.2560,sam,1,852.0,1246.0,1005.0,1331.0
data/frames/D/000345.jpg,D,0.2429,sam,1,3431.0,1128.0,3474.0,1157.0
data/frames/D/000345.jpg,D,0.2422,sam,1,3680.0,913.0,3738.0,935.0
data/frames/D/000345.jpg,D,0.2390,sam,1,3114.0,580.0,3239.0,650.0
data/frames/D/000345.jpg,D,0.2322,sam,1,115.0,1177.0,314.0,1389.0
data/frames/D/000345.jpg,D,0.2257,sam,1,2842.0,1663.0,2957.0,1729.0
data/frames/D/000345.jpg,D,0.2242,sam,1,2078.0,1631.0,2171.0,1720.0
data/frames/D/000345.jpg,D,0.2125,sam,1,3658.0,2045.0,3710.0,2094.0
data/frames/D/000345.jpg,D,0.2105,sam,1,2971.0,207.0,3069.0,253.0
data/frames/D/000345.jpg,D,0.2099,sam,1,3078.0,1591.0,3168.0,1644.0
data/frames/D/000345.jpg,D,0.2020,sam,1,2877.0,174.0,2963.0,280.0
data/frames/D/000345.jpg,D,0.1973,sam,1,300.0,1257.0,523.0,1408.0
data/frames/D/000345.jpg,D,0.1937,sam,1,648.0,1189.0,687.0,1206.0
data/frames/D/000345.jpg,D,0.1912,sam,1,3772.0,788.0,3833.0,818.0
data/frames/D/000345.jpg,D,0.1910,sam,1,2741.0,1076.0,2797.0,1128.0
data/frames/D/000345.jpg,D,0.1882,sam,1,2908.0,643.0,3051.0,732.0
data/frames/D/000345.jpg,D,0.1879,sam,1,2583.0,1940.0,2649.0,2013.0
data/frames/D/000345.jpg,D,0.1862,sam,1,2602.0,750.0,2704.0,814.0
data/frames/D/000345.jpg,D,0.1844,sam,1,562.0,162.0,767.0,312.0
data/frames/D/000345.jpg,D,0.1830,sam,1,276.0,1190.0,664.0,1408.0
data/frames/D/000345.jpg,D,0.1769,sam,1,3708.0,462.0,3786.0,514.0
data/frames/D/000345.jpg,D,0.1749,sam,1,3078.0,1590.0,3134.0,1640.0
data/frames/D/000345.jpg,D,0.1727,sam,1,279.0,1188.0,642.0,1407.0
data/frames/D/000345.jpg,D,0.1725,sam,1,2991.0,709.0,3134.0,791.0
data/frames/D/000345.jpg,D,0.1706,sam,1,3658.0,2044.0,3751.0,2105.0
data/frames/D/000345.jpg,D,0.1684,sam,1,110.0,1121.0,187.0,1183.0
data/frames/D/000345.jpg,D,0.1672,sam,1,3706.0,453.0,3800.0,514.0
data/frames/D/000345.jpg,D,0.1660,sam,1,2741.0,1074.0,2828.0,1130.0
data/frames/D/000345.jpg,D,0.1592,sam,1,2965.0,882.0,3113.0,965.0
data/frames/D/000345.jpg,D,0.1561,sam,1,2244.0,1852.0,2271.0,1878.0
data/frames/D/000345.jpg,D,0.1555,sam,1,181.0,1091.0,249.0,1125.0
data/frames/D/000345.jpg,D,0.1531,sam,1,112.0,503.0,210.0,567.0
data/frames/D/000345.jpg,D,0.1512,sam,1,1805.0,592.0,2025.0,651.0
data/frames/D/000345.jpg,D,0.1508,sam,1,2584.0,701.0,2651.0,743.0
data/frames/D/000345.jpg,D,0.4066,merged,2,1869.0,706.0,2145.0,825.0
data/frames/D/000345.jpg,D,0.3989,merged,2,1151.0,1500.0,1275.0,1535.0
data/frames/D/000345.jpg,D,0.3386,merged,2,3129.0,731.0,3593.0,928.0
data/frames/D/000345.jpg,D,0.2825,merged,2,2277.0,1176.0,2362.0,1210.0
data/frames/D/000345.jpg,D,0.2361,merged,3,3279.0,882.0,3440.0,959.0
data/frames/D/000345.jpg,D,0.1700,merged,2,3041.0,1020.0,3191.0,1098.0
data/frames/D/000345.jpg,D,0.1815,merged,3,2982.0,943.0,3280.0,1061.0
data/frames/D/000360.jpg,D,0.4809,sam,1,614.0,1723.0,748.0,1807.0
data/frames/D/000360.jpg,D,0.4747,sam,1,3354.0,1399.0,3462.0,1528.0
data/frames/D/000360.jpg,D,0.3650,sam,1,3653.0,1979.0,3774.0,2078.0
data/frames/D/000360.jpg,D,0.3253,sam,1,1774.0,1879.0,1840.0,2010.0
data/frames/D/000360.jpg,D,0.3148,sam,1,3155.0,644.0,3289.0,727.0
data/frames/D/000360.jpg,D,0.3097,sam,1,3508.0,411.0,3669.0,501.0
data/frames/D/000360.jpg,D,0.3087,sam,1,3440.0,1338.0,3500.0,1387.0
data/frames/D/000360.jpg,D,0.3064,sam,1,3551.0,662.0,3744.0,764.0
data/frames/D/000360.jpg,D,0.3011,sam,1,876.0,1242.0,1030.0,1324.0
data/frames/D/000360.jpg,D,0.3004,sam,1,673.0,1993.0,861.0,2123.0
data/frames/D/000360.jpg,D,0.2946,sam,1,1009.0,1520.0,1067.0,1553.0
data/frames/D/000360.jpg,D,0.2935,sam,1,3526.0,504.0,3674.0,591.0
data/frames/D/000360.jpg,D,0.2932,sam,1,617.0,183.0,791.0,327.0
data/frames/D/000360.jpg,D,0.2816,sam,1,1474.0,737.0,1617.0,793.0
data/frames/D/000360.jpg,D,0.2790,sam,1,1923.0,1886.0,2000.0,2010.0
data/frames/D/000360.jpg,D,0.2723,sam,1,3334.0,577.0,3482.0,660.0
data/frames/D/000360.jpg,D,0.2718,sam,1,2648.0,1450.0,2710.0,1485.0
data/frames/D/000360.jpg,D,0.2686,sam,1,153.0,1176.0,347.0,1383.0
data/frames/D/000360.jpg,D,0.2670,sam,1,2943.0,908.0,3064.0,965.0
data/frames/D/000360.jpg,D,0.2640,sam,1,3768.0,640.0,3840.0,704.0
data/frames/D/000360.jpg,D,0.2466,sam,1,3578.0,2066.0,3670.0,2146.0
data/frames/D/000360.jpg,D,0.2440,sam,1,39.0,588.0,182.0,687.0
data/frames/D/000360.jpg,D,0.2384,sam,1,3391.0,1184.0,3435.0,1221.0
data/frames/D/000360.jpg,D,0.2252,sam,1,3089.0,592.0,3217.0,659.0
data/frames/D/000360.jpg,D,0.2147,sam,1,2589.0,761.0,2689.0,818.0
data/frames/D/000360.jpg,D,0.2094,sam,1,3673.0,473.0,3747.0,524.0
data/frames/D/000360.jpg,D,0.2054,sam,1,2417.0,1226.0,2467.0,1260.0
data/frames/D/000360.jpg,D,0.2034,sam,1,309.0,1182.0,557.0,1402.0
data/frames/D/000360.jpg,D,0.2027,sam,1,2085.0,843.0,2154.0,878.0
data/frames/D/000360.jpg,D,0.1996,sam,1,3586.0,935.0,3639.0,958.0
data/frames/D/000360.jpg,D,0.1996,sam,1,2969.0,715.0,3112.0,795.0
data/frames/D/000360.jpg,D,0.1970,sam,1,2821.0,1651.0,2949.0,1723.0
data/frames/D/000360.jpg,D,0.1939,sam,1,3673.0,473.0,3750.0,524.0
data/frames/D/000360.jpg,D,0.1899,sam,1,2095.0,877.0,2134.0,902.0
data/frames/D/000360.jpg,D,0.1876,sam,1,2950.0,224.0,3033.0,270.0
data/frames/D/000360.jpg,D,0.1865,sam,1,2885.0,652.0,3021.0,738.0
data/frames/D/000360.jpg,D,0.1838,sam,1,2573.0,708.0,2639.0,748.0
data/frames/D/000360.jpg,D,0.1828,sam,1,1000.0,668.0,1233.0,761.0
data/frames/D/000360.jpg,D,0.1822,sam,1,262.0,1168.0,379.0,1236.0
data/frames/D/000360.jpg,D,0.1779,sam,1,309.0,1233.0,707.0,1404.0
data/frames/D/000360.jpg,D,0.1762,sam,1,2075.0,1620.0,2166.0,1702.0
data/frames/D/000360.jpg,D,0.1755,sam,1,2695.0,815.0,2743.0,858.0
data/frames/D/000360.jpg,D,0.1725,sam,1,215.0,1090.0,293.0,1125.0
data/frames/D/000360.jpg,D,0.1706,sam,1,2725.0,1074.0,2820.0,1123.0
data/frames/D/000360.jpg,D,0.1683,sam,1,180.0,1156.0,224.0,1205.0
data/frames/D/000360.jpg,D,0.1663,sam,1,276.0,582.0,333.0,633.0
data/frames/D/000360.jpg,D,0.1657,sam,1,263.0,435.0,422.0,565.0
data/frames/D/000360.jpg,D,0.1642,sam,1,3675.0,815.0,3738.0,845.0
data/frames/D/000360.jpg,D,0.1616,sam,1,91.0,1100.0,153.0,1148.0
data/frames/D/000360.jpg,D,0.1551,sam,1,2286.0,670.0,2343.0,727.0
data/frames/D/000360.jpg,D,0.1549,sam,1,2980.0,1237.0,3027.0,1272.0
data/frames/D/000360.jpg,D,0.1540,sam,1,2887.0,973.0,3012.0,1022.0
data/frames/D/000360.jpg,D,0.1532,sam,1,675.0,1185.0,714.0,1203.0
data/frames/D/000360.jpg,D,0.1510,sam,1,2691.0,684.0,2737.0,714.0
data/frames/D/000360.jpg,D,0.1501,sam,1,2538.0,701.0,2587.0,733.0
data/frames/D/000360.jpg,D,0.4148,merged,2,1611.0,1553.0,1716.0,1586.0
data/frames/D/000360.jpg,D,0.3485,merged,2,3103.0,737.0,3557.0,929.0
data/frames/D/000360.jpg,D,0.3323,merged,2,2778.0,0.0,2941.0,297.0
data/frames/D/000360.jpg,D,0.2540,merged,2,3250.0,887.0,3393.0,961.0
data/frames/D/000360.jpg,D,0.2198,merged,2,3187.0,1665.0,3271.0,1701.0
data/frames/D/000360.jpg,D,0.2857,merged,3,1869.0,713.0,2138.0,829.0
data/frames/D/000360.jpg,D,0.1799,merged,4,2972.0,946.0,3249.0,1077.0
data/frames/D/000375.jpg,D,0.4502,sam,1,501.0,1764.0,633.0,1852.0
data/frames/D/000375.jpg,D,0.3946,sam,1,896.0,1240.0,1036.0,1318.0
data/frames/D/000375.jpg,D,0.3722,sam,1,1482.0,743.0,1622.0,799.0
data/frames/D/000375.jpg,D,0.3594,sam,1,1777.0,1865.0,1844.0,1991.0
data/frames/D/000375.jpg,D,0.3589,sam,1,3363.0,1241.0,3406.0,1274.0
data/frames/D/000375.jpg,D,0.3541,sam,1,698.0,1977.0,881.0,2099.0
data/frames/D/000375.jpg,D,0.3436,sam,1,1925.0,1872.0,1999.0,1991.0
data/frames/D/000375.jpg,D,0.3376,sam,1,3479.0,1419.0,3532.0,1461.0
data/frames/D/000375.jpg,D,0.3239,sam,1,212.0,673.0,351.0,770.0
data/frames/D/000375.jpg,D,0.3185,sam,1,3366.0,1453.0,3480.0,1575.0
data/frames/D/000375.jpg,D,0.3097,sam,1,3726.0,780.0,3840.0,872.0
data/frames/D/000375.jpg,D,0.3085,sam,1,3281.0,1729.0,3328.0,1764.0
data/frames/D/000375.jpg,D,0.3085,sam,1,2819.0,1528.0,2865.0,1559.0
data/frames/D/000375.jpg,D,0.2973,sam,1,3130.0,652.0,3263.0,733.0
data/frames/D/000375.jpg,D,0.2957,sam,1,3722.0,638.0,3840.0,712.0
data/frames/D/000375.jpg,D,0.2941,sam,1,3517.0,670.0,3706.0,769.0
data/frames/D/000375.jpg,D,0.2799,sam,1,3000.0,1966.0,3132.0,2074.0
data/frames/D/000375.jpg,D,0.2792,sam,1,3737.0,2043.0,3840.0,2144.0
data/frames/D/000375.jpg,D,0.2758,sam,1,189.0,1173.0,396.0,1377.0
data/frames/D/000375.jpg,D,0.2739,sam,1,436.0,651.0,529.0,708.0
data/frames/D/000375.jpg,D,0.2652,sam,1,3494.0,515.0,3638.0,601.0
data/frames/D/000375.jpg,D,0.2610,sam,1,3476.0,426.0,3631.0,511.0
data/frames/D/000375.jpg,D,0.2566,sam,1,298.0,449.0,452.0,574.0
data/frames/D/000375.jpg,D,0.2519,sam,1,3499.0,956.0,3560.0,988.0
data/frames/D/000375.jpg,D,0.2514,sam,1,3306.0,584.0,3450.0,667.0
data/frames/D/000375.jpg,D,0.2512,sam,1,2928.0,908.0,3039.0,969.0
data/frames/D/000375.jpg,D,0.2487,sam,1,2544.0,1275.0,2594.0,1308.0
data/frames/D/000375.jpg,D,0.2309,sam,1,737.0,1305.0,809.0,1341.0
data/frames/D/000375.jpg,D,0.2192,sam,1,1026.0,681.0,1247.0,765.0
data/frames/D/000375.jpg,D,0.2185,dino_fallback,1,241.1,1170.7,411.0,1241.3
data/frames/D/000375.jpg,D,0.2180,sam,1,3224.0,890.0,3361.0,963.0
data/frames/D/000375.jpg,D,0.2089,sam,1,2070.0,1609.0,2160.0,1687.0
data/frames/D/000375.jpg,D,0.2084,sam,1,185.0,1117.0,258.0,1202.0
data/frames/D/000375.jpg,D,0.2030,sam,1,3063.0,603.0,3218.0,668.0
data/frames/D/000375.jpg,D,0.2014,sam,1,2190.0,1808.0,2216.0,1832.0
data/frames/D/000375.jpg,D,0.1965,sam,1,2802.0,1638.0,2924.0,1709.0
data/frames/D/000375.jpg,D,0.1873,sam,1,3589.0,841.0,3645.0,872.0
data/frames/D/000375.jpg,D,0.1832,sam,1,2708.0,1071.0,2802.0,1126.0
data/frames/D/000375.jpg,D,0.1822,sam,1,653.0,1318.0,717.0,1354.0
data/frames/D/000375.jpg,D,0.1817,sam,1,2946.0,722.0,3129.0,803.0
data/frames/D/000375.jpg,D,0.1806,sam,1,251.0,1090.0,314.0,1123.0
data/frames/D/000375.jpg,D,0.1759,sam,1,2679.0,820.0,2728.0,861.0
data/frames/D/000375.jpg,D,0.1730,sam,1,371.0,1251.0,533.0,1393.0
data/frames/D/000375.jpg,D,0.1725,sam,1,601.0,1245.0,635.0,1274.0
data/frames/D/000375.jpg,D,0.1683,sam,1,2807.0,920.0,2855.0,951.0
data/frames/D/000375.jpg,D,0.1682,sam,1,128.0,1099.0,190.0,1146.0
data/frames/D/000375.jpg,D,0.1670,sam,1,617.0,179.0,816.0,346.0
data/frames/D/000375.jpg,D,0.1668,sam,1,2082.0,846.0,2148.0,883.0
data/frames/D/000375.jpg,D,0.1589,sam,1,2676.0,691.0,2717.0,721.0
data/frames/D/000375.jpg,D,0.1586,sam,1,2555.0,714.0,2625.0,756.0
data/frames/D/000375.jpg,D,0.1550,sam,1,2950.0,988.0,3109.0,1060.0
data/frames/D/000375.jpg,D,0.1550,sam,1,3047.0,1021.0,3136.0,1077.0
data/frames/D/000375.jpg,D,0.1526,sam,1,2866.0,661.0,3041.0,745.0
data/frames/D/000375.jpg,D,0.1500,sam,1,366.0,492.0,462.0,586.0
data/frames/D/000375.jpg,D,0.3615,merged,2,1442.0,1556.0,1545.0,1586.0
data/frames/D/000375.jpg,D,0.3408,merged,2,3079.0,743.0,3524.0,930.0
data/frames/D/000375.jpg,D,0.3302,merged,2,1870.0,721.0,2134.0,831.0
data/frames/D/000375.jpg,D,0.3063,merged,2,873.0,1550.0,979.0,1582.0
data/frames/D/000375.jpg,D,0.2471,merged,2,2754.0,0.0,2919.0,311.0
data/frames/D/000390.jpg,D,0.4584,sam,1,2962.0,1603.0,3052.0,1641.0
data/frames/D/000390.jpg,D,0.4511,sam,1,395.0,1809.0,524.0,1898.0
data/frames/D/000390.jpg,D,0.3656,sam,1,3351.0,1290.0,3395.0,1322.0
data/frames/D/000390.jpg,D,0.3612,sam,1,741.0,1586.0,792.0,1619.0
data/frames/D/000390.jpg,D,0.3572,sam,1,2841.0,1869.0,2973.0,1969.0
data/frames/D/000390.jpg,D,0.3478,sam,1,3528.0,1500.0,3609.0,1546.0
data/frames/D/000390.jpg,D,0.3438,sam,1,3633.0,811.0,3777.0,904.0
data/frames/D/000390.jpg,D,0.3327,sam,1,3106.0,659.0,3232.0,739.0
data/frames/D/000390.jpg,D,0.3240,sam,1,3444.0,439.0,3596.0,522.0
data/frames/D/000390.jpg,D,0.3163,sam,1,2783.0,1627.0,2895.0,1690.0
data/frames/D/000390.jpg,D,0.3146,sam,1,1488.0,750.0,1627.0,806.0
data/frames/D/000390.jpg,D,0.3123,sam,1,3678.0,646.0,3826.0,719.0
data/frames/D/000390.jpg,D,0.3059,sam,1,3485.0,678.0,3667.0,774.0
data/frames/D/000390.jpg,D,0.3036,sam,1,378.0,752.0,513.0,840.0
data/frames/D/000390.jpg,D,0.3005,sam,1,589.0,716.0,684.0,771.0
data/frames/D/000390.jpg,D,0.2991,sam,1,3375.0,1791.0,3458.0,1827.0
data/frames/D/000390.jpg,D,0.2890,sam,1,3279.0,593.0,3417.0,674.0
data/frames/D/000390.jpg,D,0.2870,sam,1,3461.0,525.0,3602.0,609.0
data/frames/D/000390.jpg,D,0.2779,sam,1,720.0,1957.0,903.0,2081.0
data/frames/D/000390.jpg,D,0.2773,sam,1,3387.0,1506.0,3503.0,1621.0
data/frames/D/000390.jpg,D,0.2674,sam,1,2078.0,851.0,2142.0,885.0
data/frames/D/000390.jpg,D,0.2668,sam,1,2667.0,1326.0,2710.0,1356.0
data/frames/D/000390.jpg,D,0.2578,sam,1,663.0,219.0,835.0,360.0
data/frames/D/000390.jpg,D,0.2505,sam,1,2903.0,905.0,3037.0,969.0
data/frames/D/000390.jpg,D,0.2357,sam,1,3197.0,906.0,3339.0,965.0
data/frames/D/000390.jpg,D,0.2350,sam,1,2069.0,1598.0,2154.0,1673.0
data/frames/D/000390.jpg,D,0.2337,sam,1,3528.0,1501.0,3580.0,1545.0
data/frames/D/000390.jpg,D,0.2314,sam,1,1779.0,1841.0,1847.0,1972.0
data/frames/D/000390.jpg,D,0.2241,sam,1,3416.0,986.0,3465.0,1012.0
data/frames/D/000390.jpg,D,0.2234,sam,1,2925.0,729.0,3100.0,808.0
data/frames/D/000390.jpg,D,0.2214,sam,1,2807.0,217.0,2897.0,326.0
data/frames/D/000390.jpg,D,0.2194,sam,1,3041.0,611.0,3171.0,675.0
data/frames/D/000390.jpg,D,0.2117,sam,1,164.0,1099.0,225.0,1145.0
data/frames/D/000390.jpg,D,0.2089,sam,1,1924.0,1856.0,1995.0,1972.0
data/frames/D/000390.jpg,D,0.1977,sam,1,1041.0,686.0,1260.0,773.0
data/frames/D/000390.jpg,D,0.1932,sam,1,2847.0,668.0,2978.0,750.0
data/frames/D/000390.jpg,D,0.1887,sam,1,2278.0,684.0,2327.0,735.0
data/frames/D/000390.jpg,D,0.1869,sam,1,2338.0,1875.0,2424.0,1944.0
data/frames/D/000390.jpg,D,0.1867,sam,1,3504.0,868.0,3561.0,899.0
data/frames/D/000390.jpg,D,0.1855,sam,1,222.0,1120.0,280.0,1170.0
data/frames/D/000390.jpg,D,0.1851,sam,1,2541.0,640.0,2607.0,689.0
data/frames/D/000390.jpg,D,0.1848,sam,1,284.0,1091.0,343.0,1122.0
data/frames/D/000390.jpg,D,0.1793,sam,1,2661.0,825.0,2720.0,865.0
data/frames/D/000390.jpg,D,0.1756,sam,1,3752.0,455.0,3840.0,519.0
data/frames/D/000390.jpg,D,0.1749,sam,1,679.0,1412.0,707.0,1450.0
data/frames/D/000390.jpg,D,0.1735,sam,1,2563.0,770.0,2654.0,828.0
data/frames/D/000390.jpg,D,0.1722,sam,1,2660.0,700.0,2703.0,729.0
data/frames/D/000390.jpg,D,0.1697,sam,1,510.0,2058.0,664.0,2160.0
data/frames/D/000390.jpg,D,0.1652,sam,1,2929.0,948.0,3188.0,1060.0
data/frames/D/000390.jpg,D,0.1627,sam,1,394.0,507.0,480.0,587.0
data/frames/D/000390.jpg,D,0.1618,sam,1,329.0,463.0,480.0,586.0
data/frames/D/000390.jpg,D,0.1589,sam,1,3601.0,501.0,3665.0,545.0
data/frames/D/000390.jpg,D,0.1588,sam,1,1559.0,386.0,1605.0,418.0
data/frames/D/000390.jpg,D,0.1577,sam,1,2896.0,258.0,2986.0,343.0
data/frames/D/000390.jpg,D,0.1569,sam,1,222.0,1112.0,296.0,1201.0
data/frames/D/000390.jpg,D,0.1551,sam,1,0.0,703.0,45.0,772.0
data/frames/D/000390.jpg,D,0.1546,sam,1,2694.0,1070.0,2815.0,1148.0
data/frames/D/000390.jpg,D,0.3104,merged,2,3055.0,750.0,3492.0,933.0
data/frames/D/000390.jpg,D,0.2508,merged,2,1275.0,1570.0,1378.0,1600.0
data/frames/D/000390.jpg,D,0.2006,merged,2,2511.0,713.0,2613.0,759.0
data/frames/D/000390.jpg,D,0.4390,merged,9,219.0,1166.9,1063.0,1392.0
data/frames/D/000390.jpg,D,0.3681,merged,3,1871.0,727.0,2130.0,834.0
data/frames/D/000405.jpg,D,0.4334,sam,1,314.0,1860.0,420.0,1939.0
data/frames/D/000405.jpg,D,0.3679,sam,1,2692.0,1784.0,2820.0,1880.0
data/frames/D/000405.jpg,D,0.3595,sam,1,47.0,751.0,220.0,851.0
data/frames/D/000405.jpg,D,0.3448,sam,1,742.0,772.0,832.0,823.0
data/frames/D/000405.jpg,D,0.3427,sam,1,540.0,820.0,683.0,905.0
data/frames/D/000405.jpg,D,0.3385,sam,1,3082.0,667.0,3204.0,745.0
data/frames/D/000405.jpg,D,0.3356,sam,1,3105.0,1688.0,3156.0,1722.0
data/frames/D/000405.jpg,D,0.3175,sam,1,3582.0,1589.0,3632.0,1631.0
data/frames/D/000405.jpg,D,0.3174,sam,1,1496.0,755.0,1631.0,810.0
data/frames/D/000405.jpg,D,0.3146,sam,1,3550.0,842.0,3688.0,934.0
data/frames/D/000405.jpg,D,0.3080,sam,1,610.0,1631.0,661.0,1660.0
data/frames/D/000405.jpg,D,0.2858,sam,1,3454.0,685.0,3633.0,779.0
data/frames/D/000405.jpg,D,0.2781,sam,1,3430.0,536.0,3568.0,617.0
data/frames/D/000405.jpg,D,0.2772,sam,1,3638.0,654.0,3782.0,728.0
data/frames/D/000405.jpg,D,0.2757,sam,1,1923.0,1837.0,1994.0,1955.0
data/frames/D/000405.jpg,D,0.2740,sam,1,3415.0,452.0,3561.0,532.0
data/frames/D/000405.jpg,D,0.2715,sam,1,3252.0,603.0,3387.0,682.0
data/frames/D/000405.jpg,D,0.2611,sam,1,2767.0,1613.0,2886.0,1684.0
data/frames/D/000405.jpg,D,0.2603,sam,1,2883.0,904.0,3014.0,971.0
data/frames/D/000405.jpg,D,0.2598,sam,1,3416.0,1557.0,3531.0,1669.0
data/frames/D/000405.jpg,D,0.2595,sam,1,3472.0,1855.0,3520.0,1889.0
data/frames/D/000405.jpg,D,0.2585,sam,1,1781.0,1828.0,1849.0,1955.0
data/frames/D/000405.jpg,D,0.2419,sam,1,3354.0,1333.0,3401.0,1360.0
data/frames/D/000405.jpg,D,0.2312,sam,1,3763.0,829.0,3821.0,856.0
data/frames/D/000405.jpg,D,0.2305,sam,1,360.0,476.0,444.0,551.0
data/frames/D/000405.jpg,D,0.2304,sam,1,3017.0,621.0,3169.0,682.0
data/frames/D/000405.jpg,D,0.2279,sam,1,3172.0,895.0,3305.0,967.0
data/frames/D/000405.jpg,D,0.2226,sam,1,2075.0,851.0,2138.0,889.0
data/frames/D/000405.jpg,D,0.2219,sam,1,2905.0,735.0,3078.0,812.0
data/frames/D/000405.jpg,D,0.2045,sam,1,2828.0,677.0,2969.0,755.0
data/frames/D/000405.jpg,D,0.2017,sam,1,197.0,1099.0,256.0,1144.0
data/frames/D/000405.jpg,D,0.2016,sam,1,2066.0,1587.0,2150.0,1664.0
data/frames/D/000405.jpg,D,0.1890,sam,1,253.0,1111.0,325.0,1200.0
data/frames/D/000405.jpg,D,0.1806,sam,1,2678.0,1069.0,2764.0,1125.0
data/frames/D/000405.jpg,D,0.1601,sam,1,2826.0,1210.0,2944.0,1273.0
data/frames/D/000405.jpg,D,0.1594,sam,1,1871.0,628.0,2011.0,682.0
data/frames/D/000405.jpg,D,0.1581,sam,1,2957.0,1020.0,3087.0,1096.0
data/frames/D/000405.jpg,D,0.1561,sam,1,2678.0,1072.0,2734.0,1110.0
data/frames/D/000405.jpg,D,0.1526,sam,1,3138.0,733.0,3193.0,763.0
data/frames/D/000405.jpg,D,0.1523,sam,1,2645.0,829.0,2699.0,871.0
data/frames/D/000405.jpg,D,0.1520,sam,1,2646.0,705.0,2683.0,732.0
data/frames/D/000405.jpg,D,0.1519,sam,1,215.0,1459.0,281.0,1513.0
data/frames/D/000405.jpg,D,0.3135,merged,2,3032.0,755.0,3459.0,933.0
data/frames/D/000405.jpg,D,0.2994,merged,2,2764.0,1368.0,2846.0,1410.0
data/frames/D/000405.jpg,D,0.2501,merged,2,1118.0,1596.0,1216.0,1626.0
data/frames/D/000405.jpg,D,0.2465,merged,2,2708.0,0.0,2877.0,341.0
data/frames/D/000405.jpg,D,0.2142,merged,2,3328.0,1010.0,3411.0,1038.0
data/frames/D/000405.jpg,D,0.5055,merged,3,1869.0,735.0,2125.0,841.0
data/frames/D/000405.jpg,D,0.3165,merged,3,538.0,1943.0,1104.0,2160.0
data/frames/D/000405.jpg,D,0.3276,merged,8,252.9,1159.7,1071.0,1387.6
data/frames/D/000405.jpg,D,0.1596,merged,3,2910.0,952.0,3131.0,1058.0
data/frames/D/000420.jpg,D,0.5066,sam,1,199.0,1906.0,323.0,1997.0
data/frames/D/000420.jpg,D,0.3776,sam,1,893.0,821.0,984.0,870.0
data/frames/D/000420.jpg,D,0.3755,sam,1,768.0,1928.0,941.0,2042.0
data/frames/D/000420.jpg,D,0.3708,sam,1,337.0,1168.0,489.0,1255.0
data/frames/D/000420.jpg,D,0.3672,sam,1,700.0,881.0,838.0,958.0
data/frames/D/000420.jpg,D,0.3398,sam,1,3471.0,872.0,3605.0,962.0
data/frames/D/000420.jpg,D,0.3213,sam,1,206.0,828.0,373.0,922.0
data/frames/D/000420.jpg,D,0.3183,sam,1,484.0,1677.0,534.0,1706.0
data/frames/D/000420.jpg,D,0.3119,sam,1,3387.0,465.0,3526.0,543.0
data/frames/D/000420.jpg,D,0.3076,sam,1,3450.0,1608.0,3567.0,1719.0
data/frames/D/000420.jpg,D,0.3035,sam,1,1922.0,1824.0,1991.0,1937.0
data/frames/D/000420.jpg,D,0.3020,sam,1,3402.0,546.0,3537.0,626.0
data/frames/D/000420.jpg,D,0.2988,sam,1,3238.0,1773.0,3289.0,1808.0
data/frames/D/000420.jpg,D,0.2978,sam,1,3227.0,611.0,3359.0,689.0
data/frames/D/000420.jpg,D,0.2932,sam,1,1785.0,1811.0,1848.0,1937.0
data/frames/D/000420.jpg,D,0.2928,sam,1,3059.0,672.0,3182.0,753.0
data/frames/D/000420.jpg,D,0.2811,sam,1,968.0,1631.0,1013.0,1661.0
data/frames/D/000420.jpg,D,0.2746,sam,1,2062.0,1578.0,2146.0,1650.0
data/frames/D/000420.jpg,D,0.2640,sam,1,1505.0,762.0,1659.0,816.0
data/frames/D/000420.jpg,D,0.2632,sam,1,3731.0,359.0,3814.0,418.0
data/frames/D/000420.jpg,D,0.2626,sam,1,292.0,1168.0,467.0,1359.0
data/frames/D/000420.jpg,D,0.2555,sam,1,3489.0,934.0,3553.0,962.0
data/frames/D/000420.jpg,D,0.2513,sam,1,3641.0,1680.0,3701.0,1722.0
data/frames/D/000420.jpg,D,0.2493,sam,1,2865.0,904.0,2995.0,972.0
data/frames/D/000420.jpg,D,0.2482,sam,1,953.0,1228.0,1087.0,1305.0
data/frames/D/000420.jpg,D,0.2474,sam,1,2996.0,629.0,3110.0,690.0
data/frames/D/000420.jpg,D,0.2451,sam,1,2750.0,1605.0,2856.0,1674.0
data/frames/D/000420.jpg,D,0.2436,sam,1,209.0,503.0,290.0,537.0
data/frames/D/000420.jpg,D,0.2431,sam,1,3673.0,858.0,3723.0,885.0
data/frames/D/000420.jpg,D,0.2398,sam,1,3148.0,897.0,3277.0,970.0
data/frames/D/000420.jpg,D,0.2342,sam,1,2550.0,1707.0,2675.0,1799.0
data/frames/D/000420.jpg,D,0.2342,sam,1,460.0,1240.0,660.0,1377.0
data/frames/D/000420.jpg,D,0.2244,sam,1,3259.0,1035.0,3304.0,1062.0
data/frames/D/000420.jpg,D,0.2214,sam,1,3732.0,767.0,3811.0,797.0
data/frames/D/000420.jpg,D,0.2202,sam,1,2260.0,699.0,2309.0,749.0
data/frames/D/000420.jpg,D,0.2125,sam,1,2686.0,0.0,2859.0,354.0
data/frames/D/000420.jpg,D,0.2031,sam,1,2886.0,740.0,3057.0,819.0
data/frames/D/000420.jpg,D,0.2026,sam,1,718.0,293.0,819.0,390.0
data/frames/D/000420.jpg,D,0.2014,sam,1,286.0,1107.0,358.0,1198.0
data/frames/D/000420.jpg,D,0.1976,sam,1,3369.0,1372.0,3406.0,1394.0
data/frames/D/000420.jpg,D,0.1947,sam,1,2810.0,683.0,2979.0,761.0
data/frames/D/000420.jpg,D,0.1873,sam,1,2632.0,713.0,2668.0,738.0
data/frames/D/000420.jpg,D,0.1863,sam,1,2072.0,856.0,2133.0,893.0
data/frames/D/000420.jpg,D,0.1833,sam,1,2079.0,890.0,2118.0,913.0
data/frames/D/000420.jpg,D,0.1819,sam,1,2870.0,1419.0,2914.0,1451.0
data/frames/D/000420.jpg,D,0.1769,sam,1,232.0,1098.0,288.0,1145.0
data/frames/D/000420.jpg,D,0.1714,sam,1,391.0,488.0,538.0,606.0
data/frames/D/000420.jpg,D,0.1693,sam,1,2488.0,727.0,2541.0,759.0
data/frames/D/000420.jpg,D,0.1671,sam,1,2525.0,734.0,2584.0,771.0
data/frames/D/000420.jpg,D,0.1658,sam,1,3681.0,466.0,3818.0,537.0
data/frames/D/000420.jpg,D,0.1653,sam,1,312.0,1154.0,359.0,1200.0
data/frames/D/000420.jpg,D,0.1563,sam,1,345.0,1090.0,406.0,1122.0
data/frames/D/000420.jpg,D,0.1556,sam,1,2984.0,1023.0,3068.0,1075.0
data/frames/D/000420.jpg,D,0.1536,sam,1,2538.0,782.0,2622.0,836.0
data/frames/D/000420.jpg,D,0.1533,sam,1,286.0,1115.0,344.0,1167.0
data/frames/D/000420.jpg,D,0.1531,sam,1,779.0,1176.0,816.0,1195.0
data/frames/D/000420.jpg,D,0.1502,sam,1,566.0,1219.0,620.0,1248.0
data/frames/D/000420.jpg,D,0.4859,merged,2,1870.0,742.0,2121.0,845.0
data/frames/D/000420.jpg,D,0.3005,merged,2,3011.0,761.0,3432.0,937.0
data/frames/D/000420.jpg,D,0.3048,merged,3,3425.0,663.0,3742.0,785.0
data/frames/D/000420.jpg,D,0.2162,merged,2,3565.0,1916.0,3643.0,1953.0
data/frames/D/000420.jpg,D,0.1663,merged,2,2890.0,953.0,3107.0,1060.0
data/frames/D/000435.jpg,D,0.4571,sam,1,105.0,1960.0,227.0,2049.0
data/frames/D/000435.jpg,D,0.3999,sam,1,820.0,1673.0,910.0,1708.0
data/frames/D/000435.jpg,D,0.3313,sam,1,3395.0,905.0,3526.0,992.0
data/frames/D/000435.jpg,D,0.3188,sam,1,3699.0,374.0,3777.0,429.0
data/frames/D/000435.jpg,D,0.3168,sam,1,323.0,1166.0,490.0,1354.0
data/frames/D/000435.jpg,D,0.3092,sam,1,970.0,1226.0,1106.0,1303.0
data/frames/D/000435.jpg,D,0.3091,sam,1,788.0,1913.0,958.0,2026.0
data/frames/D/000435.jpg,D,0.3053,sam,1,3488.0,1663.0,3603.0,1769.0
data/frames/D/000435.jpg,D,0.3017,sam,1,3359.0,477.0,3493.0,552.0
data/frames/D/000435.jpg,D,0.2987,sam,1,2416.0,1637.0,2547.0,1726.0
data/frames/D/000435.jpg,D,0.2953,sam,1,856.0,932.0,1023.0,1009.0
data/frames/D/000435.jpg,D,0.2948,sam,1,2737.0,1592.0,2847.0,1664.0
data/frames/D/000435.jpg,D,0.2931,sam,1,2957.0,1469.0,2996.0,1499.0
data/frames/D/000435.jpg,D,0.2876,sam,1,3203.0,619.0,3332.0,696.0
data/frames/D/000435.jpg,D,0.2854,sam,1,3785.0,752.0,3840.0,781.0
data/frames/D/000435.jpg,D,0.2843,sam,1,2059.0,1568.0,2144.0,1641.0
data/frames/D/000435.jpg,D,0.2816,sam,1,3374.0,556.0,3506.0,634.0
data/frames/D/000435.jpg,D,0.2770,sam,1,3039.0,681.0,3158.0,759.0
data/frames/D/000435.jpg,D,0.2652,sam,1,473.0,1176.0,701.0,1373.0
data/frames/D/000435.jpg,D,0.2629,sam,1,2845.0,904.0,2974.0,974.0
data/frames/D/000435.jpg,D,0.2515,sam,1,343.0,889.0,509.0,983.0
data/frames/D/000435.jpg,D,0.2498,sam,1,1042.0,840.0,1172.0,915.0
data/frames/D/000435.jpg,D,0.2498,sam,1,3367.0,1861.0,3410.0,1896.0
data/frames/D/000435.jpg,D,0.2476,sam,1,1511.0,769.0,1687.0,821.0
data/frames/D/000435.jpg,D,0.2391,sam,1,3702.0,1777.0,3755.0,1819.0
data/frames/D/000435.jpg,D,0.2369,sam,1,3589.0,886.0,3640.0,913.0
data/frames/D/000435.jpg,D,0.2299,sam,1,368.0,1166.0,509.0,1258.0
data/frames/D/000435.jpg,D,0.2289,sam,1,1924.0,1809.0,1989.0,1922.0
data/frames/D/000435.jpg,D,0.2289,sam,1,421.0,501.0,562.0,612.0
data/frames/D/000435.jpg,D,0.2251,sam,1,3124.0,904.0,3249.0,970.0
data/frames/D/000435.jpg,D,0.2230,sam,1,3794.0,505.0,3840.0,533.0
data/frames/D/000435.jpg,D,0.2209,sam,1,3635.0,796.0,3712.0,828.0
data/frames/D/000435.jpg,D,0.2184,sam,1,2977.0,639.0,3112.0,697.0
data/frames/D/000435.jpg,D,0.2142,sam,1,3384.0,1402.0,3424.0,1424.0
data/frames/D/000435.jpg,D,0.2089,sam,1,3646.0,475.0,3785.0,549.0
data/frames/D/000435.jpg,D,0.2021,sam,1,3800.0,421.0,3840.0,479.0
data/frames/D/000435.jpg,D,0.2012,sam,1,3507.0,528.0,3568.0,573.0
data/frames/D/000435.jpg,D,0.1981,sam,1,1788.0,1808.0,1848.0,1922.0
data/frames/D/000435.jpg,D,0.1967,sam,1,718.0,270.0,899.0,408.0
data/frames/D/000435.jpg,D,0.1951,sam,1,830.0,1287.0,890.0,1321.0
data/frames/D/000435.jpg,D,0.1856,sam,1,2619.0,721.0,2654.0,746.0
data/frames/D/000435.jpg,D,0.1853,sam,1,3655.0,1983.0,3724.0,2020.0
data/frames/D/000435.jpg,D,0.1842,sam,1,298.0,555.0,377.0,585.0
data/frames/D/000435.jpg,D,0.1836,sam,1,2077.0,892.0,2115.0,917.0
data/frames/D/000435.jpg,D,0.1827,sam,1,2209.0,770.0,2248.0,807.0
data/frames/D/000435.jpg,D,0.1802,sam,1,2271.0,707.0,2299.0,738.0
data/frames/D/000435.jpg,D,0.1797,sam,1,2618.0,837.0,2673.0,877.0
data/frames/D/000435.jpg,D,0.1742,sam,1,2794.0,690.0,2959.0,767.0
data/frames/D/000435.jpg,D,0.1738,sam,1,569.0,1209.0,645.0,1248.0
data/frames/D/000435.jpg,D,0.1725,sam,1,2869.0,746.0,3035.0,822.0
data/frames/D/000435.jpg,D,0.1711,sam,1,800.0,1174.0,836.0,1193.0
data/frames/D/000435.jpg,D,0.1707,sam,1,2755.0,268.0,2840.0,368.0
data/frames/D/000435.jpg,D,0.1696,sam,1,281.0,1445.0,341.0,1498.0
data/frames/D/000435.jpg,D,0.1690,sam,1,2872.0,992.0,3007.0,1059.0
data/frames/D/000435.jpg,D,0.1687,sam,1,1943.0,2096.0,2068.0,2160.0
data/frames/D/000435.jpg,D,0.1686,sam,1,375.0,1091.0,433.0,1122.0
data/frames/D/000435.jpg,D,0.1668,sam,1,2511.0,740.0,2571.0,775.0
data/frames/D/000435.jpg,D,0.1602,sam,1,558.0,1853.0,1071.0,2160.0
data/frames/D/000435.jpg,D,0.1561,sam,1,2998.0,958.0,3076.0,1009.0
data/frames/D/000435.jpg,D,0.1522,sam,1,1581.0,428.0,1620.0,458.0
data/frames/D/000435.jpg,D,0.1519,sam,1,1742.0,1056.0,1786.0,1094.0
data/frames/D/000435.jpg,D,0.3201,merged,2,1871.0,748.0,2117.0,851.0
data/frames/D/000435.jpg,D,0.3109,merged,2,364.0,1725.0,470.0,1756.0
data/frames/D/000435.jpg,D,0.2884,merged,2,2990.0,766.0,3401.0,937.0
data/frames/D/000435.jpg,D,0.2941,merged,3,3396.0,672.0,3704.0,790.0
data/frames/D/000450.jpg,D,0.4224,sam,1,18.0,2011.0,141.0,2100.0
data/frames/D/000450.jpg,D,0.3715,sam,1,811.0,1895.0,976.0,2005.0
data/frames/D/000450.jpg,D,0.3351,sam,1,2287.0,1578.0,2406.0,1661.0
data/frames/D/000450.jpg,D,0.3319,sam,1,517.0,954.0,669.0,1038.0
data/frames/D/000450.jpg,D,0.3257,sam,1,3321.0,933.0,3452.0,1021.0
data/frames/D/000450.jpg,D,0.3001,sam,1,3532.0,1717.0,3665.0,1821.0
data/frames/D/000450.jpg,D,0.2965,sam,1,397.0,1164.0,534.0,1258.0
data/frames/D/000450.jpg,D,0.2829,sam,1,243.0,1781.0,304.0,1815.0
data/frames/D/000450.jpg,D,0.2783,sam,1,1519.0,776.0,1653.0,824.0
data/frames/D/000450.jpg,D,0.2781,sam,1,347.0,1111.0,412.0,1193.0
data/frames/D/000450.jpg,D,0.2755,sam,1,3043.0,1515.0,3085.0,1548.0
data/frames/D/000450.jpg,D,0.2674,sam,1,388.0,601.0,475.0,631.0
data/frames/D/000450.jpg,D,0.2640,sam,1,2722.0,1586.0,2820.0,1642.0
data/frames/D/000450.jpg,D,0.2623,sam,1,2056.0,1561.0,2140.0,1631.0
data/frames/D/000450.jpg,D,0.2614,sam,1,3333.0,489.0,3462.0,560.0
data/frames/D/000450.jpg,D,0.2613,sam,1,2829.0,906.0,2956.0,976.0
data/frames/D/000450.jpg,D,0.2610,sam,1,1923.0,1794.0,1987.0,1906.0
data/frames/D/000450.jpg,D,0.2565,sam,1,3534.0,679.0,3670.0,748.0
data/frames/D/000450.jpg,D,0.2537,sam,1,3347.0,565.0,3476.0,642.0
data/frames/D/000450.jpg,D,0.2476,sam,1,353.0,1166.0,522.0,1349.0
data/frames/D/000450.jpg,D,0.2472,sam,1,3180.0,628.0,3306.0,702.0
data/frames/D/000450.jpg,D,0.2441,sam,1,3368.0,705.0,3538.0,795.0
data/frames/D/000450.jpg,D,0.2433,sam,1,3017.0,687.0,3133.0,765.0
data/frames/D/000450.jpg,D,0.2374,sam,1,3102.0,905.0,3224.0,970.0
data/frames/D/000450.jpg,D,0.2361,sam,1,295.0,1098.0,348.0,1143.0
data/frames/D/000450.jpg,D,0.2360,sam,1,2738.0,282.0,2822.0,380.0
data/frames/D/000450.jpg,D,0.2358,sam,1,1790.0,1789.0,1854.0,1906.0
data/frames/D/000450.jpg,D,0.2347,sam,1,2251.0,711.0,2297.0,755.0
data/frames/D/000450.jpg,D,0.2342,sam,1,990.0,1224.0,1122.0,1299.0
data/frames/D/000450.jpg,D,0.2305,sam,1,611.0,1216.0,673.0,1246.0
data/frames/D/000450.jpg,D,0.2267,sam,1,3741.0,833.0,3802.0,860.0
data/frames/D/000450.jpg,D,0.2232,sam,1,3543.0,825.0,3611.0,856.0
data/frames/D/000450.jpg,D,0.2209,sam,1,3766.0,423.0,3840.0,490.0
data/frames/D/000450.jpg,D,0.2163,sam,1,3768.0,1878.0,3839.0,1919.0
data/frames/D/000450.jpg,D,0.2117,sam,1,3686.0,780.0,3751.0,808.0
data/frames/D/000450.jpg,D,0.2093,sam,1,3763.0,708.0,3823.0,732.0
data/frames/D/000450.jpg,D,0.2066,sam,1,3478.0,538.0,3535.0,580.0
data/frames/D/000450.jpg,D,0.2024,sam,1,515.0,1235.0,696.0,1367.0
data/frames/D/000450.jpg,D,0.1974,sam,1,2852.0,959.0,3095.0,1059.0
data/frames/D/000450.jpg,D,0.1934,sam,1,3666.0,363.0,3802.0,440.0
data/frames/D/000450.jpg,D,0.1926,sam,1,773.0,1289.0,832.0,1332.0
data/frames/D/000450.jpg,D,0.1909,sam,1,2065.0,864.0,2126.0,900.0
data/frames/D/000450.jpg,D,0.1906,sam,1,3684.0,542.0,3737.0,569.0
data/frames/D/000450.jpg,D,0.1881,sam,1,371.0,1153.0,414.0,1195.0
data/frames/D/000450.jpg,D,0.1848,sam,1,841.0,1284.0,909.0,1319.0
data/frames/D/000450.jpg,D,0.1831,sam,1,821.0,1172.0,857.0,1192.0
data/frames/D/000450.jpg,D,0.1825,sam,1,2850.0,751.0,3014.0,827.0
data/frames/D/000450.jpg,D,0.1780,sam,1,2775.0,697.0,2938.0,773.0
data/frames/D/000450.jpg,D,0.1754,sam,1,3509.0,915.0,3554.0,936.0
data/frames/D/000450.jpg,D,0.1714,sam,1,1034.0,2039.0,1141.0,2160.0
data/frames/D/000450.jpg,D,0.1714,sam,1,2958.0,647.0,3062.0,703.0
data/frames/D/000450.jpg,D,0.1695,sam,1,346.0,1119.0,402.0,1165.0
data/frames/D/000450.jpg,D,0.1671,sam,1,3615.0,488.0,3746.0,558.0
data/frames/D/000450.jpg,D,0.1640,sam,1,2634.0,1071.0,2710.0,1136.0
data/frames/D/000450.jpg,D,0.1631,sam,1,3445.0,1914.0,3535.0,1985.0
data/frames/D/000450.jpg,D,0.1578,sam,1,297.0,1099.0,419.0,1193.0
data/frames/D/000450.jpg,D,0.1558,sam,1,2491.0,670.0,2555.0,719.0
data/frames/D/000450.jpg,D,0.1504,sam,1,3665.0,389.0,3742.0,440.0
data/frames/D/000450.jpg,D,0.3915,merged,2,1188.0,900.0,1313.0,948.0
data/frames/D/000450.jpg,D,0.3262,merged,2,1010.0,972.0,1169.0,1054.0
data/frames/D/000450.jpg,D,0.3029,merged,2,2973.0,771.0,3375.0,941.0
data/frames/D/000450.jpg,D,0.2806,merged,2,1871.0,753.0,2113.0,856.0
data/frames/D/000450.jpg,D,0.2534,merged,2,674.0,1719.0,766.0,1752.0
data/frames/D/000450.jpg,D,0.2046,merged,2,402.0,1090.0,493.0,1122.0
data/frames/D/000450.jpg,D,0.1662,merged,2,1860.0,2066.0,2092.0,2160.0
data/frames/D/000465.jpg,D,0.3540,sam,1,2164.0,1528.0,2285.0,1605.0
data/frames/D/000465.jpg,D,0.3469,sam,1,823.0,1821.0,994.0,1991.0
data/frames/D/000465.jpg,D,0.3048,sam,1,3580.0,1772.0,3695.0,1873.0
data/frames/D/000465.jpg,D,0.3009,sam,1,1793.0,1777.0,1856.0,1891.0
data/frames/D/000465.jpg,D,0.2772,sam,1,1525.0,781.0,1671.0,831.0
data/frames/D/000465.jpg,D,0.2757,sam,1,2053.0,1550.0,2140.0,1621.0
data/frames/D/000465.jpg,D,0.2732,sam,1,3251.0,962.0,3377.0,1051.0
data/frames/D/000465.jpg,D,0.2716,sam,1,3440.0,932.0,3485.0,960.0
data/frames/D/000465.jpg,D,0.2709,sam,1,3321.0,572.0,3448.0,649.0
data/frames/D/000465.jpg,D,0.2707,sam,1,2706.0,1574.0,2807.0,1635.0
data/frames/D/000465.jpg,D,0.2700,sam,1,3156.0,635.0,3280.0,709.0
data/frames/D/000465.jpg,D,0.2694,sam,1,2998.0,695.0,3116.0,769.0
data/frames/D/000465.jpg,D,0.2603,sam,1,3503.0,684.0,3637.0,753.0
data/frames/D/000465.jpg,D,0.2600,sam,1,2724.0,296.0,2805.0,391.0
data/frames/D/000465.jpg,D,0.2568,sam,1,130.0,1839.0,235.0,1871.0
data/frames/D/000465.jpg,D,0.2562,sam,1,1824.0,2050.0,2101.0,2160.0
data/frames/D/000465.jpg,D,0.2505,sam,1,3124.0,1565.0,3167.0,1598.0
data/frames/D/000465.jpg,D,0.2495,sam,1,3309.0,499.0,3431.0,569.0
data/frames/D/000465.jpg,D,0.2400,sam,1,3734.0,421.0,3840.0,499.0
data/frames/D/000465.jpg,D,0.2353,sam,1,2812.0,907.0,2937.0,976.0
data/frames/D/000465.jpg,D,0.2294,sam,1,2535.0,1723.0,2603.0,1763.0
data/frames/D/000465.jpg,D,0.2242,sam,1,670.0,1006.0,825.0,1086.0
data/frames/D/000465.jpg,D,0.2237,sam,1,3589.0,2024.0,3660.0,2080.0
data/frames/D/000465.jpg,D,0.2228,sam,1,3816.0,675.0,3840.0,744.0
data/frames/D/000465.jpg,D,0.2186,sam,1,3593.0,805.0,3659.0,833.0
data/frames/D/000465.jpg,D,0.2185,sam,1,3081.0,906.0,3203.0,973.0
data/frames/D/000465.jpg,D,0.2158,sam,1,473.0,645.0,559.0,674.0
data/frames/D/000465.jpg,D,0.2117,sam,1,3615.0,869.0,3669.0,893.0
data/frames/D/000465.jpg,D,0.2085,sam,1,1924.0,1782.0,1989.0,1890.0
data/frames/D/000465.jpg,D,0.2084,sam,1,3342.0,711.0,3508.0,798.0
data/frames/D/000465.jpg,D,0.2036,sam,1,3456.0,852.0,3529.0,882.0
data/frames/D/000465.jpg,D,0.2033,sam,1,2938.0,654.0,3054.0,710.0
data/frames/D/000465.jpg,D,0.2018,sam,1,3574.0,577.0,3626.0,604.0
data/frames/D/000465.jpg,D,0.1967,sam,1,2833.0,960.0,3073.0,1060.0
data/frames/D/000465.jpg,D,0.1948,sam,1,2834.0,756.0,2994.0,831.0
data/frames/D/000465.jpg,D,0.1922,sam,1,0.0,2060.0,89.0,2123.0
data/frames/D/000465.jpg,D,0.1831,sam,1,3586.0,498.0,3713.0,567.0
data/frames/D/000465.jpg,D,0.1778,sam,1,375.0,1112.0,441.0,1192.0
data/frames/D/000465.jpg,D,0.1755,sam,1,324.0,1099.0,376.0,1141.0
data/frames/D/000465.jpg,D,0.1726,sam,1,476.0,522.0,622.0,630.0
data/frames/D/000465.jpg,D,0.1703,sam,1,2762.0,701.0,2921.0,778.0
data/frames/D/000465.jpg,D,0.1693,sam,1,2764.0,1205.0,2848.0,1239.0
data/frames/D/000465.jpg,D,0.1683,sam,1,3635.0,401.0,3710.0,452.0
data/frames/D/000465.jpg,D,0.1671,sam,1,3635.0,370.0,3766.0,452.0
data/frames/D/000465.jpg,D,0.1667,sam,1,374.0,1113.0,422.0,1163.0
data/frames/D/000465.jpg,D,0.1639,sam,1,2623.0,1068.0,2689.0,1121.0
data/frames/D/000465.jpg,D,0.1618,sam,1,3427.0,1466.0,3472.0,1505.0
data/frames/D/000465.jpg,D,0.1519,sam,1,2481.0,677.0,2545.0,730.0
data/frames/D/000465.jpg,D,0.2929,merged,2,2952.0,777.0,3347.0,944.0
data/frames/D/000465.jpg,D,0.2920,merged,2,536.0,1771.0,626.0,1801.0
data/frames/D/000465.jpg,D,0.2753,merged,2,1165.0,1013.0,1308.0,1087.0
data/frames/D/000465.jpg,D,0.2346,merged,2,1331.0,930.0,1455.0,976.0
data/frames/D/000465.jpg,D,0.1947,merged,2,3649.0,718.0,3728.0,761.0
data/frames/D/000465.jpg,D,0.3982,merged,3,1872.0,757.0,2110.0,858.0
data/frames/D/000465.jpg,D,0.3567,merged,8,378.0,1146.0,1139.0,1366.0
data/frames/D/000480.jpg,D,0.4036,sam,1,451.0,1160.0,591.0,1262.0
data/frames/D/000480.jpg,D,0.3582,sam,1,3190.0,991.0,3311.0,1085.0
data/frames/D/000480.jpg,D,0.3359,sam,1,1475.0,956.0,1556.0,998.0
data/frames/D/000480.jpg,D,0.3256,sam,1,817.0,1047.0,970.0,1125.0
data/frames/D/000480.jpg,D,0.3142,sam,1,3371.0,953.0,3419.0,981.0
data/frames/D/000480.jpg,D,0.3139,sam,1,3629.0,1826.0,3741.0,1925.0
data/frames/D/000480.jpg,D,0.3032,sam,1,1796.0,1765.0,1857.0,1877.0
data/frames/D/000480.jpg,D,0.3021,sam,1,2979.0,700.0,3092.0,772.0
data/frames/D/000480.jpg,D,0.2942,sam,1,2711.0,311.0,2791.0,403.0
data/frames/D/000480.jpg,D,0.2938,sam,1,3714.0,677.0,3840.0,774.0
data/frames/D/000480.jpg,D,0.2921,sam,1,3297.0,580.0,3421.0,655.0
data/frames/D/000480.jpg,D,0.2902,sam,1,2797.0,910.0,2920.0,977.0
data/frames/D/000480.jpg,D,0.2885,sam,1,3285.0,509.0,3403.0,578.0
data/frames/D/000480.jpg,D,0.2878,sam,1,1314.0,1060.0,1442.0,1121.0
data/frames/D/000480.jpg,D,0.2812,sam,1,841.0,1812.0,1013.0,1977.0
data/frames/D/000480.jpg,D,0.2797,sam,1,3061.0,910.0,3179.0,973.0
data/frames/D/000480.jpg,D,0.2784,sam,1,3134.0,643.0,3258.0,717.0
data/frames/D/000480.jpg,D,0.2759,sam,1,1925.0,1769.0,1989.0,1876.0
data/frames/D/000480.jpg,D,0.2723,sam,1,402.0,1827.0,462.0,1857.0
data/frames/D/000480.jpg,D,0.2694,sam,1,409.0,1161.0,572.0,1340.0
data/frames/D/000480.jpg,D,0.2470,sam,1,3209.0,1617.0,3247.0,1648.0
data/frames/D/000480.jpg,D,0.2441,sam,1,535.0,1172.0,748.0,1357.0
data/frames/D/000480.jpg,D,0.2441,sam,1,2045.0,1492.0,2158.0,1617.0
data/frames/D/000480.jpg,D,0.2380,sam,1,1533.0,786.0,1700.0,834.0
data/frames/D/000480.jpg,D,0.2344,sam,1,2921.0,660.0,3031.0,714.0
data/frames/D/000480.jpg,D,0.2289,sam,1,2234.0,722.0,2282.0,775.0
data/frames/D/000480.jpg,D,0.2233,sam,1,3701.0,427.0,3840.0,509.0
data/frames/D/000480.jpg,D,0.2221,sam,1,1023.0,1218.0,1149.0,1292.0
data/frames/D/000480.jpg,D,0.2159,sam,1,409.0,1159.0,762.0,1357.0
data/frames/D/000480.jpg,D,0.2153,sam,1,3771.0,350.0,3840.0,404.0
data/frames/D/000480.jpg,D,0.2148,sam,1,409.0,1159.0,591.0,1340.0
data/frames/D/000480.jpg,D,0.2048,sam,1,663.0,1956.0,798.0,2063.0
data/frames/D/000480.jpg,D,0.2035,sam,1,3376.0,876.0,3452.0,909.0
data/frames/D/000480.jpg,D,0.2033,sam,1,401.0,1110.0,468.0,1189.0
data/frames/D/000480.jpg,D,0.2018,sam,1,3424.0,555.0,3492.0,597.0
data/frames/D/000480.jpg,D,0.2011,sam,1,353.0,1098.0,404.0,1140.0
data/frames/D/000480.jpg,D,0.1996,sam,1,501.0,532.0,660.0,660.0
data/frames/D/000480.jpg,D,0.1990,sam,1,3608.0,389.0,3735.0,462.0
data/frames/D/000480.jpg,D,0.1968,sam,1,3437.0,1498.0,3464.0,1515.0
data/frames/D/000480.jpg,D,0.1961,sam,1,3478.0,610.0,3530.0,636.0
data/frames/D/000480.jpg,D,0.1935,sam,1,3557.0,507.0,3680.0,575.0
data/frames/D/000480.jpg,D,0.1808,sam,1,2817.0,763.0,2968.0,835.0
data/frames/D/000480.jpg,D,0.1795,sam,1,663.0,1211.0,712.0,1242.0
data/frames/D/000480.jpg,D,0.1786,sam,1,557.0,676.0,643.0,711.0
data/frames/D/000480.jpg,D,0.1775,sam,1,2394.0,1651.0,2444.0,1686.0
data/frames/D/000480.jpg,D,0.1765,sam,1,3508.0,828.0,3571.0,855.0
data/frames/D/000480.jpg,D,0.1737,sam,1,1859.0,2031.0,2112.0,2160.0
data/frames/D/000480.jpg,D,0.1709,sam,1,3607.0,413.0,3678.0,463.0
data/frames/D/000480.jpg,D,0.1695,sam,1,2747.0,709.0,2902.0,783.0
data/frames/D/000480.jpg,D,0.1695,sam,1,1137.0,729.0,1329.0,808.0
data/frames/D/000480.jpg,D,0.1664,sam,1,354.0,1098.0,471.0,1189.0
data/frames/D/000480.jpg,D,0.1663,sam,1,2450.0,746.0,2542.0,789.0
data/frames/D/000480.jpg,D,0.1660,sam,1,3499.0,899.0,3553.0,924.0
data/frames/D/000480.jpg,D,0.1657,sam,1,458.0,1091.0,512.0,1120.0
data/frames/D/000480.jpg,D,0.1646,sam,1,2695.0,1568.0,2791.0,1621.0
data/frames/D/000480.jpg,D,0.1622,sam,1,2489.0,800.0,2578.0,854.0
data/frames/D/000480.jpg,D,0.1602,sam,1,3758.0,509.0,3800.0,530.0
data/frames/D/000480.jpg,D,0.1538,sam,1,890.0,1275.0,948.0,1310.0
data/frames/D/000480.jpg,D,0.1513,sam,1,3156.0,724.0,3221.0,763.0
data/frames/D/000480.jpg,D,0.3295,merged,2,1873.0,764.0,2106.0,860.0
data/frames/D/000480.jpg,D,0.2708,merged,2,2934.0,781.0,3322.0,944.0
data/frames/D/000480.jpg,D,0.2525,merged,2,24.0,1897.0,122.0,1940.0
data/frames/D/000480.jpg,D,0.2690,merged,3,3318.0,692.0,3607.0,803.0
data/frames/D/000495.jpg,D,0.4232,sam,1,476.0,1163.0,609.0,1260.0
data/frames/D/000495.jpg,D,0.3863,sam,1,3134.0,1023.0,3255.0,1125.0
data/frames/D/000495.jpg,D,0.3623,sam,1,1462.0,1093.0,1598.0,1155.0
data/frames/D/000495.jpg,D,0.3357,sam,1,1613.0,987.0,1690.0,1029.0
data/frames/D/000495.jpg,D,0.3309,sam,1,958.0,1088.0,1108.0,1158.0
data/frames/D/000495.jpg,D,0.3196,sam,1,1925.0,1461.0,2040.0,1524.0
data/frames/D/000495.jpg,D,0.3161,sam,1,868.0,1856.0,1026.0,1961.0
data/frames/D/000495.jpg,D,0.3066,sam,1,3261.0,521.0,3375.0,587.0
data/frames/D/000495.jpg,D,0.3004,sam,1,1036.0,1216.0,1159.0,1288.0
data/frames/D/000495.jpg,D,0.2938,sam,1,3273.0,590.0,3395.0,664.0
data/frames/D/000495.jpg,D,0.2933,sam,1,3680.0,1883.0,3788.0,1984.0
data/frames/D/000495.jpg,D,0.2899,sam,1,2960.0,708.0,3071.0,778.0
data/frames/D/000495.jpg,D,0.2741,sam,1,3109.0,649.0,3233.0,721.0
data/frames/D/000495.jpg,D,0.2594,sam,1,2051.0,1535.0,2132.0,1606.0
data/frames/D/000495.jpg,D,0.2545,sam,1,3623.0,674.0,3840.0,800.0
data/frames/D/000495.jpg,D,0.2491,sam,1,2695.0,327.0,2773.0,415.0
data/frames/D/000495.jpg,D,0.2424,sam,1,3528.0,515.0,3650.0,584.0
data/frames/D/000495.jpg,D,0.2404,sam,1,3670.0,439.0,3811.0,519.0
data/frames/D/000495.jpg,D,0.2365,sam,1,434.0,1163.0,591.0,1337.0
data/frames/D/000495.jpg,D,0.2351,sam,1,1150.0,737.0,1341.0,817.0
data/frames/D/000495.jpg,D,0.2340,sam,1,2904.0,669.0,3014.0,722.0
data/frames/D/000495.jpg,D,0.2308,sam,1,274.0,1886.0,331.0,1919.0
data/frames/D/000495.jpg,D,0.2286,sam,1,686.0,1945.0,818.0,2049.0
data/frames/D/000495.jpg,D,0.2231,sam,1,3043.0,912.0,3158.0,976.0
data/frames/D/000495.jpg,D,0.2223,sam,1,2782.0,912.0,2902.0,979.0
data/frames/D/000495.jpg,D,0.2215,sam,1,1539.0,792.0,1664.0,839.0
data/frames/D/000495.jpg,D,0.2165,sam,1,1754.0,1059.0,1796.0,1093.0
data/frames/D/000495.jpg,D,0.2160,sam,1,2957.0,1140.0,3032.0,1226.0
data/frames/D/000495.jpg,D,0.2145,sam,1,379.0,1099.0,430.0,1140.0
data/frames/D/000495.jpg,D,0.2115,sam,1,1924.0,1753.0,1995.0,1863.0
data/frames/D/000495.jpg,D,0.2107,sam,1,3448.0,1526.0,3479.0,1549.0
data/frames/D/000495.jpg,D,0.2097,sam,1,1798.0,1752.0,1859.0,1863.0
data/frames/D/000495.jpg,D,0.2081,sam,1,593.0,1228.0,748.0,1354.0
data/frames/D/000495.jpg,D,0.2040,sam,1,3306.0,899.0,3379.0,931.0
data/frames/D/000495.jpg,D,0.2008,sam,1,3432.0,852.0,3490.0,878.0
data/frames/D/000495.jpg,D,0.1986,sam,1,3387.0,639.0,3435.0,665.0
data/frames/D/000495.jpg,D,0.1964,sam,1,2270.0,1590.0,2317.0,1622.0
data/frames/D/000495.jpg,D,0.1919,sam,1,639.0,715.0,726.0,748.0
data/frames/D/000495.jpg,D,0.1881,sam,1,3302.0,977.0,3347.0,1007.0
data/frames/D/000495.jpg,D,0.1873,sam,1,2600.0,1068.0,2661.0,1117.0
data/frames/D/000495.jpg,D,0.1817,sam,1,3406.0,928.0,3461.0,954.0
data/frames/D/000495.jpg,D,0.1781,sam,1,2802.0,769.0,2954.0,838.0
data/frames/D/000495.jpg,D,0.1771,sam,1,2681.0,1559.0,2776.0,1614.0
data/frames/D/000495.jpg,D,0.1760,sam,1,3739.0,352.0,3840.0,418.0
data/frames/D/000495.jpg,D,0.1752,sam,1,484.0,1091.0,536.0,1121.0
data/frames/D/000495.jpg,D,0.1671,sam,1,880.0,1151.0,928.0,1185.0
data/frames/D/000495.jpg,D,0.1669,sam,1,2669.0,1131.0,2737.0,1160.0
data/frames/D/000495.jpg,D,0.1595,sam,1,3399.0,567.0,3461.0,606.0
data/frames/D/000495.jpg,D,0.1582,sam,1,3652.0,544.0,3698.0,567.0
data/frames/D/000495.jpg,D,0.1564,sam,1,576.0,1171.0,852.0,1353.0
data/frames/D/000495.jpg,D,0.1561,sam,1,2733.0,714.0,2854.0,790.0
data/frames/D/000495.jpg,D,0.1552,sam,1,434.0,1163.0,596.0,1337.0
data/frames/D/000495.jpg,D,0.1551,sam,1,3581.0,401.0,3702.0,472.0
data/frames/D/000495.jpg,D,0.1528,sam,1,2223.0,731.0,2280.0,782.0
data/frames/D/000495.jpg,D,0.1519,sam,1,2062.0,876.0,2115.0,907.0
data/frames/D/000495.jpg,D,0.3020,merged,2,1873.0,770.0,2105.0,868.0
data/frames/D/000495.jpg,D,0.2479,merged,2,2915.0,785.0,3299.0,946.0
data/frames/D/000495.jpg,D,0.2771,merged,3,3294.0,699.0,3576.0,808.0
data/frames/D/000495.jpg,D,0.2074,merged,2,3289.0,1670.0,3361.0,1703.0
data/frames/D/000510.jpg,D,0.3945,sam,1,1808.0,1443.0,1920.0,1497.0
data/frames/D/000510.jpg,D,0.3844,sam,1,3098.0,1059.0,3193.0,1166.0
data/frames/D/000510.jpg,D,0.3728,sam,1,501.0,1161.0,627.0,1260.0
data/frames/D/000510.jpg,D,0.3541,sam,1,1102.0,1122.0,1243.0,1188.0
data/frames/D/000510.jpg,D,0.3448,sam,1,874.0,1784.0,1044.0,1948.0
data/frames/D/000510.jpg,D,0.3100,sam,1,1609.0,1124.0,1750.0,1190.0
data/frames/D/000510.jpg,D,0.3085,sam,1,3729.0,1945.0,3840.0,2044.0
data/frames/D/000510.jpg,D,0.3069,sam,1,3365.0,1728.0,3402.0,1761.0
data/frames/D/000510.jpg,D,0.2963,sam,1,462.0,1162.0,618.0,1332.0
data/frames/D/000510.jpg,D,0.2889,sam,1,2668.0,1547.0,2762.0,1611.0
data/frames/D/000510.jpg,D,0.2789,sam,1,2050.0,1526.0,2129.0,1597.0
data/frames/D/000510.jpg,D,0.2727,sam,1,3238.0,532.0,3350.0,596.0
data/frames/D/000510.jpg,D,0.2669,sam,1,1801.0,1739.0,1861.0,1851.0
data/frames/D/000510.jpg,D,0.2621,sam,1,3252.0,599.0,3369.0,672.0
data/frames/D/000510.jpg,D,0.2609,sam,1,2944.0,713.0,3053.0,786.0
data/frames/D/000510.jpg,D,0.2603,sam,1,706.0,1929.0,837.0,2033.0
data/frames/D/000510.jpg,D,0.2603,sam,1,2683.0,336.0,2761.0,427.0
data/frames/D/000510.jpg,D,0.2525,sam,1,2151.0,1540.0,2202.0,1574.0
data/frames/D/000510.jpg,D,0.2511,sam,1,3090.0,658.0,3211.0,729.0
data/frames/D/000510.jpg,D,0.2458,sam,1,2768.0,917.0,2886.0,981.0
data/frames/D/000510.jpg,D,0.2436,sam,1,3366.0,870.0,3418.0,901.0
data/frames/D/000510.jpg,D,0.2424,sam,1,3022.0,915.0,3138.0,978.0
data/frames/D/000510.jpg,D,0.2390,sam,1,3641.0,449.0,3778.0,528.0
data/frames/D/000510.jpg,D,0.2341,sam,1,1164.0,744.0,1353.0,818.0
data/frames/D/000510.jpg,D,0.2323,sam,1,1925.0,1749.0,1991.0,1850.0
data/frames/D/000510.jpg,D,0.2321,sam,1,3708.0,365.0,3821.0,428.0
data/frames/D/000510.jpg,D,0.2315,sam,1,594.0,1169.0,895.0,1348.0
data/frames/D/000510.jpg,D,0.2259,sam,1,3556.0,670.0,3840.0,820.0
data/frames/D/000510.jpg,D,0.2176,sam,1,3242.0,1002.0,3285.0,1031.0
data/frames/D/000510.jpg,D,0.2115,sam,1,2887.0,676.0,2988.0,729.0
data/frames/D/000510.jpg,D,0.2095,sam,1,943.0,1126.0,1228.0,1302.0
data/frames/D/000510.jpg,D,0.1980,sam,1,1547.0,799.0,1666.0,844.0
data/frames/D/000510.jpg,D,0.1974,sam,1,461.0,1161.0,627.0,1332.0
data/frames/D/000510.jpg,D,0.1929,sam,1,3551.0,411.0,3673.0,482.0
data/frames/D/000510.jpg,D,0.1913,sam,1,151.0,1948.0,212.0,1984.0
data/frames/D/000510.jpg,D,0.1866,sam,1,3578.0,0.0,3681.0,79.0
data/frames/D/000510.jpg,D,0.1846,sam,1,3412.0,813.0,3459.0,837.0
data/frames/D/000510.jpg,D,0.1835,sam,1,2719.0,724.0,2870.0,794.0
data/frames/D/000510.jpg,D,0.1826,sam,1,2591.0,1068.0,2649.0,1120.0
data/frames/D/000510.jpg,D,0.1807,sam,1,2055.0,875.0,2115.0,910.0
data/frames/D/000510.jpg,D,0.1792,sam,1,3764.0,623.0,3813.0,646.0
data/frames/D/000510.jpg,D,0.1782,sam,1,2556.0,1709.0,2593.0,1738.0
data/frames/D/000510.jpg,D,0.1770,sam,1,614.0,1226.0,775.0,1349.0
data/frames/D/000510.jpg,D,0.1768,sam,1,3501.0,527.0,3621.0,593.0
data/frames/D/000510.jpg,D,0.1730,sam,1,406.0,1099.0,457.0,1141.0
data/frames/D/000510.jpg,D,0.1705,sam,1,552.0,552.0,687.0,658.0
data/frames/D/000510.jpg,D,0.1697,sam,1,3243.0,917.0,3311.0,946.0
data/frames/D/000510.jpg,D,0.1689,sam,1,1758.0,1058.0,1801.0,1094.0
data/frames/D/000510.jpg,D,0.1636,sam,1,721.0,754.0,802.0,782.0
data/frames/D/000510.jpg,D,0.1636,sam,1,2794.0,1000.0,2921.0,1059.0
data/frames/D/000510.jpg,D,0.1620,sam,1,607.0,596.0,689.0,667.0
data/frames/D/000510.jpg,D,0.1616,sam,1,2566.0,858.0,2611.0,895.0
data/frames/D/000510.jpg,D,0.1614,sam,1,382.0,2086.0,421.0,2119.0
data/frames/D/000510.jpg,D,0.1514,sam,1,3314.0,953.0,3370.0,980.0
data/frames/D/000510.jpg,D,0.2944,merged,2,1750.0,1013.0,1864.0,1061.0
data/frames/D/000510.jpg,D,0.2632,merged,2,941.0,1216.0,1173.0,1308.0
data/frames/D/000510.jpg,D,0.2489,merged,2,2901.0,791.0,3274.0,951.0
data/frames/D/000510.jpg,D,0.2603,merged,3,3272.0,705.0,3548.0,813.0
data/frames/D/000510.jpg,D,0.2997,merged,3,1874.0,776.0,2100.0,875.0
data/frames/D/000510.jpg,D,0.1862,merged,2,3456.0,1557.0,3525.0,1583.0
data/frames/D/000525.jpg,D,0.4586,sam,1,3069.0,1097.0,3151.0,1210.0
data/frames/D/000525.jpg,D,0.4404,sam,1,907.0,1825.0,1059.0,1933.0
data/frames/D/000525.jpg,D,0.3980,sam,1,1238.0,1151.0,1377.0,1212.0
data/frames/D/000525.jpg,D,0.3364,sam,1,1691.0,1432.0,1798.0,1481.0
data/frames/D/000525.jpg,D,0.3166,sam,1,186.0,435.0,243.0,481.0
data/frames/D/000525.jpg,D,0.3084,sam,1,1750.0,1159.0,1869.0,1221.0
data/frames/D/000525.jpg,D,0.3000,sam,1,1803.0,1733.0,1860.0,1838.0
data/frames/D/000525.jpg,D,0.2835,sam,1,3216.0,541.0,3322.0,604.0
data/frames/D/000525.jpg,D,0.2754,sam,1,3776.0,2008.0,3840.0,2101.0
data/frames/D/000525.jpg,D,0.2745,sam,1,3071.0,667.0,3190.0,733.0
data/frames/D/000525.jpg,D,0.2731,sam,1,3438.0,1787.0,3477.0,1820.0
data/frames/D/000525.jpg,D,0.2641,sam,1,2926.0,719.0,3031.0,791.0
data/frames/D/000525.jpg,D,0.2632,sam,1,2669.0,352.0,2744.0,439.0
data/frames/D/000525.jpg,D,0.2623,sam,1,3228.0,606.0,3345.0,677.0
data/frames/D/000525.jpg,D,0.2567,sam,1,3487.0,690.0,3790.0,832.0
data/frames/D/000525.jpg,D,0.2492,sam,1,1068.0,1213.0,1186.0,1283.0
data/frames/D/000525.jpg,D,0.2478,sam,1,1553.0,801.0,1699.0,850.0
data/frames/D/000525.jpg,D,0.2472,sam,1,1175.0,752.0,1363.0,825.0
data/frames/D/000525.jpg,D,0.2421,sam,1,481.0,1110.0,541.0,1188.0
data/frames/D/000525.jpg,D,0.2280,sam,1,3677.0,372.0,3789.0,439.0
data/frames/D/000525.jpg,D,0.2237,sam,1,3178.0,1031.0,3231.0,1068.0
data/frames/D/000525.jpg,D,0.2210,sam,1,3612.0,461.0,3746.0,537.0
data/frames/D/000525.jpg,D,0.2164,sam,1,3300.0,890.0,3348.0,918.0
data/frames/D/000525.jpg,D,0.2128,sam,1,728.0,1917.0,856.0,2016.0
data/frames/D/000525.jpg,D,0.2123,sam,1,2052.0,878.0,2113.0,917.0
data/frames/D/000525.jpg,D,0.2104,sam,1,1926.0,1734.0,1991.0,1837.0
data/frames/D/000525.jpg,D,0.2053,sam,1,1864.0,1983.0,1947.0,2110.0
data/frames/D/000525.jpg,D,0.2035,sam,1,3805.0,588.0,3840.0,636.0
data/frames/D/000525.jpg,D,0.1992,sam,1,1882.0,1047.0,1958.0,1089.0
data/frames/D/000525.jpg,D,0.1988,sam,1,3473.0,536.0,3592.0,603.0
data/frames/D/000525.jpg,D,0.1960,sam,1,2656.0,1541.0,2748.0,1597.0
data/frames/D/000525.jpg,D,0.1910,sam,1,3350.0,832.0,3400.0,860.0
data/frames/D/000525.jpg,D,0.1875,sam,1,433.0,1100.0,482.0,1141.0
data/frames/D/000525.jpg,D,0.1833,sam,1,2576.0,1070.0,2638.0,1119.0
data/frames/D/000525.jpg,D,0.1806,sam,1,156.0,588.0,185.0,613.0
data/frames/D/000525.jpg,D,0.1793,sam,1,2871.0,683.0,2988.0,735.0
data/frames/D/000525.jpg,D,0.1765,sam,1,2771.0,781.0,2921.0,848.0
data/frames/D/000525.jpg,D,0.1760,sam,1,2703.0,728.0,2850.0,798.0
data/frames/D/000525.jpg,D,0.1712,sam,1,3782.0,654.0,3832.0,677.0
data/frames/D/000525.jpg,D,0.1687,sam,1,3232.0,983.0,3287.0,1010.0
data/frames/D/000525.jpg,D,0.1670,sam,1,1107.0,1214.0,1182.0,1249.0
data/frames/D/000525.jpg,D,0.1662,sam,1,3639.0,643.0,3685.0,666.0
data/frames/D/000525.jpg,D,0.1643,sam,1,2034.0,1501.0,2127.0,1588.0
data/frames/D/000525.jpg,D,0.1623,sam,1,3231.0,692.0,3279.0,715.0
data/frames/D/000525.jpg,D,0.1622,sam,1,2062.0,916.0,2102.0,935.0
data/frames/D/000525.jpg,D,0.1615,sam,1,3798.0,417.0,3840.0,474.0
data/frames/D/000525.jpg,D,0.1569,sam,1,3549.0,7.0,3649.0,96.0
data/frames/D/000525.jpg,D,0.1540,sam,1,2639.0,1129.0,2712.0,1167.0
data/frames/D/000525.jpg,D,0.1539,sam,1,3810.0,482.0,3840.0,506.0
data/frames/D/000525.jpg,D,0.1515,sam,1,3518.0,425.0,3640.0,493.0
data/frames/D/000525.jpg,D,0.1511,sam,1,32.0,2013.0,118.0,2047.0
data/frames/D/000525.jpg,D,0.1509,sam,1,3518.0,448.0,3588.0,493.0
data/frames/D/000525.jpg,D,0.2571,merged,3,3249.0,710.0,3519.0,819.0
data/frames/D/000525.jpg,D,0.2065,merged,2,799.0,776.0,878.0,807.0
data/frames/D/000525.jpg,D,0.2582,merged,4,2882.0,798.0,3251.0,957.0
data/frames/D/000525.jpg,D,0.2732,merged,6,485.0,1144.0,914.0,1347.0
data/frames/D/000525.jpg,D,0.1834,merged,2,2806.0,1124.0,2997.0,1221.0
data/frames/D/000525.jpg,D,0.2635,merged,3,1877.0,782.0,2097.0,876.0
data/frames/D/000525.jpg,D,0.2522,merged,4,2753.0,918.0,3117.0,1091.0
data/frames/D/000540.jpg,D,0.4376,sam,1,3051.0,1136.0,3120.0,1248.0
data/frames/D/000540.jpg,D,0.3760,sam,1,1374.0,1174.0,1495.0,1231.0
data/frames/D/000540.jpg,D,0.3235,sam,1,922.0,1820.0,1072.0,1918.0
data/frames/D/000540.jpg,D,0.3113,sam,1,1889.0,1195.0,2022.0,1256.0
data/frames/D/000540.jpg,D,0.3022,sam,1,2565.0,1750.0,2622.0,1785.0
data/frames/D/000540.jpg,D,0.2876,sam,1,3193.0,551.0,3296.0,611.0
data/frames/D/000540.jpg,D,0.2828,sam,1,2909.0,726.0,3014.0,794.0
data/frames/D/000540.jpg,D,0.2745,sam,1,3050.0,673.0,3168.0,739.0
data/frames/D/000540.jpg,D,0.2719,sam,1,1192.0,759.0,1372.0,829.0
data/frames/D/000540.jpg,D,0.2703,sam,1,2011.0,1079.0,2082.0,1122.0
data/frames/D/000540.jpg,D,0.2694,sam,1,3206.0,615.0,3320.0,684.0
data/frames/D/000540.jpg,D,0.2658,sam,1,3510.0,1847.0,3547.0,1877.0
data/frames/D/000540.jpg,D,0.2635,sam,1,1560.0,807.0,1675.0,853.0
data/frames/D/000540.jpg,D,0.2553,sam,1,3727.0,593.0,3840.0,659.0
data/frames/D/000540.jpg,D,0.2483,sam,1,1805.0,1717.0,1863.0,1825.0
data/frames/D/000540.jpg,D,0.2475,sam,1,2902.0,1144.0,2979.0,1221.0
data/frames/D/000540.jpg,D,0.2467,sam,1,3429.0,709.0,3719.0,849.0
data/frames/D/000540.jpg,D,0.2432,sam,1,2855.0,691.0,2957.0,738.0
data/frames/D/000540.jpg,D,0.2334,sam,1,1917.0,1475.0,1966.0,1503.0
data/frames/D/000540.jpg,D,0.2328,sam,1,1926.0,1723.0,1992.0,1823.0
data/frames/D/000540.jpg,D,0.2232,sam,1,3133.0,1064.0,3167.0,1101.0
data/frames/D/000540.jpg,D,0.2206,sam,1,2045.0,1512.0,2126.0,1580.0
data/frames/D/000540.jpg,D,0.2067,sam,1,3583.0,471.0,3715.0,546.0
data/frames/D/000540.jpg,D,0.2066,sam,1,457.0,1100.0,506.0,1142.0
data/frames/D/000540.jpg,D,0.2059,sam,1,2739.0,921.0,2853.0,984.0
data/frames/D/000540.jpg,D,0.2053,sam,1,3247.0,905.0,3293.0,933.0
data/frames/D/000540.jpg,D,0.2033,sam,1,3246.0,914.0,3288.0,932.0
data/frames/D/000540.jpg,D,0.2011,sam,1,597.0,569.0,745.0,685.0
data/frames/D/000540.jpg,D,0.1982,sam,1,3758.0,420.0,3840.0,487.0
data/frames/D/000540.jpg,D,0.1967,sam,1,3646.0,389.0,3750.0,450.0
data/frames/D/000540.jpg,D,0.1960,sam,1,2058.0,916.0,2101.0,937.0
data/frames/D/000540.jpg,D,0.1956,sam,1,3447.0,545.0,3556.0,609.0
data/frames/D/000540.jpg,D,0.1928,sam,1,2642.0,1534.0,2736.0,1597.0
data/frames/D/000540.jpg,D,0.1903,sam,1,1763.0,1060.0,1804.0,1095.0
data/frames/D/000540.jpg,D,0.1902,sam,1,3159.0,1015.0,3207.0,1043.0
data/frames/D/000540.jpg,D,0.1887,sam,1,2647.0,1729.0,2696.0,1766.0
data/frames/D/000540.jpg,D,0.1879,sam,1,2565.0,1073.0,2619.0,1119.0
data/frames/D/000540.jpg,D,0.1860,sam,1,746.0,1903.0,874.0,2002.0
data/frames/D/000540.jpg,D,0.1857,sam,1,2758.0,784.0,2901.0,851.0
data/frames/D/000540.jpg,D,0.1852,sam,1,476.0,1407.0,526.0,1453.0
data/frames/D/000540.jpg,D,0.1798,sam,1,3293.0,852.0,3344.0,879.0
data/frames/D/000540.jpg,D,0.1767,sam,1,2691.0,735.0,2839.0,803.0
data/frames/D/000540.jpg,D,0.1744,sam,1,3732.0,509.0,3781.0,537.0
data/frames/D/000540.jpg,D,0.1739,sam,1,2264.0,1580.0,2305.0,1601.0
data/frames/D/000540.jpg,D,0.1703,sam,1,3527.0,664.0,3569.0,685.0
data/frames/D/000540.jpg,D,0.1689,sam,1,524.0,2047.0,721.0,2160.0
data/frames/D/000540.jpg,D,0.1676,sam,1,779.0,2022.0,851.0,2103.0
data/frames/D/000540.jpg,D,0.1667,sam,1,3170.0,712.0,3209.0,739.0
data/frames/D/000540.jpg,D,0.1657,sam,1,3786.0,340.0,3840.0,388.0
data/frames/D/000540.jpg,D,0.1634,sam,1,3673.0,670.0,3715.0,692.0
data/frames/D/000540.jpg,D,0.1571,sam,1,505.0,1109.0,571.0,1186.0
data/frames/D/000540.jpg,D,0.1518,sam,1,2437.0,778.0,2500.0,811.0
data/frames/D/000540.jpg,D,0.1506,sam,1,2565.0,1071.0,2666.0,1133.0
data/frames/D/000540.jpg,D,0.3235,merged,2,1576.0,1427.0,1684.0,1475.0
data/frames/D/000540.jpg,D,0.2611,merged,2,2575.0,120.0,2730.0,450.0
data/frames/D/000540.jpg,D,0.2897,merged,3,3226.0,718.0,3492.0,822.0
data/frames/D/000540.jpg,D,0.2595,merged,5,2868.0,801.0,3228.0,981.0
data/frames/D/000540.jpg,D,0.2196,merged,3,1878.0,787.0,2095.0,879.0
data/frames/D/000540.jpg,D,0.3847,merged,7,510.0,1152.1,1203.0,1350.5
data/frames/D/000555.jpg,D,0.4210,sam,1,3038.0,1180.0,3099.0,1287.0
data/frames/D/000555.jpg,D,0.3726,sam,1,1463.0,1426.0,1570.0,1478.0
data/frames/D/000555.jpg,D,0.3719,sam,1,938.0,1807.0,1086.0,1904.0
data/frames/D/000555.jpg,D,0.3413,sam,1,2023.0,1225.0,2153.0,1289.0
data/frames/D/000555.jpg,D,0.3377,sam,1,1502.0,1192.0,1627.0,1249.0
data/frames/D/000555.jpg,D,0.3133,sam,1,24.0,401.0,127.0,480.0
data/frames/D/000555.jpg,D,0.2814,sam,1,3656.0,613.0,3779.0,677.0
data/frames/D/000555.jpg,D,0.2770,sam,1,3033.0,677.0,3145.0,744.0
data/frames/D/000555.jpg,D,0.2766,sam,1,2892.0,730.0,2994.0,798.0
data/frames/D/000555.jpg,D,0.2696,sam,1,3173.0,559.0,3271.0,617.0
data/frames/D/000555.jpg,D,0.2664,sam,1,3183.0,621.0,3296.0,690.0
data/frames/D/000555.jpg,D,0.2659,sam,1,1806.0,1708.0,1861.0,1812.0
data/frames/D/000555.jpg,D,0.2639,sam,1,2131.0,1114.0,2193.0,1158.0
data/frames/D/000555.jpg,D,0.2592,sam,1,1201.0,762.0,1382.0,842.0
data/frames/D/000555.jpg,D,0.2527,sam,1,2132.0,1517.0,2175.0,1546.0
data/frames/D/000555.jpg,D,0.2436,sam,1,1923.0,1712.0,1989.0,1812.0
data/frames/D/000555.jpg,D,0.2429,sam,1,2838.0,695.0,2941.0,745.0
data/frames/D/000555.jpg,D,0.2328,sam,1,3206.0,747.0,3349.0,824.0
data/frames/D/000555.jpg,D,0.2261,sam,1,3579.0,1906.0,3615.0,1938.0
data/frames/D/000555.jpg,D,0.2253,sam,1,2724.0,921.0,2837.0,987.0
data/frames/D/000555.jpg,D,0.2238,sam,1,2633.0,1526.0,2721.0,1581.0
data/frames/D/000555.jpg,D,0.2227,sam,1,2041.0,1507.0,2120.0,1572.0
data/frames/D/000555.jpg,D,0.2218,sam,1,3554.0,479.0,3684.0,555.0
data/frames/D/000555.jpg,D,0.2188,sam,1,3493.0,41.0,3589.0,128.0
data/frames/D/000555.jpg,D,0.2166,sam,1,3194.0,918.0,3238.0,945.0
data/frames/D/000555.jpg,D,0.2126,sam,1,1801.0,1457.0,1847.0,1483.0
data/frames/D/000555.jpg,D,0.2096,sam,1,765.0,1887.0,889.0,1986.0
data/frames/D/000555.jpg,D,0.2065,sam,1,3767.0,560.0,3819.0,582.0
data/frames/D/000555.jpg,D,0.2063,sam,1,2886.0,1141.0,2962.0,1216.0
data/frames/D/000555.jpg,D,0.2050,sam,1,3721.0,430.0,3828.0,498.0
data/frames/D/000555.jpg,D,0.2010,sam,1,3420.0,552.0,3528.0,615.0
data/frames/D/000555.jpg,D,0.1982,sam,1,1563.0,811.0,1700.0,857.0
data/frames/D/000555.jpg,D,0.1976,sam,1,3733.0,498.0,3789.0,528.0
data/frames/D/000555.jpg,D,0.1939,sam,1,2514.0,1663.0,2554.0,1702.0
data/frames/D/000555.jpg,D,0.1934,sam,1,481.0,1100.0,529.0,1139.0
data/frames/D/000555.jpg,D,0.1908,sam,1,2679.0,741.0,2808.0,806.0
data/frames/D/000555.jpg,D,0.1900,sam,1,2641.0,379.0,2715.0,459.0
data/frames/D/000555.jpg,D,0.1870,sam,1,881.0,384.0,1037.0,500.0
data/frames/D/000555.jpg,D,0.1838,sam,1,3245.0,870.0,3292.0,897.0
data/frames/D/000555.jpg,D,0.1750,sam,1,3095.0,1051.0,3138.0,1086.0
data/frames/D/000555.jpg,D,0.1749,sam,1,497.0,1401.0,548.0,1448.0
data/frames/D/000555.jpg,D,0.1740,sam,1,3564.0,682.0,3608.0,703.0
data/frames/D/000555.jpg,D,0.1681,sam,1,3620.0,399.0,3720.0,455.0
data/frames/D/000555.jpg,D,0.1672,sam,1,3649.0,536.0,3700.0,563.0
data/frames/D/000555.jpg,D,0.1670,sam,1,482.0,1100.0,590.0,1184.0
data/frames/D/000555.jpg,D,0.1664,sam,1,2448.0,824.0,2529.0,872.0
data/frames/D/000555.jpg,D,0.1659,sam,1,490.0,639.0,561.0,670.0
data/frames/D/000555.jpg,D,0.1647,sam,1,3112.0,729.0,3152.0,759.0
data/frames/D/000555.jpg,D,0.1632,sam,1,458.0,2038.0,494.0,2068.0
data/frames/D/000555.jpg,D,0.1630,sam,1,2554.0,1072.0,2610.0,1118.0
data/frames/D/000555.jpg,D,0.1586,sam,1,1764.0,1060.0,1805.0,1094.0
data/frames/D/000555.jpg,D,0.1582,sam,1,2742.0,787.0,2889.0,854.0
data/frames/D/000555.jpg,D,0.1571,sam,1,2424.0,712.0,2487.0,757.0
data/frames/D/000555.jpg,D,0.1560,sam,1,2427.0,782.0,2484.0,814.0
data/frames/D/000555.jpg,D,0.1557,sam,1,3039.0,1181.0,3094.0,1257.0
data/frames/D/000555.jpg,D,0.1545,sam,1,3095.0,1051.0,3159.0,1087.0
data/frames/D/000555.jpg,D,0.1540,sam,1,3109.0,2087.0,3194.0,2160.0
data/frames/D/000555.jpg,D,0.1530,sam,1,3753.0,341.0,3840.0,397.0
data/frames/D/000555.jpg,D,0.3056,merged,2,3343.0,724.0,3653.0,869.0
data/frames/D/000555.jpg,D,0.2673,merged,2,1876.0,793.0,2091.0,879.0
data/frames/D/000555.jpg,D,0.3089,merged,7,533.5,1152.6,1209.0,1344.5
data/frames/D/000555.jpg,D,0.2784,merged,6,2850.0,806.0,3206.0,980.0
data/frames/D/000570.jpg,D,0.4534,sam,1,3023.0,1218.0,3086.0,1324.0
data/frames/D/000570.jpg,D,0.3896,sam,1,2250.0,1151.0,2314.0,1195.0
data/frames/D/000570.jpg,D,0.3808,sam,1,1357.0,1434.0,1461.0,1489.0
data/frames/D/000570.jpg,D,0.3761,sam,1,2154.0,1261.0,2268.0,1326.0
data/frames/D/000570.jpg,D,0.2839,sam,1,3013.0,683.0,3125.0,750.0
data/frames/D/000570.jpg,D,0.2754,sam,1,150.0,481.0,249.0,558.0
data/frames/D/000570.jpg,D,0.2742,sam,1,1686.0,1448.0,1737.0,1475.0
data/frames/D/000570.jpg,D,0.2702,sam,1,3593.0,632.0,3713.0,693.0
data/frames/D/000570.jpg,D,0.2650,sam,1,1808.0,1698.0,1862.0,1801.0
data/frames/D/000570.jpg,D,0.2637,sam,1,2874.0,736.0,2976.0,802.0
data/frames/D/000570.jpg,D,0.2595,sam,1,3162.0,627.0,3275.0,697.0
data/frames/D/000570.jpg,D,0.2581,sam,1,3152.0,568.0,3247.0,626.0
data/frames/D/000570.jpg,D,0.2465,sam,1,1923.0,1698.0,1988.0,1800.0
data/frames/D/000570.jpg,D,0.2461,sam,1,2004.0,1469.0,2053.0,1495.0
data/frames/D/000570.jpg,D,0.2456,sam,1,3502.0,1666.0,3571.0,1691.0
data/frames/D/000570.jpg,D,0.2277,sam,1,1015.0,844.0,1094.0,875.0
data/frames/D/000570.jpg,D,0.2211,sam,1,2710.0,926.0,2822.0,987.0
data/frames/D/000570.jpg,D,0.2145,sam,1,1567.0,817.0,1682.0,859.0
data/frames/D/000570.jpg,D,0.2129,sam,1,3396.0,561.0,3509.0,624.0
data/frames/D/000570.jpg,D,0.2084,sam,1,944.0,1744.0,1099.0,1896.0
data/frames/D/000570.jpg,D,0.2070,sam,1,2154.0,1262.0,2222.0,1315.0
data/frames/D/000570.jpg,D,0.2044,sam,1,3184.0,750.0,3326.0,828.0
data/frames/D/000570.jpg,D,0.2043,sam,1,3648.0,1966.0,3686.0,1999.0
data/frames/D/000570.jpg,D,0.2043,sam,1,2822.0,702.0,2919.0,750.0
data/frames/D/000570.jpg,D,0.2032,sam,1,2052.0,920.0,2088.0,940.0
data/frames/D/000570.jpg,D,0.2018,sam,1,3528.0,489.0,3655.0,562.0
data/frames/D/000570.jpg,D,0.2017,sam,1,3690.0,441.0,3796.0,506.0
data/frames/D/000570.jpg,D,0.2001,sam,1,3722.0,783.0,3778.0,808.0
data/frames/D/000570.jpg,D,0.1984,sam,1,503.0,1100.0,549.0,1139.0
data/frames/D/000570.jpg,D,0.1964,sam,1,3467.0,58.0,3561.0,141.0
data/frames/D/000570.jpg,D,0.1874,sam,1,3043.0,1094.0,3085.0,1134.0
data/frames/D/000570.jpg,D,0.1839,sam,1,503.0,1100.0,612.0,1183.0
data/frames/D/000570.jpg,D,0.1826,sam,1,1212.0,767.0,1393.0,839.0
data/frames/D/000570.jpg,D,0.1770,sam,1,3060.0,746.0,3101.0,772.0
data/frames/D/000570.jpg,D,0.1753,sam,1,2616.0,1509.0,2714.0,1572.0
data/frames/D/000570.jpg,D,0.1740,sam,1,3590.0,408.0,3693.0,469.0
data/frames/D/000570.jpg,D,0.1727,sam,1,587.0,793.0,622.0,817.0
data/frames/D/000570.jpg,D,0.1696,sam,1,3612.0,1697.0,3638.0,1730.0
data/frames/D/000570.jpg,D,0.1673,sam,1,3086.0,2071.0,3175.0,2156.0
data/frames/D/000570.jpg,D,0.1666,sam,1,3662.0,525.0,3712.0,553.0
data/frames/D/000570.jpg,D,0.1652,sam,1,517.0,2016.0,746.0,2160.0
data/frames/D/000570.jpg,D,0.1645,sam,1,3441.0,475.0,3505.0,521.0
data/frames/D/000570.jpg,D,0.1632,sam,1,599.0,1093.0,649.0,1119.0
data/frames/D/000570.jpg,D,0.1632,sam,1,1767.0,1060.0,1806.0,1093.0
data/frames/D/000570.jpg,D,0.1610,sam,1,2047.0,894.0,2113.0,925.0
data/frames/D/000570.jpg,D,0.1605,sam,1,3465.0,692.0,3508.0,712.0
data/frames/D/000570.jpg,D,0.1601,sam,1,3202.0,883.0,3249.0,916.0
data/frames/D/000570.jpg,D,0.1597,sam,1,2728.0,795.0,2871.0,856.0
data/frames/D/000570.jpg,D,0.1562,sam,1,2038.0,1497.0,2115.0,1560.0
data/frames/D/000570.jpg,D,0.1560,sam,1,2384.0,1596.0,2444.0,1631.0
data/frames/D/000570.jpg,D,0.1509,sam,1,638.0,586.0,787.0,703.0
data/frames/D/000570.jpg,D,0.1500,sam,1,3678.0,587.0,3717.0,609.0
data/frames/D/000570.jpg,D,0.1500,sam,1,3720.0,346.0,3840.0,409.0
data/frames/D/000570.jpg,D,0.2819,merged,2,1630.0,1210.0,1751.0,1267.0
data/frames/D/000570.jpg,D,0.2486,merged,2,3293.0,729.0,3595.0,876.0
data/frames/D/000570.jpg,D,0.3720,merged,8,552.0,1148.7,1222.0,1340.3
data/frames/D/000570.jpg,D,0.4174,merged,3,1877.0,796.0,2087.0,881.0
data/frames/D/000570.jpg,D,0.1814,merged,2,2556.0,148.0,2703.0,469.0
data/frames/D/000570.jpg,D,0.2481,merged,7,2834.0,811.0,3189.0,983.0
data/frames/D/000585.jpg,D,0.3877,sam,1,3014.0,1254.0,3084.0,1359.0
data/frames/D/000585.jpg,D,0.3868,sam,1,969.0,1786.0,1111.0,1880.0
data/frames/D/000585.jpg,D,0.3668,sam,1,2279.0,1299.0,2403.0,1367.0
data/frames/D/000585.jpg,D,0.3645,sam,1,1251.0,1448.0,1360.0,1507.0
data/frames/D/000585.jpg,D,0.3577,sam,1,2361.0,1191.0,2427.0,1238.0
data/frames/D/000585.jpg,D,0.3341,sam,1,1754.0,1227.0,1862.0,1281.0
data/frames/D/000585.jpg,D,0.2714,sam,1,1221.0,771.0,1402.0,841.0
data/frames/D/000585.jpg,D,0.2674,sam,1,1809.0,1693.0,1863.0,1789.0
data/frames/D/000585.jpg,D,0.2658,sam,1,1884.0,1442.0,1936.0,1467.0
data/frames/D/000585.jpg,D,0.2632,sam,1,2859.0,742.0,2960.0,806.0
data/frames/D/000585.jpg,D,0.2618,sam,1,2260.0,1541.0,2307.0,1573.0
data/frames/D/000585.jpg,D,0.2520,sam,1,2993.0,688.0,3107.0,755.0
data/frames/D/000585.jpg,D,0.2447,sam,1,3535.0,648.0,3653.0,708.0
data/frames/D/000585.jpg,D,0.2377,sam,1,3131.0,576.0,3223.0,632.0
data/frames/D/000585.jpg,D,0.2372,sam,1,1573.0,821.0,1692.0,863.0
data/frames/D/000585.jpg,D,0.2349,sam,1,3142.0,635.0,3251.0,702.0
data/frames/D/000585.jpg,D,0.2324,sam,1,3711.0,2030.0,3748.0,2064.0
data/frames/D/000585.jpg,D,0.2248,sam,1,1769.0,1060.0,1807.0,1093.0
data/frames/D/000585.jpg,D,0.2129,sam,1,2323.0,1623.0,2366.0,1649.0
data/frames/D/000585.jpg,D,0.2065,sam,1,2049.0,924.0,2083.0,943.0
data/frames/D/000585.jpg,D,0.2048,sam,1,3161.0,756.0,3303.0,830.0
data/frames/D/000585.jpg,D,0.2030,sam,1,800.0,1865.0,922.0,1958.0
data/frames/D/000585.jpg,D,0.2011,sam,1,3661.0,450.0,3766.0,515.0
data/frames/D/000585.jpg,D,0.1991,sam,1,1571.0,1443.0,1626.0,1472.0
data/frames/D/000585.jpg,D,0.1985,sam,1,3045.0,1181.0,3085.0,1222.0
data/frames/D/000585.jpg,D,0.1970,sam,1,2034.0,1491.0,2113.0,1556.0
data/frames/D/000585.jpg,D,0.1957,sam,1,3512.0,1694.0,3544.0,1717.0
data/frames/D/000585.jpg,D,0.1946,sam,1,568.0,1109.0,632.0,1180.0
data/frames/D/000585.jpg,D,0.1941,sam,1,2809.0,707.0,2907.0,754.0
data/frames/D/000585.jpg,D,0.1887,sam,1,2713.0,798.0,2853.0,860.0
data/frames/D/000585.jpg,D,0.1853,sam,1,3372.0,568.0,3486.0,630.0
data/frames/D/000585.jpg,D,0.1839,sam,1,2697.0,928.0,2807.0,989.0
data/frames/D/000585.jpg,D,0.1798,sam,1,3502.0,498.0,3627.0,570.0
data/frames/D/000585.jpg,D,0.1797,sam,1,2617.0,398.0,2688.0,477.0
data/frames/D/000585.jpg,D,0.1775,sam,1,3563.0,420.0,3662.0,476.0
data/frames/D/000585.jpg,D,0.1768,sam,1,3584.0,822.0,3633.0,846.0
data/frames/D/000585.jpg,D,0.1758,sam,1,526.0,1100.0,570.0,1138.0
data/frames/D/000585.jpg,D,0.1758,sam,1,2719.0,968.0,2926.0,1062.0
data/frames/D/000585.jpg,D,0.1750,sam,1,1922.0,1687.0,1986.0,1788.0
data/frames/D/000585.jpg,D,0.1718,sam,1,786.0,789.0,823.0,812.0
data/frames/D/000585.jpg,D,0.1698,sam,1,3742.0,588.0,3784.0,610.0
data/frames/D/000585.jpg,D,0.1663,sam,1,3512.0,1694.0,3578.0,1717.0
data/frames/D/000585.jpg,D,0.1655,sam,1,3693.0,357.0,3809.0,417.0
data/frames/D/000585.jpg,D,0.1624,sam,1,2193.0,765.0,2245.0,806.0
data/frames/D/000585.jpg,D,0.1624,sam,1,2534.0,1069.0,2589.0,1110.0
data/frames/D/000585.jpg,D,0.1602,sam,1,2600.0,1498.0,2697.0,1571.0
data/frames/D/000585.jpg,D,0.1553,sam,1,3586.0,1694.0,3608.0,1718.0
data/frames/D/000585.jpg,D,0.1524,sam,1,3024.0,756.0,3066.0,783.0
data/frames/D/000585.jpg,D,0.1503,sam,1,3494.0,593.0,3536.0,615.0
data/frames/D/000585.jpg,D,0.2628,merged,2,3247.0,734.0,3544.0,890.0
data/frames/D/000585.jpg,D,0.2283,merged,4,2819.0,813.0,3166.0,983.0
data/frames/D/000585.jpg,D,0.2909,merged,3,1877.0,800.0,2084.0,885.0
data/frames/D/000585.jpg,D,0.2569,merged,9,575.0,1152.1,1232.0,1337.0
data/frames/D/000600.jpg,D,0.4085,sam,1,3011.0,1291.0,3089.0,1397.0
data/frames/D/000600.jpg,D,0.3980,sam,1,2398.0,1343.0,2521.0,1410.0
data/frames/D/000600.jpg,D,0.3654,sam,1,1875.0,1239.0,1981.0,1296.0
data/frames/D/000600.jpg,D,0.3621,sam,1,979.0,1725.0,1126.0,1861.0
data/frames/D/000600.jpg,D,0.3537,sam,1,2138.0,1492.0,2190.0,1522.0
data/frames/D/000600.jpg,D,0.3162,sam,1,1153.0,1468.0,1252.0,1531.0
data/frames/D/000600.jpg,D,0.3022,sam,1,2467.0,1236.0,2531.0,1282.0
data/frames/D/000600.jpg,D,0.2853,sam,1,679.0,604.0,825.0,717.0
data/frames/D/000600.jpg,D,0.2782,sam,1,816.0,1853.0,937.0,1946.0
data/frames/D/000600.jpg,D,0.2766,sam,1,1764.0,1431.0,1816.0,1455.0
data/frames/D/000600.jpg,D,0.2696,sam,1,932.0,404.0,1082.0,529.0
data/frames/D/000600.jpg,D,0.2575,sam,1,2245.0,1587.0,2288.0,1613.0
data/frames/D/000600.jpg,D,0.2537,sam,1,631.0,1155.0,751.0,1250.0
data/frames/D/000600.jpg,D,0.2489,sam,1,3485.0,661.0,3602.0,721.0
data/frames/D/000600.jpg,D,0.2463,sam,1,2033.0,1485.0,2109.0,1549.0
data/frames/D/000600.jpg,D,0.2428,sam,1,2845.0,746.0,2944.0,812.0
data/frames/D/000600.jpg,D,0.2420,sam,1,3124.0,642.0,3231.0,708.0
data/frames/D/000600.jpg,D,0.2408,sam,1,1812.0,1681.0,1864.0,1779.0
data/frames/D/000600.jpg,D,0.2403,sam,1,2607.0,410.0,2676.0,487.0
data/frames/D/000600.jpg,D,0.2397,sam,1,3263.0,921.0,3318.0,948.0
data/frames/D/000600.jpg,D,0.2365,sam,1,2984.0,1196.0,3016.0,1238.0
data/frames/D/000600.jpg,D,0.2266,sam,1,736.0,1212.0,866.0,1329.0
data/frames/D/000600.jpg,D,0.2262,sam,1,3053.0,2039.0,3135.0,2119.0
data/frames/D/000600.jpg,D,0.2259,sam,1,3032.0,1218.0,3062.0,1256.0
data/frames/D/000600.jpg,D,0.2243,sam,1,3112.0,584.0,3202.0,638.0
data/frames/D/000600.jpg,D,0.2239,sam,1,2978.0,696.0,3085.0,760.0
data/frames/D/000600.jpg,D,0.2145,sam,1,2597.0,1498.0,2685.0,1559.0
data/frames/D/000600.jpg,D,0.2112,sam,1,1924.0,1679.0,1983.0,1777.0
data/frames/D/000600.jpg,D,0.2061,sam,1,2687.0,929.0,2793.0,991.0
data/frames/D/000600.jpg,D,0.2023,sam,1,1579.0,825.0,1693.0,866.0
data/frames/D/000600.jpg,D,0.2021,sam,1,691.0,1152.0,944.0,1256.0
data/frames/D/000600.jpg,D,0.2010,sam,1,384.0,624.0,497.0,698.0
data/frames/D/000600.jpg,D,0.2005,sam,1,2795.0,714.0,2884.0,760.0
data/frames/D/000600.jpg,D,0.1952,sam,1,3477.0,506.0,3600.0,577.0
data/frames/D/000600.jpg,D,0.1933,sam,1,1458.0,1444.0,1511.0,1472.0
data/frames/D/000600.jpg,D,0.1931,sam,1,548.0,1099.0,647.0,1178.0
data/frames/D/000600.jpg,D,0.1915,sam,1,3633.0,459.0,3736.0,524.0
data/frames/D/000600.jpg,D,0.1889,sam,1,2048.0,925.0,2082.0,946.0
data/frames/D/000600.jpg,D,0.1862,sam,1,1910.0,1580.0,1946.0,1644.0
data/frames/D/000600.jpg,D,0.1840,sam,1,3536.0,428.0,3636.0,487.0
data/frames/D/000600.jpg,D,0.1817,sam,1,548.0,1099.0,593.0,1137.0
data/frames/D/000600.jpg,D,0.1809,sam,1,722.0,1166.0,949.0,1329.0
data/frames/D/000600.jpg,D,0.1795,sam,1,3349.0,576.0,3458.0,636.0
data/frames/D/000600.jpg,D,0.1791,sam,1,849.0,1951.0,916.0,2041.0
data/frames/D/000600.jpg,D,0.1779,sam,1,1868.0,1913.0,1943.0,2022.0
data/frames/D/000600.jpg,D,0.1746,sam,1,3418.0,90.0,3507.0,171.0
data/frames/D/000600.jpg,D,0.1732,sam,1,597.0,1154.0,747.0,1311.0
data/frames/D/000600.jpg,D,0.1723,sam,1,2314.0,1655.0,2371.0,1718.0
data/frames/D/000600.jpg,D,0.1713,sam,1,3665.0,368.0,3774.0,429.0
data/frames/D/000600.jpg,D,0.1673,sam,1,562.0,1386.0,613.0,1433.0
data/frames/D/000600.jpg,D,0.1673,sam,1,1770.0,1060.0,1808.0,1094.0
data/frames/D/000600.jpg,D,0.1650,sam,1,587.0,1106.0,648.0,1179.0
data/frames/D/000600.jpg,D,0.1597,sam,1,3419.0,617.0,3462.0,641.0
data/frames/D/000600.jpg,D,0.1561,sam,1,3603.0,0.0,3694.0,52.0
data/frames/D/000600.jpg,D,0.1530,sam,1,1159.0,877.0,1231.0,911.0
data/frames/D/000600.jpg,D,0.1522,sam,1,1235.0,778.0,1409.0,844.0
data/frames/D/000600.jpg,D,0.3440,merged,3,1032.0,1204.0,1238.0,1284.0
data/frames/D/000600.jpg,D,0.1627,merged,2,931.0,848.0,997.0,875.0
data/frames/D/000600.jpg,D,0.2120,merged,5,2804.0,817.0,3144.0,985.0
data/frames/D/000600.jpg,D,0.2789,merged,3,1877.0,805.0,2082.0,888.0
data/frames/D/000600.jpg,D,0.2303,merged,5,3141.0,738.0,3503.0,900.0
data/frames/D/000615.jpg,D,0.3842,sam,1,1056.0,1492.0,1167.0,1555.0
data/frames/D/000615.jpg,D,0.3524,sam,1,980.0,1715.0,1137.0,1856.0
data/frames/D/000615.jpg,D,0.3485,sam,1,1991.0,1257.0,2106.0,1312.0
data/frames/D/000615.jpg,D,0.3178,sam,1,3020.0,1330.0,3106.0,1429.0
data/frames/D/000615.jpg,D,0.3028,sam,1,647.0,1155.0,758.0,1253.0
data/frames/D/000615.jpg,D,0.2936,sam,1,2521.0,1386.0,2636.0,1458.0
data/frames/D/000615.jpg,D,0.2915,sam,1,2570.0,1284.0,2665.0,1340.0
data/frames/D/000615.jpg,D,0.2872,sam,1,2981.0,1243.0,3063.0,1293.0
data/frames/D/000615.jpg,D,0.2856,sam,1,3169.0,956.0,3231.0,985.0
data/frames/D/000615.jpg,D,0.2601,sam,1,755.0,1205.0,907.0,1323.0
data/frames/D/000615.jpg,D,0.2586,sam,1,3095.0,593.0,3181.0,645.0
data/frames/D/000615.jpg,D,0.2551,sam,1,2015.0,1460.0,2109.0,1544.0
data/frames/D/000615.jpg,D,0.2548,sam,1,3104.0,650.0,3212.0,713.0
data/frames/D/000615.jpg,D,0.2538,sam,1,3444.0,675.0,3557.0,733.0
data/frames/D/000615.jpg,D,0.2517,sam,1,3256.0,742.0,3372.0,800.0
data/frames/D/000615.jpg,D,0.2456,sam,1,2832.0,752.0,2928.0,814.0
data/frames/D/000615.jpg,D,0.2429,sam,1,783.0,1204.0,891.0,1244.0
data/frames/D/000615.jpg,D,0.2412,sam,1,2963.0,702.0,3069.0,765.0
data/frames/D/000615.jpg,D,0.2346,sam,1,1247.0,785.0,1413.0,851.0
data/frames/D/000615.jpg,D,0.2324,sam,1,2982.0,1243.0,3016.0,1283.0
data/frames/D/000615.jpg,D,0.2251,sam,1,2674.0,931.0,2781.0,992.0
data/frames/D/000615.jpg,D,0.2239,sam,1,2780.0,719.0,2872.0,767.0
data/frames/D/000615.jpg,D,0.2236,sam,1,1813.0,1673.0,1865.0,1770.0
data/frames/D/000615.jpg,D,0.2222,sam,1,3608.0,469.0,3707.0,533.0
data/frames/D/000615.jpg,D,0.2198,sam,1,3512.0,440.0,3610.0,495.0
data/frames/D/000615.jpg,D,0.2193,sam,1,500.0,690.0,608.0,763.0
data/frames/D/000615.jpg,D,0.2182,sam,1,3453.0,515.0,3574.0,585.0
data/frames/D/000615.jpg,D,0.2151,sam,1,2168.0,1558.0,2219.0,1584.0
data/frames/D/000615.jpg,D,0.2083,sam,1,836.0,1841.0,952.0,1933.0
data/frames/D/000615.jpg,D,0.2080,sam,1,1925.0,1672.0,1987.0,1767.0
data/frames/D/000615.jpg,D,0.2041,sam,1,1001.0,953.0,1070.0,977.0
data/frames/D/000615.jpg,D,0.2038,sam,1,567.0,1100.0,613.0,1137.0
data/frames/D/000615.jpg,D,0.2029,sam,1,1773.0,1062.0,1810.0,1094.0
data/frames/D/000615.jpg,D,0.1968,sam,1,3026.0,1253.0,3060.0,1293.0
data/frames/D/000615.jpg,D,0.1941,sam,1,1869.0,1901.0,1944.0,2007.0
data/frames/D/000615.jpg,D,0.1918,sam,1,1352.0,1453.0,1399.0,1481.0
data/frames/D/000615.jpg,D,0.1910,sam,1,3124.0,766.0,3259.0,841.0
data/frames/D/000615.jpg,D,0.1900,sam,1,2514.0,1070.0,2608.0,1131.0
data/frames/D/000615.jpg,D,0.1873,sam,1,2585.0,1495.0,2678.0,1555.0
data/frames/D/000615.jpg,D,0.1845,sam,1,3395.0,106.0,3482.0,187.0
data/frames/D/000615.jpg,D,0.1824,sam,1,583.0,1383.0,633.0,1428.0
data/frames/D/000615.jpg,D,0.1806,sam,1,3036.0,2026.0,3116.0,2105.0
data/frames/D/000615.jpg,D,0.1772,sam,1,3639.0,397.0,3693.0,438.0
data/frames/D/000615.jpg,D,0.1763,sam,1,35.0,223.0,86.0,253.0
data/frames/D/000615.jpg,D,0.1709,sam,1,2513.0,1070.0,2570.0,1110.0
data/frames/D/000615.jpg,D,0.1689,sam,1,3327.0,582.0,3436.0,644.0
data/frames/D/000615.jpg,D,0.1652,sam,1,3578.0,5.0,3668.0,73.0
data/frames/D/000615.jpg,D,0.1566,sam,1,2690.0,808.0,2794.0,867.0
data/frames/D/000615.jpg,D,0.1553,sam,1,3356.0,642.0,3409.0,682.0
data/frames/D/000615.jpg,D,0.1553,sam,1,3374.0,485.0,3478.0,545.0
data/frames/D/000615.jpg,D,0.1551,sam,1,2540.0,1770.0,2614.0,1814.0
data/frames/D/000615.jpg,D,0.1543,sam,1,2630.0,760.0,2764.0,824.0
data/frames/D/000615.jpg,D,0.1540,sam,1,3592.0,629.0,3628.0,649.0
data/frames/D/000615.jpg,D,0.1539,sam,1,3639.0,379.0,3744.0,438.0
data/frames/D/000615.jpg,D,0.1520,sam,1,616.0,1155.0,755.0,1308.0
data/frames/D/000615.jpg,D,0.1518,sam,1,1224.0,885.0,1297.0,925.0
data/frames/D/000615.jpg,D,0.2461,merged,2,3021.0,891.0,3145.0,951.0
data/frames/D/000615.jpg,D,0.2394,merged,2,3173.0,782.0,3531.0,917.0
data/frames/D/000615.jpg,D,0.2331,merged,2,1877.0,818.0,2066.0,894.0
data/frames/D/000615.jpg,D,0.2246,merged,2,1585.0,829.0,1695.0,871.0
data/frames/D/000615.jpg,D,0.2112,merged,2,2530.0,207.0,2665.0,496.0
data/frames/D/000615.jpg,D,0.2184,merged,3,2792.0,822.0,3091.0,987.0
data/frames/D/000615.jpg,D,0.1977,merged,3,1053.0,1202.0,1249.0,1282.0
data/frames/D/000630.jpg,D,0.3873,sam,1,964.0,1520.0,1063.0,1585.0
data/frames/D/000630.jpg,D,0.3627,sam,1,645.0,1155.0,779.0,1263.0
data/frames/D/000630.jpg,D,0.3525,sam,1,3034.0,1370.0,3127.0,1465.0
data/frames/D/000630.jpg,D,0.3121,sam,1,1815.0,1665.0,1865.0,1757.0
data/frames/D/000630.jpg,D,0.3031,sam,1,1014.0,1754.0,1149.0,1846.0
data/frames/D/000630.jpg,D,0.3022,sam,1,2103.0,1276.0,2222.0,1331.0
data/frames/D/000630.jpg,D,0.2823,sam,1,2667.0,1340.0,2764.0,1389.0
data/frames/D/000630.jpg,D,0.2673,sam,1,618.0,749.0,722.0,821.0
data/frames/D/000630.jpg,D,0.2623,sam,1,2816.0,756.0,2911.0,819.0
data/frames/D/000630.jpg,D,0.2585,sam,1,774.0,1211.0,908.0,1319.0
data/frames/D/000630.jpg,D,0.2562,sam,1,2630.0,1441.0,2746.0,1512.0
data/frames/D/000630.jpg,D,0.2557,sam,1,1586.0,832.0,1725.0,875.0
data/frames/D/000630.jpg,D,0.2544,sam,1,1521.0,1443.0,1575.0,1467.0
data/frames/D/000630.jpg,D,0.2485,sam,1,3088.0,655.0,3190.0,718.0
data/frames/D/000630.jpg,D,0.2437,sam,1,3147.0,781.0,3495.0,912.0
data/frames/D/000630.jpg,D,0.2429,sam,1,3235.0,747.0,3349.0,805.0
data/frames/D/000630.jpg,D,0.2423,sam,1,3405.0,684.0,3516.0,742.0
data/frames/D/000630.jpg,D,0.2371,sam,1,1224.0,947.0,1293.0,971.0
data/frames/D/000630.jpg,D,0.2294,sam,1,3074.0,600.0,3164.0,652.0
data/frames/D/000630.jpg,D,0.2294,sam,1,3229.0,924.0,3275.0,952.0
data/frames/D/000630.jpg,D,0.2276,sam,1,2947.0,708.0,3051.0,769.0
data/frames/D/000630.jpg,D,0.2242,sam,1,3582.0,477.0,3681.0,540.0
data/frames/D/000630.jpg,D,0.2239,sam,1,2992.0,1289.0,3069.0,1330.0
data/frames/D/000630.jpg,D,0.2230,sam,1,2662.0,935.0,2767.0,994.0
data/frames/D/000630.jpg,D,0.2165,sam,1,1154.0,1202.0,1266.0,1263.0
data/frames/D/000630.jpg,D,0.2155,sam,1,1251.0,1467.0,1282.0,1494.0
data/frames/D/000630.jpg,D,0.2100,sam,1,3019.0,2011.0,3098.0,2088.0
data/frames/D/000630.jpg,D,0.2078,sam,1,3106.0,770.0,3238.0,843.0
data/frames/D/000630.jpg,D,0.2060,sam,1,1924.0,1665.0,1987.0,1757.0
data/frames/D/000630.jpg,D,0.2042,sam,1,3430.0,523.0,3548.0,592.0
data/frames/D/000630.jpg,D,0.2026,sam,1,2767.0,724.0,2858.0,770.0
data/frames/D/000630.jpg,D,0.2011,sam,1,1870.0,1888.0,1944.0,1993.0
data/frames/D/000630.jpg,D,0.1989,sam,1,3080.0,993.0,3145.0,1025.0
data/frames/D/000630.jpg,D,0.1988,sam,1,2530.0,1760.0,2600.0,1802.0
data/frames/D/000630.jpg,D,0.1945,sam,1,2032.0,1472.0,2106.0,1535.0
data/frames/D/000630.jpg,D,0.1885,sam,1,1775.0,1062.0,1812.0,1094.0
data/frames/D/000630.jpg,D,0.1818,sam,1,3487.0,448.0,3582.0,503.0
data/frames/D/000630.jpg,D,0.1809,sam,1,638.0,1155.0,778.0,1307.0
data/frames/D/000630.jpg,D,0.1774,sam,1,590.0,1100.0,634.0,1138.0
data/frames/D/000630.jpg,D,0.1772,sam,1,604.0,1378.0,651.0,1423.0
data/frames/D/000630.jpg,D,0.1743,sam,1,3306.0,591.0,3406.0,650.0
data/frames/D/000630.jpg,D,0.1715,sam,1,3371.0,120.0,3458.0,199.0
data/frames/D/000630.jpg,D,0.1661,sam,1,853.0,1830.0,967.0,1920.0
data/frames/D/000630.jpg,D,0.1651,sam,1,937.0,122.0,1011.0,220.0
data/frames/D/000630.jpg,D,0.1651,sam,1,3748.0,503.0,3840.0,553.0
data/frames/D/000630.jpg,D,0.1620,sam,1,2682.0,810.0,2811.0,869.0
data/frames/D/000630.jpg,D,0.1599,sam,1,1258.0,788.0,1434.0,853.0
data/frames/D/000630.jpg,D,0.1560,sam,1,3610.0,389.0,3722.0,447.0
data/frames/D/000630.jpg,D,0.1538,sam,1,2619.0,764.0,2754.0,826.0
data/frames/D/000630.jpg,D,0.1533,sam,1,2657.0,923.0,2723.0,950.0
data/frames/D/000630.jpg,D,0.1523,sam,1,2574.0,1487.0,2663.0,1545.0
data/frames/D/000630.jpg,D,0.1507,sam,1,666.0,693.0,728.0,724.0
data/frames/D/000630.jpg,D,0.1501,sam,1,1564.0,1990.0,1633.0,2016.0
data/frames/D/000630.jpg,D,0.3181,merged,2,1892.0,1434.0,1978.0,1465.0
data/frames/D/000630.jpg,D,0.3075,merged,2,1124.0,973.0,1217.0,1014.0
data/frames/D/000630.jpg,D,0.2462,merged,2,1879.0,815.0,2078.0,898.0
data/frames/D/000630.jpg,D,0.2365,merged,2,2522.0,220.0,2653.0,505.0
data/frames/D/000630.jpg,D,0.2297,merged,5,2776.0,825.0,3108.0,988.0
data/frames/D/000645.jpg,D,0.4153,sam,1,1275.0,1013.0,1338.0,1049.0
data/frames/D/000645.jpg,D,0.3601,sam,1,876.0,1552.0,974.0,1618.0
data/frames/D/000645.jpg,D,0.3136,sam,1,1379.0,991.0,1441.0,1012.0
data/frames/D/000645.jpg,D,0.3079,sam,1,2757.0,1392.0,2823.0,1444.0
data/frames/D/000645.jpg,D,0.3052,sam,1,1013.0,1694.0,1162.0,1835.0
data/frames/D/000645.jpg,D,0.2921,sam,1,3051.0,1408.0,3150.0,1498.0
data/frames/D/000645.jpg,D,0.2901,sam,1,2205.0,1295.0,2323.0,1351.0
data/frames/D/000645.jpg,D,0.2894,sam,1,2740.0,1495.0,2847.0,1568.0
data/frames/D/000645.jpg,D,0.2767,sam,1,693.0,1153.0,801.0,1250.0
data/frames/D/000645.jpg,D,0.2749,sam,1,1168.0,1199.0,1275.0,1261.0
data/frames/D/000645.jpg,D,0.2695,sam,1,611.0,1100.0,654.0,1137.0
data/frames/D/000645.jpg,D,0.2648,sam,1,3122.0,787.0,3465.0,914.0
data/frames/D/000645.jpg,D,0.2591,sam,1,2931.0,714.0,3036.0,773.0
data/frames/D/000645.jpg,D,0.2557,sam,1,3070.0,660.0,3172.0,725.0
data/frames/D/000645.jpg,D,0.2548,sam,1,3055.0,605.0,3141.0,660.0
data/frames/D/000645.jpg,D,0.2537,sam,1,3217.0,753.0,3326.0,808.0
data/frames/D/000645.jpg,D,0.2531,sam,1,2804.0,760.0,2897.0,823.0
data/frames/D/000645.jpg,D,0.2476,sam,1,3139.0,958.0,3199.0,986.0
data/frames/D/000645.jpg,D,0.2434,sam,1,3005.0,1999.0,3083.0,2071.0
data/frames/D/000645.jpg,D,0.2414,sam,1,1136.0,1487.0,1205.0,1513.0
data/frames/D/000645.jpg,D,0.2374,sam,1,1778.0,1062.0,1813.0,1094.0
data/frames/D/000645.jpg,D,0.2353,sam,1,621.0,2093.0,714.0,2160.0
data/frames/D/000645.jpg,D,0.2343,sam,1,789.0,1209.0,917.0,1317.0
data/frames/D/000645.jpg,D,0.2298,sam,1,2037.0,901.0,2089.0,937.0
data/frames/D/000645.jpg,D,0.2296,sam,1,3371.0,693.0,3481.0,751.0
data/frames/D/000645.jpg,D,0.2269,sam,1,1400.0,1463.0,1472.0,1490.0
data/frames/D/000645.jpg,D,0.2262,sam,1,1817.0,1653.0,1870.0,1748.0
data/frames/D/000645.jpg,D,0.2259,sam,1,736.0,806.0,840.0,875.0
data/frames/D/000645.jpg,D,0.2215,sam,1,3349.0,135.0,3434.0,213.0
data/frames/D/000645.jpg,D,0.2177,sam,1,868.0,1818.0,982.0,1907.0
data/frames/D/000645.jpg,D,0.2170,sam,1,3087.0,774.0,3217.0,845.0
data/frames/D/000645.jpg,D,0.2124,sam,1,1926.0,1655.0,1983.0,1747.0
data/frames/D/000645.jpg,D,0.2114,sam,1,2755.0,729.0,2846.0,773.0
data/frames/D/000645.jpg,D,0.2064,sam,1,3557.0,486.0,3654.0,547.0
data/frames/D/000645.jpg,D,0.1999,sam,1,734.0,629.0,850.0,719.0
data/frames/D/000645.jpg,D,0.1921,sam,1,624.0,1374.0,673.0,1420.0
data/frames/D/000645.jpg,D,0.1915,sam,1,658.0,1153.0,801.0,1302.0
data/frames/D/000645.jpg,D,0.1904,sam,1,3408.0,530.0,3524.0,598.0
data/frames/D/000645.jpg,D,0.1879,sam,1,193.0,327.0,239.0,357.0
data/frames/D/000645.jpg,D,0.1847,sam,1,1380.0,991.0,1411.0,1011.0
data/frames/D/000645.jpg,D,0.1845,sam,1,2668.0,814.0,2799.0,871.0
data/frames/D/000645.jpg,D,0.1840,sam,1,1769.0,1424.0,1825.0,1452.0
data/frames/D/000645.jpg,D,0.1840,sam,1,2029.0,1467.0,2106.0,1529.0
data/frames/D/000645.jpg,D,0.1828,sam,1,2565.0,1480.0,2653.0,1534.0
data/frames/D/000645.jpg,D,0.1817,sam,1,3285.0,598.0,3388.0,655.0
data/frames/D/000645.jpg,D,0.1781,sam,1,1001.0,1252.0,1042.0,1288.0
data/frames/D/000645.jpg,D,0.1743,sam,1,2360.0,802.0,2438.0,836.0
data/frames/D/000645.jpg,D,0.1730,sam,1,2038.0,913.0,2081.0,937.0
data/frames/D/000645.jpg,D,0.1676,sam,1,1591.0,834.0,1725.0,877.0
data/frames/D/000645.jpg,D,0.1665,sam,1,2920.0,785.0,2964.0,815.0
data/frames/D/000645.jpg,D,0.1646,sam,1,3239.0,1276.0,3302.0,1327.0
data/frames/D/000645.jpg,D,0.1600,sam,1,3588.0,399.0,3691.0,455.0
data/frames/D/000645.jpg,D,0.1588,sam,1,3363.0,500.0,3434.0,550.0
data/frames/D/000645.jpg,D,0.1571,sam,1,2564.0,1475.0,2656.0,1539.0
data/frames/D/000645.jpg,D,0.1565,sam,1,1889.0,944.0,1940.0,970.0
data/frames/D/000645.jpg,D,0.1539,sam,1,2380.0,746.0,2436.0,791.0
data/frames/D/000645.jpg,D,0.1538,sam,1,3464.0,457.0,3558.0,511.0
data/frames/D/000645.jpg,D,0.1505,sam,1,1398.0,920.0,1430.0,940.0
data/frames/D/000645.jpg,D,0.1501,sam,1,2496.0,1071.0,2563.0,1119.0
data/frames/D/000645.jpg,D,0.3011,merged,2,3006.0,1327.0,3080.0,1368.0
data/frames/D/000645.jpg,D,0.2476,merged,2,2499.0,208.0,2643.0,513.0
data/frames/D/000645.jpg,D,0.2112,merged,2,751.0,1149.0,1006.0,1255.0
data/frames/D/000645.jpg,D,0.3004,merged,4,2652.0,896.0,3089.0,1088.0
data/frames/D/000645.jpg,D,0.2243,merged,3,2767.0,828.0,3088.0,970.0
data/frames/D/000645.jpg,D,0.2644,merged,3,1880.0,818.0,2076.0,899.0
data/frames/D/000660.jpg,D,0.3811,sam,1,1178.0,1197.0,1280.0,1260.0
data/frames/D/000660.jpg,D,0.3433,sam,1,2304.0,1315.0,2414.0,1379.0
data/frames/D/000660.jpg,D,0.3282,sam,1,1029.0,1689.0,1173.0,1824.0
data/frames/D/000660.jpg,D,0.3204,sam,1,2843.0,1552.0,2946.0,1629.0
data/frames/D/000660.jpg,D,0.3084,sam,1,3079.0,1445.0,3177.0,1534.0
data/frames/D/000660.jpg,D,0.2955,sam,1,1409.0,1050.0,1450.0,1076.0
data/frames/D/000660.jpg,D,0.2774,sam,1,3025.0,1364.0,3094.0,1418.0
data/frames/D/000660.jpg,D,0.2713,sam,1,3052.0,667.0,3153.0,730.0
data/frames/D/000660.jpg,D,0.2709,sam,1,2793.0,766.0,2882.0,826.0
data/frames/D/000660.jpg,D,0.2696,sam,1,793.0,1587.0,890.0,1653.0
data/frames/D/000660.jpg,D,0.2615,sam,1,3041.0,613.0,3124.0,666.0
data/frames/D/000660.jpg,D,0.2596,sam,1,2917.0,719.0,3020.0,778.0
data/frames/D/000660.jpg,D,0.2553,sam,1,3340.0,703.0,3447.0,759.0
data/frames/D/000660.jpg,D,0.2483,sam,1,3047.0,1364.0,3090.0,1409.0
data/frames/D/000660.jpg,D,0.2475,sam,1,2976.0,1081.0,3011.0,1122.0
data/frames/D/000660.jpg,D,0.2449,sam,1,2566.0,450.0,2631.0,522.0
data/frames/D/000660.jpg,D,0.2381,sam,1,2554.0,1476.0,2647.0,1529.0
data/frames/D/000660.jpg,D,0.2373,sam,1,679.0,1153.0,814.0,1264.0
data/frames/D/000660.jpg,D,0.2373,sam,1,2847.0,1451.0,2903.0,1496.0
data/frames/D/000660.jpg,D,0.2341,sam,1,1779.0,1063.0,1815.0,1094.0
data/frames/D/000660.jpg,D,0.2248,sam,1,3050.0,997.0,3105.0,1029.0
data/frames/D/000660.jpg,D,0.2239,sam,1,3750.0,486.0,3810.0,509.0
data/frames/D/000660.jpg,D,0.2210,sam,1,3533.0,494.0,3628.0,556.0
data/frames/D/000660.jpg,D,0.2191,sam,1,2039.0,914.0,2085.0,940.0
data/frames/D/000660.jpg,D,0.2174,sam,1,3440.0,466.0,3535.0,521.0
data/frames/D/000660.jpg,D,0.2172,sam,1,3386.0,539.0,3500.0,606.0
data/frames/D/000660.jpg,D,0.2171,sam,1,2641.0,938.0,2742.0,995.0
data/frames/D/000660.jpg,D,0.2126,sam,1,1948.0,1496.0,1986.0,1522.0
data/frames/D/000660.jpg,D,0.2126,sam,1,1277.0,799.0,1438.0,876.0
data/frames/D/000660.jpg,D,0.2105,sam,1,855.0,858.0,955.0,922.0
data/frames/D/000660.jpg,D,0.2054,sam,1,668.0,1112.0,725.0,1178.0
data/frames/D/000660.jpg,D,0.2043,sam,1,961.0,144.0,1039.0,247.0
data/frames/D/000660.jpg,D,0.2033,sam,1,1539.0,1037.0,1570.0,1058.0
data/frames/D/000660.jpg,D,0.2016,sam,1,3663.0,62.0,3759.0,138.0
data/frames/D/000660.jpg,D,0.2013,sam,1,3265.0,607.0,3359.0,662.0
data/frames/D/000660.jpg,D,0.1983,sam,1,2859.0,937.0,2954.0,991.0
data/frames/D/000660.jpg,D,0.1982,sam,1,3216.0,1264.0,3278.0,1327.0
data/frames/D/000660.jpg,D,0.1922,sam,1,884.0,1809.0,997.0,1896.0
data/frames/D/000660.jpg,D,0.1910,sam,1,3328.0,148.0,3411.0,226.0
data/frames/D/000660.jpg,D,0.1902,sam,1,3562.0,407.0,3668.0,465.0
data/frames/D/000660.jpg,D,0.1897,sam,1,2487.0,1069.0,2608.0,1138.0
data/frames/D/000660.jpg,D,0.1892,sam,1,2744.0,734.0,2828.0,777.0
data/frames/D/000660.jpg,D,0.1887,sam,1,2029.0,1462.0,2100.0,1521.0
data/frames/D/000660.jpg,D,0.1879,sam,1,2375.0,755.0,2426.0,793.0
data/frames/D/000660.jpg,D,0.1864,sam,1,2176.0,788.0,2220.0,829.0
data/frames/D/000660.jpg,D,0.1749,sam,1,1648.0,1426.0,1706.0,1451.0
data/frames/D/000660.jpg,D,0.1747,sam,1,2967.0,951.0,3082.0,989.0
data/frames/D/000660.jpg,D,0.1746,sam,1,1731.0,933.0,1815.0,967.0
data/frames/D/000660.jpg,D,0.1730,sam,1,3531.0,52.0,3590.0,101.0
data/frames/D/000660.jpg,D,0.1727,sam,1,3024.0,1381.0,3057.0,1417.0
data/frames/D/000660.jpg,D,0.1724,sam,1,676.0,1153.0,812.0,1301.0
data/frames/D/000660.jpg,D,0.1713,sam,1,1817.0,1648.0,1869.0,1738.0
data/frames/D/000660.jpg,D,0.1697,sam,1,2656.0,817.0,2782.0,876.0
data/frames/D/000660.jpg,D,0.1693,sam,1,1596.0,840.0,1721.0,879.0
data/frames/D/000660.jpg,D,0.1651,sam,1,2633.0,920.0,2702.0,953.0
data/frames/D/000660.jpg,D,0.1641,sam,1,1289.0,1494.0,1349.0,1521.0
data/frames/D/000660.jpg,D,0.1616,sam,1,1036.0,1511.0,1116.0,1548.0
data/frames/D/000660.jpg,D,0.1606,sam,1,3311.0,511.0,3408.0,567.0
data/frames/D/000660.jpg,D,0.1603,sam,1,1460.0,933.0,1484.0,951.0
data/frames/D/000660.jpg,D,0.1588,sam,1,2487.0,1069.0,2557.0,1117.0
data/frames/D/000660.jpg,D,0.1566,sam,1,2300.0,1635.0,2345.0,1681.0
data/frames/D/000660.jpg,D,0.1524,sam,1,1924.0,1642.0,1985.0,1739.0
data/frames/D/000660.jpg,D,0.1505,sam,1,2601.0,773.0,2728.0,834.0
data/frames/D/000660.jpg,D,0.2364,merged,2,804.0,1199.0,1017.0,1314.0
data/frames/D/000660.jpg,D,0.2298,merged,2,1880.0,822.0,2074.0,904.0
data/frames/D/000660.jpg,D,0.2199,merged,2,2753.0,831.0,3073.0,968.0
data/frames/D/000660.jpg,D,0.2424,merged,4,3071.0,757.0,3436.0,921.0
data/frames/D/000675.jpg,D,0.3509,sam,1,2394.0,1341.0,2499.0,1402.0
data/frames/D/000675.jpg,D,0.3430,sam,1,3107.0,1486.0,3206.0,1572.0
data/frames/D/000675.jpg,D,0.3369,sam,1,1541.0,1087.0,1600.0,1107.0
data/frames/D/000675.jpg,D,0.3180,sam,1,716.0,1622.0,811.0,1688.0
data/frames/D/000675.jpg,D,0.3121,sam,1,2942.0,1620.0,3047.0,1695.0
data/frames/D/000675.jpg,D,0.2927,sam,1,1040.0,1681.0,1182.0,1813.0
data/frames/D/000675.jpg,D,0.2810,sam,1,3312.0,711.0,3417.0,766.0
data/frames/D/000675.jpg,D,0.2782,sam,1,2980.0,1039.0,3032.0,1073.0
data/frames/D/000675.jpg,D,0.2653,sam,1,2544.0,1470.0,2633.0,1523.0
data/frames/D/000675.jpg,D,0.2574,sam,1,1820.0,1642.0,1872.0,1729.0
data/frames/D/000675.jpg,D,0.2504,sam,1,3022.0,621.0,3106.0,672.0
data/frames/D/000675.jpg,D,0.2502,sam,1,1781.0,1064.0,1817.0,1094.0
data/frames/D/000675.jpg,D,0.2497,sam,1,1189.0,1196.0,1294.0,1257.0
data/frames/D/000675.jpg,D,0.2457,sam,1,3036.0,673.0,3136.0,734.0
data/frames/D/000675.jpg,D,0.2457,sam,1,2901.0,723.0,3005.0,786.0
data/frames/D/000675.jpg,D,0.2434,sam,1,3051.0,1441.0,3087.0,1477.0
data/frames/D/000675.jpg,D,0.2433,sam,1,973.0,907.0,1075.0,967.0
data/frames/D/000675.jpg,D,0.2395,sam,1,2931.0,1510.0,2990.0,1558.0
data/frames/D/000675.jpg,D,0.2391,sam,1,2778.0,771.0,2869.0,831.0
data/frames/D/000675.jpg,D,0.2294,sam,1,1675.0,1075.0,1706.0,1097.0
data/frames/D/000675.jpg,D,0.2283,sam,1,3364.0,547.0,3476.0,613.0
data/frames/D/000675.jpg,D,0.2240,sam,1,1285.0,804.0,1450.0,874.0
data/frames/D/000675.jpg,D,0.2199,sam,1,3510.0,503.0,3602.0,562.0
data/frames/D/000675.jpg,D,0.2171,sam,1,3245.0,613.0,3338.0,667.0
data/frames/D/000675.jpg,D,0.2138,sam,1,2974.0,1970.0,3050.0,2042.0
data/frames/D/000675.jpg,D,0.2095,sam,1,1925.0,1636.0,1982.0,1728.0
data/frames/D/000675.jpg,D,0.2062,sam,1,2555.0,460.0,2621.0,530.0
data/frames/D/000675.jpg,D,0.2058,sam,1,827.0,1207.0,951.0,1312.0
data/frames/D/000675.jpg,D,0.2054,sam,1,1676.0,1075.0,1733.0,1098.0
data/frames/D/000675.jpg,D,0.2053,sam,1,1533.0,1440.0,1585.0,1463.0
data/frames/D/000675.jpg,D,0.2043,sam,1,770.0,641.0,895.0,737.0
data/frames/D/000675.jpg,D,0.1997,sam,1,1600.0,844.0,1731.0,883.0
data/frames/D/000675.jpg,D,0.1983,sam,1,846.0,1206.0,932.0,1246.0
data/frames/D/000675.jpg,D,0.1977,sam,1,2028.0,1457.0,2098.0,1516.0
data/frames/D/000675.jpg,D,0.1974,sam,1,699.0,1153.0,825.0,1263.0
data/frames/D/000675.jpg,D,0.1964,sam,1,900.0,1798.0,1011.0,1886.0
data/frames/D/000675.jpg,D,0.1935,sam,1,263.0,596.0,332.0,627.0
data/frames/D/000675.jpg,D,0.1881,sam,1,649.0,1101.0,688.0,1136.0
data/frames/D/000675.jpg,D,0.1846,sam,1,3419.0,474.0,3512.0,528.0
data/frames/D/000675.jpg,D,0.1809,sam,1,2630.0,941.0,2729.0,998.0
data/frames/D/000675.jpg,D,0.1801,sam,1,1789.0,941.0,1821.0,970.0
data/frames/D/000675.jpg,D,0.1781,sam,1,1096.0,1243.0,1170.0,1276.0
data/frames/D/000675.jpg,D,0.1737,sam,1,1517.0,944.0,1550.0,963.0
data/frames/D/000675.jpg,D,0.1729,sam,1,978.0,160.0,1050.0,260.0
data/frames/D/000675.jpg,D,0.1728,sam,1,3539.0,419.0,3640.0,473.0
data/frames/D/000675.jpg,D,0.1698,sam,1,663.0,1366.0,709.0,1410.0
data/frames/D/000675.jpg,D,0.1694,sam,1,2364.0,758.0,2419.0,792.0
data/frames/D/000675.jpg,D,0.1690,sam,1,2589.0,779.0,2716.0,838.0
data/frames/D/000675.jpg,D,0.1677,sam,1,3289.0,518.0,3388.0,576.0
data/frames/D/000675.jpg,D,0.1636,sam,1,2846.0,940.0,2939.0,992.0
data/frames/D/000675.jpg,D,0.1627,sam,1,658.0,2060.0,749.0,2158.0
data/frames/D/000675.jpg,D,0.1624,sam,1,688.0,1109.0,740.0,1176.0
data/frames/D/000675.jpg,D,0.1614,sam,1,927.0,1544.0,966.0,1566.0
data/frames/D/000675.jpg,D,0.1611,sam,1,2881.0,798.0,2921.0,825.0
data/frames/D/000675.jpg,D,0.1607,sam,1,694.0,1153.0,827.0,1298.0
data/frames/D/000675.jpg,D,0.1603,sam,1,2387.0,852.0,2465.0,897.0
data/frames/D/000675.jpg,D,0.1582,sam,1,2687.0,1031.0,2779.0,1093.0
data/frames/D/000675.jpg,D,0.1581,sam,1,1163.0,1521.0,1200.0,1562.0
data/frames/D/000675.jpg,D,0.1580,sam,1,2174.0,794.0,2216.0,832.0
data/frames/D/000675.jpg,D,0.1568,sam,1,3264.0,944.0,3293.0,967.0
data/frames/D/000675.jpg,D,0.1538,sam,1,3071.0,1403.0,3108.0,1438.0
data/frames/D/000675.jpg,D,0.1535,sam,1,1163.0,1539.0,1231.0,1564.0
data/frames/D/000675.jpg,D,0.1524,sam,1,1298.0,1020.0,1339.0,1036.0
data/frames/D/000675.jpg,D,0.1516,sam,1,626.0,291.0,685.0,335.0
data/frames/D/000675.jpg,D,0.2635,merged,2,1877.0,1476.0,1946.0,1500.0
data/frames/D/000675.jpg,D,0.2144,merged,2,2743.0,838.0,3056.0,970.0
data/frames/D/000675.jpg,D,0.1841,merged,2,2003.0,915.0,2079.0,942.0
data/frames/D/000675.jpg,D,0.3325,merged,3,1880.0,826.0,2072.0,906.0
data/frames/D/000675.jpg,D,0.2692,merged,4,3053.0,764.0,3342.0,923.0
data/frames/D/000690.jpg,D,0.3861,sam,1,3040.0,1688.0,3130.0,1764.0
data/frames/D/000690.jpg,D,0.3826,sam,1,1091.0,948.0,1192.0,1010.0
data/frames/D/000690.jpg,D,0.3401,sam,1,3012.0,1570.0,3067.0,1617.0
data/frames/D/000690.jpg,D,0.3337,sam,1,2919.0,1181.0,2954.0,1225.0
data/frames/D/000690.jpg,D,0.3131,sam,1,2926.0,1088.0,2971.0,1131.0
data/frames/D/000690.jpg,D,0.2999,sam,1,3138.0,1530.0,3223.0,1615.0
data/frames/D/000690.jpg,D,0.2884,sam,1,3718.0,695.0,3840.0,752.0
data/frames/D/000690.jpg,D,0.2862,sam,1,643.0,1656.0,738.0,1724.0
data/frames/D/000690.jpg,D,0.2746,sam,1,1783.0,1065.0,1819.0,1095.0
data/frames/D/000690.jpg,D,0.2727,sam,1,1817.0,1122.0,1852.0,1141.0
data/frames/D/000690.jpg,D,0.2554,sam,1,3287.0,718.0,3390.0,772.0
data/frames/D/000690.jpg,D,0.2482,sam,1,725.0,1152.0,849.0,1258.0
data/frames/D/000690.jpg,D,0.2481,sam,1,3162.0,767.0,3267.0,821.0
data/frames/D/000690.jpg,D,0.2471,sam,1,2478.0,1368.0,2590.0,1433.0
data/frames/D/000690.jpg,D,0.2433,sam,1,3612.0,92.0,3704.0,163.0
data/frames/D/000690.jpg,D,0.2363,sam,1,1668.0,1113.0,1707.0,1135.0
data/frames/D/000690.jpg,D,0.2331,sam,1,3456.0,81.0,3540.0,142.0
data/frames/D/000690.jpg,D,0.2312,sam,1,66.0,432.0,104.0,456.0
data/frames/D/000690.jpg,D,0.2244,sam,1,3488.0,512.0,3579.0,570.0
data/frames/D/000690.jpg,D,0.2197,sam,1,2766.0,773.0,2859.0,836.0
data/frames/D/000690.jpg,D,0.2195,sam,1,666.0,1101.0,708.0,1137.0
data/frames/D/000690.jpg,D,0.2142,sam,1,3081.0,1502.0,3124.0,1537.0
data/frames/D/000690.jpg,D,0.2137,sam,1,3006.0,627.0,3085.0,678.0
data/frames/D/000690.jpg,D,0.2114,sam,1,842.0,1205.0,952.0,1310.0
data/frames/D/000690.jpg,D,0.2109,sam,1,3019.0,679.0,3121.0,739.0
data/frames/D/000690.jpg,D,0.2105,sam,1,2888.0,729.0,2987.0,790.0
data/frames/D/000690.jpg,D,0.2086,sam,1,2621.0,942.0,2719.0,999.0
data/frames/D/000690.jpg,D,0.2071,sam,1,1205.0,1197.0,1305.0,1253.0
data/frames/D/000690.jpg,D,0.2068,sam,1,1047.0,1592.0,1095.0,1617.0
data/frames/D/000690.jpg,D,0.2065,sam,1,3343.0,555.0,3454.0,619.0
data/frames/D/000690.jpg,D,0.2058,sam,1,1109.0,1244.0,1141.0,1270.0
data/frames/D/000690.jpg,D,0.2037,sam,1,858.0,1205.0,943.0,1244.0
data/frames/D/000690.jpg,D,0.2035,sam,1,1668.0,1113.0,1728.0,1136.0
data/frames/D/000690.jpg,D,0.2029,sam,1,3516.0,430.0,3616.0,483.0
data/frames/D/000690.jpg,D,0.2009,sam,1,2288.0,1619.0,2332.0,1666.0
data/frames/D/000690.jpg,D,0.2007,sam,1,1415.0,1464.0,1452.0,1487.0
data/frames/D/000690.jpg,D,0.1994,sam,1,1584.0,953.0,1613.0,972.0
data/frames/D/000690.jpg,D,0.1990,sam,1,3226.0,622.0,3319.0,674.0
data/frames/D/000690.jpg,D,0.1882,sam,1,828.0,1579.0,864.0,1600.0
data/frames/D/000690.jpg,D,0.1865,sam,1,2832.0,941.0,2925.0,995.0
data/frames/D/000690.jpg,D,0.1807,sam,1,3278.0,177.0,3369.0,247.0
data/frames/D/000690.jpg,D,0.1785,sam,1,1124.0,1663.0,1157.0,1686.0
data/frames/D/000690.jpg,D,0.1774,sam,1,3310.0,2138.0,3350.0,2160.0
data/frames/D/000690.jpg,D,0.1772,sam,1,2961.0,1958.0,3034.0,2029.0
data/frames/D/000690.jpg,D,0.1763,sam,1,2032.0,919.0,2079.0,944.0
data/frames/D/000690.jpg,D,0.1732,sam,1,392.0,669.0,457.0,697.0
data/frames/D/000690.jpg,D,0.1727,sam,1,680.0,1362.0,725.0,1406.0
data/frames/D/000690.jpg,D,0.1706,sam,1,1061.0,1674.0,1193.0,1806.0
data/frames/D/000690.jpg,D,0.1700,sam,1,2579.0,784.0,2707.0,843.0
data/frames/D/000690.jpg,D,0.1678,sam,1,2720.0,744.0,2804.0,789.0
data/frames/D/000690.jpg,D,0.1660,sam,1,640.0,1881.0,707.0,1920.0
data/frames/D/000690.jpg,D,0.1649,sam,1,3091.0,1444.0,3125.0,1476.0
data/frames/D/000690.jpg,D,0.1594,sam,1,681.0,2052.0,765.0,2140.0
data/frames/D/000690.jpg,D,0.1590,sam,1,1604.0,848.0,1735.0,888.0
data/frames/D/000690.jpg,D,0.1582,sam,1,2536.0,1461.0,2626.0,1521.0
data/frames/D/000690.jpg,D,0.1555,sam,1,786.0,645.0,901.0,739.0
data/frames/D/000690.jpg,D,0.1533,sam,1,3398.0,483.0,3486.0,537.0
data/frames/D/000690.jpg,D,0.1525,sam,1,383.0,2069.0,422.0,2098.0
data/frames/D/000690.jpg,D,0.1513,sam,1,700.0,1112.0,757.0,1174.0
data/frames/D/000690.jpg,D,0.1510,sam,1,2733.0,986.0,2834.0,1029.0
data/frames/D/000690.jpg,D,0.3296,merged,2,1809.0,1459.0,1880.0,1484.0
data/frames/D/000690.jpg,D,0.2449,merged,2,3039.0,789.0,3322.0,927.0
data/frames/D/000690.jpg,D,0.2196,merged,2,2729.0,840.0,3037.0,973.0
data/frames/D/000690.jpg,D,0.2940,merged,3,1881.0,830.0,2071.0,910.0
data/frames/D/000690.jpg,D,0.1627,merged,2,2486.0,272.0,2610.0,539.0
data/frames/D/000705.jpg,D,0.3455,sam,1,1206.0,988.0,1307.0,1046.0
data/frames/D/000705.jpg,D,0.3416,sam,1,1958.0,1165.0,2017.0,1187.0
data/frames/D/000705.jpg,D,0.3236,sam,1,3138.0,1761.0,3226.0,1837.0
data/frames/D/000705.jpg,D,0.3045,sam,1,2910.0,1237.0,2953.0,1281.0
data/frames/D/000705.jpg,D,0.2955,sam,1,1315.0,947.0,1382.0,975.0
data/frames/D/000705.jpg,D,0.2910,sam,1,178.0,496.0,211.0,519.0
data/frames/D/000705.jpg,D,0.2856,sam,1,3586.0,737.0,3710.0,794.0
data/frames/D/000705.jpg,D,0.2618,sam,1,2562.0,1402.0,2669.0,1469.0
data/frames/D/000705.jpg,D,0.2553,sam,1,1312.0,1492.0,1383.0,1519.0
data/frames/D/000705.jpg,D,0.2539,sam,1,3126.0,1569.0,3259.0,1658.0
data/frames/D/000705.jpg,D,0.2529,sam,1,1075.0,1711.0,1203.0,1798.0
data/frames/D/000705.jpg,D,0.2526,sam,1,3592.0,103.0,3682.0,176.0
data/frames/D/000705.jpg,D,0.2440,sam,1,571.0,1693.0,704.0,1760.0
data/frames/D/000705.jpg,D,0.2429,sam,1,1791.0,1141.0,1838.0,1162.0
data/frames/D/000705.jpg,D,0.2391,sam,1,58.0,469.0,97.0,494.0
data/frames/D/000705.jpg,D,0.2353,sam,1,1958.0,1165.0,1990.0,1186.0
data/frames/D/000705.jpg,D,0.2347,sam,1,2876.0,732.0,2974.0,791.0
data/frames/D/000705.jpg,D,0.2333,sam,1,3094.0,1632.0,3148.0,1681.0
data/frames/D/000705.jpg,D,0.2310,sam,1,1209.0,1195.0,1309.0,1254.0
data/frames/D/000705.jpg,D,0.2288,sam,1,2754.0,777.0,2844.0,838.0
data/frames/D/000705.jpg,D,0.2269,sam,1,1609.0,853.0,1715.0,890.0
data/frames/D/000705.jpg,D,0.2238,sam,1,692.0,2042.0,778.0,2129.0
data/frames/D/000705.jpg,D,0.2202,sam,1,3172.0,1576.0,3258.0,1658.0
data/frames/D/000705.jpg,D,0.2189,sam,1,3006.0,685.0,3105.0,745.0
data/frames/D/000705.jpg,D,0.2188,sam,1,3268.0,723.0,3371.0,780.0
data/frames/D/000705.jpg,D,0.2156,sam,1,1739.0,1451.0,1786.0,1475.0
data/frames/D/000705.jpg,D,0.2119,sam,1,2895.0,1150.0,2931.0,1194.0
data/frames/D/000705.jpg,D,0.2112,sam,1,2948.0,1949.0,3021.0,2021.0
data/frames/D/000705.jpg,D,0.2069,sam,1,851.0,1205.0,963.0,1307.0
data/frames/D/000705.jpg,D,0.2058,sam,1,927.0,1787.0,1034.0,1868.0
data/frames/D/000705.jpg,D,0.2022,sam,1,2993.0,635.0,3071.0,682.0
data/frames/D/000705.jpg,D,0.2013,sam,1,867.0,1205.0,955.0,1240.0
data/frames/D/000705.jpg,D,0.1924,sam,1,3436.0,92.0,3521.0,159.0
data/frames/D/000705.jpg,D,0.1874,sam,1,467.0,578.0,537.0,613.0
data/frames/D/000705.jpg,D,0.1859,sam,1,3203.0,2051.0,3262.0,2102.0
data/frames/D/000705.jpg,D,0.1814,sam,1,1645.0,963.0,1675.0,981.0
data/frames/D/000705.jpg,D,0.1804,sam,1,3209.0,626.0,3304.0,680.0
data/frames/D/000705.jpg,D,0.1798,sam,1,1785.0,1066.0,1819.0,1095.0
data/frames/D/000705.jpg,D,0.1780,sam,1,679.0,1102.0,721.0,1138.0
data/frames/D/000705.jpg,D,0.1731,sam,1,2571.0,787.0,2696.0,846.0
data/frames/D/000705.jpg,D,0.1730,sam,1,2611.0,945.0,2711.0,1000.0
data/frames/D/000705.jpg,D,0.1708,sam,1,2031.0,918.0,2079.0,948.0
data/frames/D/000705.jpg,D,0.1698,sam,1,3325.0,561.0,3436.0,626.0
data/frames/D/000705.jpg,D,0.1688,sam,1,1791.0,1141.0,1853.0,1163.0
data/frames/D/000705.jpg,D,0.1663,sam,1,2821.0,944.0,2913.0,995.0
data/frames/D/000705.jpg,D,0.1661,sam,1,515.0,733.0,565.0,762.0
data/frames/D/000705.jpg,D,0.1641,sam,1,278.0,2135.0,329.0,2160.0
data/frames/D/000705.jpg,D,0.1628,sam,1,752.0,1153.0,865.0,1241.0
data/frames/D/000705.jpg,D,0.1618,sam,1,2532.0,1459.0,2616.0,1515.0
data/frames/D/000705.jpg,D,0.1584,sam,1,2603.0,921.0,2682.0,960.0
data/frames/D/000705.jpg,D,0.1568,sam,1,1875.0,1836.0,1943.0,1928.0
data/frames/D/000705.jpg,D,0.1565,sam,1,727.0,1619.0,762.0,1643.0
data/frames/D/000705.jpg,D,0.1564,sam,1,3639.0,592.0,3684.0,620.0
data/frames/D/000705.jpg,D,0.1562,sam,1,3467.0,518.0,3558.0,576.0
data/frames/D/000705.jpg,D,0.1557,sam,1,477.0,524.0,503.0,540.0
data/frames/D/000705.jpg,D,0.1544,sam,1,725.0,1152.0,870.0,1293.0
data/frames/D/000705.jpg,D,0.1535,sam,1,2895.0,1160.0,2924.0,1194.0
data/frames/D/000705.jpg,D,0.1525,sam,1,2024.0,1448.0,2091.0,1507.0
data/frames/D/000705.jpg,D,0.1523,sam,1,3379.0,490.0,3471.0,543.0
data/frames/D/000705.jpg,D,0.2255,merged,2,2720.0,843.0,3026.0,974.0
data/frames/D/000705.jpg,D,0.2281,merged,3,3024.0,771.0,3323.0,929.0
data/frames/D/000705.jpg,D,0.2192,merged,3,1881.0,835.0,2069.0,911.0
data/frames/D/000705.jpg,D,0.1833,merged,2,2475.0,278.0,2602.0,545.0
data/frames/D/000720.jpg,D,0.3776,sam,1,1317.0,1023.0,1414.0,1080.0
data/frames/D/000720.jpg,D,0.3436,sam,1,491.0,1735.0,584.0,1802.0
data/frames/D/000720.jpg,D,0.3293,sam,1,3225.0,1626.0,3309.0,1710.0
data/frames/D/000720.jpg,D,0.3193,sam,1,2642.0,1440.0,2748.0,1511.0
data/frames/D/000720.jpg,D,0.3130,sam,1,3241.0,1839.0,3331.0,1918.0
data/frames/D/000720.jpg,D,0.2921,sam,1,2933.0,1298.0,2976.0,1338.0
data/frames/D/000720.jpg,D,0.2777,sam,1,2895.0,1212.0,2932.0,1255.0
data/frames/D/000720.jpg,D,0.2704,sam,1,1078.0,1707.0,1205.0,1793.0
data/frames/D/000720.jpg,D,0.2508,sam,1,3103.0,1973.0,3162.0,2024.0
data/frames/D/000720.jpg,D,0.2506,sam,1,283.0,553.0,317.0,575.0
data/frames/D/000720.jpg,D,0.2457,sam,1,2872.0,736.0,2967.0,794.0
data/frames/D/000720.jpg,D,0.2392,sam,1,930.0,1780.0,1037.0,1866.0
data/frames/D/000720.jpg,D,0.2370,sam,1,628.0,794.0,680.0,823.0
data/frames/D/000720.jpg,D,0.2361,sam,1,3261.0,727.0,3362.0,783.0
data/frames/D/000720.jpg,D,0.2332,sam,1,2751.0,780.0,2838.0,841.0
data/frames/D/000720.jpg,D,0.2319,sam,1,3181.0,1700.0,3238.0,1750.0
data/frames/D/000720.jpg,D,0.2204,sam,1,3430.0,99.0,3512.0,158.0
data/frames/D/000720.jpg,D,0.2117,sam,1,3475.0,775.0,3599.0,832.0
data/frames/D/000720.jpg,D,0.2108,sam,1,3002.0,687.0,3099.0,747.0
data/frames/D/000720.jpg,D,0.2067,sam,1,2530.0,1462.0,2614.0,1515.0
data/frames/D/000720.jpg,D,0.2043,sam,1,1785.0,1067.0,1820.0,1096.0
data/frames/D/000720.jpg,D,0.2036,sam,1,2024.0,1447.0,2091.0,1505.0
data/frames/D/000720.jpg,D,0.2032,sam,1,2944.0,1946.0,3016.0,2017.0
data/frames/D/000720.jpg,D,0.1998,sam,1,2097.0,1211.0,2135.0,1234.0
data/frames/D/000720.jpg,D,0.1984,sam,1,1668.0,1455.0,1719.0,1478.0
data/frames/D/000720.jpg,D,0.1965,sam,1,1444.0,988.0,1494.0,1015.0
data/frames/D/000720.jpg,D,0.1963,sam,1,1213.0,1196.0,1310.0,1255.0
data/frames/D/000720.jpg,D,0.1908,sam,1,3584.0,109.0,3673.0,179.0
data/frames/D/000720.jpg,D,0.1894,sam,1,735.0,2039.0,782.0,2095.0
data/frames/D/000720.jpg,D,0.1893,sam,1,701.0,1361.0,744.0,1402.0
data/frames/D/000720.jpg,D,0.1890,sam,1,2990.0,637.0,3065.0,684.0
data/frames/D/000720.jpg,D,0.1870,sam,1,2029.0,919.0,2076.0,949.0
data/frames/D/000720.jpg,D,0.1859,sam,1,2607.0,946.0,2708.0,1002.0
data/frames/D/000720.jpg,D,0.1849,sam,1,609.0,673.0,655.0,703.0
data/frames/D/000720.jpg,D,0.1836,sam,1,2506.0,1582.0,2541.0,1612.0
data/frames/D/000720.jpg,D,0.1830,sam,1,3147.0,1534.0,3190.0,1567.0
data/frames/D/000720.jpg,D,0.1822,sam,1,151.0,536.0,189.0,558.0
data/frames/D/000720.jpg,D,0.1810,sam,1,803.0,1729.0,871.0,1753.0
data/frames/D/000720.jpg,D,0.1807,sam,1,1035.0,493.0,1166.0,593.0
data/frames/D/000720.jpg,D,0.1773,sam,1,1611.0,855.0,1717.0,891.0
data/frames/D/000720.jpg,D,0.1767,sam,1,3459.0,522.0,3551.0,580.0
data/frames/D/000720.jpg,D,0.1764,sam,1,721.0,1114.0,773.0,1176.0
data/frames/D/000720.jpg,D,0.1764,sam,1,1876.0,1834.0,1943.0,1925.0
data/frames/D/000720.jpg,D,0.1754,sam,1,3264.0,192.0,3343.0,265.0
data/frames/D/000720.jpg,D,0.1728,sam,1,1067.0,1669.0,1205.0,1792.0
data/frames/D/000720.jpg,D,0.1723,sam,1,684.0,1104.0,728.0,1138.0
data/frames/D/000720.jpg,D,0.1715,sam,1,1920.0,1175.0,1955.0,1191.0
data/frames/D/000720.jpg,D,0.1715,sam,1,3204.0,627.0,3302.0,683.0
data/frames/D/000720.jpg,D,0.1705,sam,1,2570.0,789.0,2692.0,847.0
data/frames/D/000720.jpg,D,0.1701,sam,1,1823.0,1628.0,1873.0,1712.0
data/frames/D/000720.jpg,D,0.1692,sam,1,2816.0,946.0,2910.0,997.0
data/frames/D/000720.jpg,D,0.1687,sam,1,2346.0,770.0,2401.0,808.0
data/frames/D/000720.jpg,D,0.1673,sam,1,3372.0,495.0,3461.0,546.0
data/frames/D/000720.jpg,D,0.1643,sam,1,617.0,1667.0,655.0,1691.0
data/frames/D/000720.jpg,D,0.1641,sam,1,3490.0,439.0,3584.0,493.0
data/frames/D/000720.jpg,D,0.1630,sam,1,2705.0,751.0,2787.0,794.0
data/frames/D/000720.jpg,D,0.1618,sam,1,3319.0,564.0,3429.0,628.0
data/frames/D/000720.jpg,D,0.1601,sam,1,1444.0,973.0,1499.0,1015.0
data/frames/D/000720.jpg,D,0.1578,sam,1,701.0,2040.0,782.0,2125.0
data/frames/D/000720.jpg,D,0.1544,sam,1,537.0,565.0,577.0,588.0
data/frames/D/000720.jpg,D,0.2488,merged,2,2530.0,343.0,2600.0,549.0
data/frames/D/000720.jpg,D,0.2209,merged,2,2718.0,845.0,3021.0,976.0
data/frames/D/000720.jpg,D,0.2265,merged,3,1881.0,837.0,2067.0,912.0
data/frames/D/000720.jpg,D,0.2475,merged,4,3018.0,773.0,3358.0,931.0
data/frames/D/000720.jpg,D,0.2517,merged,5,730.0,1155.0,1057.0,1308.0
